업소명,카테고리,메뉴명,가격,설명,대표메뉴,이미지URL
더벤티 시흥배곧한라점,젠레스 존 제로,퍼플뱅쇼스파클링,4700,달콤한 청포도 풍미의 뱅쇼와 상큼한 과일들이 어우러진 퍼플 뱅쇼 스파클링(무알콜 에이드 음료),,http://imagefarm.baemin.com/smartmenuimage/upload/image/2026/7/2/cm5ihTc2KsF8aMgag-dubRpOOjoyrm4XZgjf2cpGbEESlceBwUsi7zk2Q8vjihzfjPYg1_94OiGYyP-8xNEkGRXpn7uC_sQ4v8GkX9ZkZNw=.jpg
더벤티 시흥배곧한라점,젠레스 존 제로,(아이스)우베흑임자폼라떼,4700,"선명한 보랏빛 컬러에 부드러운 단맛, 바닐라 풍미와 고소한 흑임자폼이 어우러진 우베 흑임자폼 라떼",,http://imagefarm.baemin.com/smartmenuimage/upload/image/2026/7/2/jz_VEzy-Esz8jJcqYGVVS0gFtEChrzWMb7PC6Da1t3BZt9ud0CJFgjwlr3XM4QvyHbMISAbyDK51q_4Z43B7TPmNFF2dcrsojtlqYDa8_RY=.jpg
더벤티 시흥배곧한라점,젠레스 존 제로,(핫)우베흑임자폼라떼,4700,"선명한 보랏빛 컬러에 부드러운 단맛, 바닐라 풍미와 고소한 흑임자폼이 어우러진 우베 흑임자폼 라떼",,http://imagefarm.baemin.com/smartmenuimage/upload/image/2026/7/2/hEzEZZcMgQoGoPdBNLaKxdwNjCHIMP26gUMrLmcW24qlFFHm0SkDZvKKOTAqaiurvvYQ7qUR2Wb2ui36z3rKi4VX7T44mIZHwC5Fd6U3hu0=.jpg
더벤티 시흥배곧한라점,신메뉴,체리레드불부스트,4800,체리의 새콤달콤함과 레드불의 강렬한 탄산감이 어우러진 에너지 드링크,,http://imagefarm.baemin.com/smartmenuimage/upload/image/2026/6/2/6_rcZiMTUuxjNESJyBXJ1gmy1Kr61UdBg9EaKALuIO2lxi6AQCYEXZvFSuVEqmVvGEimd9LQNzXqxanKe5aJLR0OgEr61W2rS-yugTC1Pgk=.jpg
더벤티 시흥배곧한라점,신메뉴,청포도레드불부스트,4800,청포도의 달콤함과 레드불의 강렬한 탄산감이 어우러진 에너지 드링크,,http://imagefarm.baemin.com/smartmenuimage/upload/image/2026/6/2/Z43PfkY-hF2SBmZnHlJAVFfW1SUJOcNGjvk64JZ9ZoSJkev42R_4AcFgtFUNa8uzC4_9TqnCOuQSXivPRu-A4XCtxwtdsnuQBxZs6fiokFM=.jpg
더벤티 시흥배곧한라점,신메뉴,레인보우레드불스무디,5000,"레인보우 과일의 상큼함에 레드불의 에너지를 더한, 활력 충전 스무디",,http://imagefarm.baemin.com/smartmenuimage/upload/image/2026/6/2/QZC4AcWFz-qBS9W1FgfZL2d62pqMVZ1hxRud8eLOR7Z3mL8mUuuNWJ5b1Y36jtC-jQ9sGtnakioxrK1ImuPBUaYLyCE-w0ZRuHb1OOSaVUc=.jpg
더벤티 시흥배곧한라점,시즌,수박주스라지,4000,달콤하고 진한 풍미의 수박을 시원하게 즐길 수 있는 수박주스,,http://imagefarm.baemin.com/smartmenuimage/upload/image/2026/4/15/8nf5OyFE9WzucJraT6dXVuPaUmgK8ut13FAMfmDPVPHIqbiaixbCQKW4JPvCqMebU1ZgvZvYv6kES6TAFCTwHSCSDK8j3iRP-4McVrNgrjU=.jpg
더벤티 시흥배곧한라점,시즌,수박주스점보,6200,달콤하고 진한 풍미의 수박을 시원하게 즐길 수 있는 수박주스,,http://imagefarm.baemin.com/smartmenuimage/upload/image/2026/4/15/TI-aqpNActrvC4jjdx4IUPZ7SuiOpygGJtAdunj6vanHrHSjInc-ShzBuWPjmMgtur-5DSlMX_Ey0ZNkwxbZ0chZeXitz5lmKNRgDI_eLj8=.jpg
더벤티 시흥배곧한라점,시즌,수박파인스무디라지,4400,수박의 시원함과 파인애플의 상큼하고 달콤한 맛이 어우러진 스무디,,http://imagefarm.baemin.com/smartmenuimage/upload/image/2026/4/15/198LtpxdrjOLPW43360gmOg6lBk1jQaGQWCoxvXwdo7qvyIs2MiVVMdKtS3RKNLMAFuqzBSBF4AmT43SDgqo6IzPDaZzcAhJT8UPsuune6Q=.jpg
더벤티 시흥배곧한라점,시즌,망고주스,4200,진한 망고의 달콤함과 상큼함을 담은 망고주스,,http://imagefarm.baemin.com/smartmenuimage/upload/image/2026/4/15/lz97c5uuNWy2Hy31-IDLt17oXHKK3DLiKeAlV2JI6fiDd1Uuthw55HlPQA-CwlWgC1IM6q3XOkTe51cOiIbjsswFM0XcAc3JajLAEhp0hSI=.jpg
더벤티 시흥배곧한라점,시즌,망고요거라떼라지,4600,달콤한 망고 라떼에 상큼한 요거트 아이스크림과 망고 다이스 토핑을 더한 망고요거라떼,,http://imagefarm.baemin.com/smartmenuimage/upload/image/2026/4/15/YVOsOFI28Hg-gZMj0qi5jlvFvRoUkYUIH2iexm6UtQppNZLIsux5r__1ne6M7WVnvfC4nJHOF4oM2F1N4rpjIOpf6bn5RTZNHnw5a9JhpQI=.jpg
더벤티 시흥배곧한라점,커피,(아이스)아메리카노,2500,더벤티의 깊고 진한 커피풍미를 느낄 수 있는 아이스 아메리카노,O,http://imagefarm.baemin.com/smartmenuimage/upload/image/2025/3/5/rrtawYI_FqcEcKHjoTxBJa-ibhJDZ1wkg72aSPpsALIQ7NSB5Zhc-JMdmZKT4laYX_xHFL5YuVFK5tuQpc62m6Gq9NAwhmiCn0tGKc8I9rg=.jpg
더벤티 시흥배곧한라점,커피,(핫)아메리카노,2000,더벤티의 깊고 진한 커피풍미를 느낄 수 있는 핫 아메리카노,,http://imagefarm.baemin.com/smartmenuimage/upload/image/2023/3/28/AtfkhxT7CSOiPMqJexZ99_R2QmAv421PZT8uEMIzOzgnuGgzk1CpvqXFW23nhR5kb9Y4QpYMfRtv3JNEiccdvhGSgOunzgnalWrWVObMmhM=.jpg
더벤티 시흥배곧한라점,커피,(아이스)카페라떼,3500,더벤티의 진한 에스프레소에 부드러운 우유가 어우러진 고소한 카페라떼,,http://imagefarm.baemin.com/smartmenuimage/upload/image/2023/3/28/qnyIoZOQ7WrKAmbXvX5AohxeGkOhf7GF7pVPA3sRpaG4z5oX742OuJ2VqXAcBIOdFjrD3LS2Z5BlZOPrCAULibU0a-LvE7bF-UK2UKdeD50=.jpg
더벤티 시흥배곧한라점,커피,(핫)카페라떼,3500,더벤티의 진한 에스프레소에 부드러운 우유가 어우러진 고소한 카페라떼,,http://imagefarm.baemin.com/smartmenuimage/upload/image/2023/3/28/LIX7GbqNWga7m0fxzcc1X73KKfJ9M3mFRKePa0-K-6wGD6ntAfCVaerphaBmXfenp7kPpLQ4pMTxU-aEGpmVy4BaYZCYwi5j5v6-w-IflIo=.jpg
더벤티 시흥배곧한라점,커피,(아이스)시그니처딥라떼,4300,깊고 더 고소한 더벤티만의 시그니처 베이스로 완성한 카페 라떼,O,http://imagefarm.baemin.com/smartmenuimage/upload/image/2026/5/29/OR6GbMz61RfXQinZB9GsEXotfY9LbiO47os4JjieFqsz9z_Iwte5Y8Kcp-EDwwoK6HjP3bwTqCIX6ykcG--SgNER0xjQKAs0vG5MwgNqPsE=.jpg
더벤티 시흥배곧한라점,커피,(핫)시그니처딥라떼,4300,깊고 더 고소한 더벤티만의 시그니처 베이스로 완성한 카페 라떼,,http://imagefarm.baemin.com/smartmenuimage/upload/image/2026/5/29/XD4p4w86W1j4NY-qnsHTWfvWN2XVe03GuhKsuxdJLXZY6WH360f6C8TG9mSTcxBMjx4PNBNE55Yy48YPZWV1NJNNvfo69q-uO6M-ZpYeuzA=.jpg
더벤티 시흥배곧한라점,커피,(아이스)오트카페라떼,4300,리치한 풍미의 귀리음료에 다크로스트 원두의 풍미가 어우러지는 오트카페라떼,,http://imagefarm.baemin.com/smartmenuimage/upload/image/2023/3/28/RgEGcSz07kSdRHpLyFxInn5utxYy-6hJxb2HgxH1hsrvuC9FFVbunsmwYhwCxCFiaDXymwILMUgrkGklI2QcSbpkfLaRQ8Y0TWA-esfQeE4=.jpg
더벤티 시흥배곧한라점,커피,(핫)오트카페라떼,4300,리치한 풍미의 귀리음료에 다크로스트 원두의 풍미가 어우러지는 오트카페라떼,,http://imagefarm.baemin.com/smartmenuimage/upload/image/2023/3/28/KI9Egvyj-gaqIKUszg3_93uvYfpzpYzWd6AC8kkvlrZlwgzpEblZyk8FlAvYQIwdiNbu1e4OJ4EW_RVl77Wp4ZSyACmOczMOGNVgUczTHMk=.jpg
더벤티 시흥배곧한라점,커피,(아이스)믹스커피,3000,원조 인스턴트 커피의 맛을 부드럽게 느낄 수 있는 더벤티만의 믹스커피,,http://imagefarm.baemin.com/smartmenuimage/upload/image/2023/3/28/75HbYUG1rS2-lQcWja1RDt_7h1AlNho4fsFT_20yAg1KCUvV8Jku0y5lx9JEEoJbvftrS1lR3UbKMHpPZWmwIHw7voOGAcXOD-_Z6l762Xo=.jpg
더벤티 시흥배곧한라점,커피,(핫)믹스커피,3000,원조 인스턴트 커피의 맛을 부드럽게 느낄 수 있는 더벤티만의 믹스커피,,http://imagefarm.baemin.com/smartmenuimage/upload/image/2023/3/28/6pGdVEYogbKnUIdPTalKPmJG5QPiHG-4UopxwmFVQiCx1EbLtX9CwI2A-Pwvi9t5VA6iSX1RHSAQHmZK384K2rvEwnwrFJuUOlLVyUva6Ps=.jpg
더벤티 시흥배곧한라점,커피,(아이스)바닐라딥라떼,4200,더벤티의 진한 에스프레소에 고급스러운 바닐라 풍미가 부드럽게 어우러진 바닐라딥라떼,O,http://imagefarm.baemin.com/smartmenuimage/upload/image/2023/3/28/j7UIZsL6Vt-anUch1WxpNLWvra-P2mrNzzEn67quKZhyUQhtsVm0hU3U4YcU8N8GZoSTQ9QARoAOx44aX7CMiK-HX1LCtKl3j2-PygctmTk=.jpg
더벤티 시흥배곧한라점,커피,(핫)바닐라딥라떼,4200,더벤티의 진한 에스프레소에 고급스러운 바닐라 풍미가 부드럽게 어우러진 바닐라딥라떼,,http://imagefarm.baemin.com/smartmenuimage/upload/image/2023/3/28/x3jKRflD00eGNsRYTObvdIEZpAOfOiKnZYuLFMl_fMhdwiw-LVLC9PWzfq1nIR9c9f7ysr7ZoKU3Kg7Jmm2KpFZE7djw9-biAvZVDA60Mh0=.jpg
더벤티 시흥배곧한라점,커피,(아이스)헤이즐넛딥라떼,4200,더벤티의 진한 에스프레소에 고소한 헤이즐넛 풍미가 감미롭게 어우러진 헤이즐넛딥라떼,,http://imagefarm.baemin.com/smartmenuimage/upload/image/2023/3/28/CW8anC9zXAy7Q7LFaYEWocRWU0T4knrUSpMjidgK1gaOQg9M5nd5tiZHtEKYJv7n7m-2OwsAZJc6WitzNXyQ-B5Om6OjmzSILd3-Lbb2FH4=.jpg
더벤티 시흥배곧한라점,커피,(핫)헤이즐넛딥라떼,4200,더벤티의 진한 에스프레소에 고소한 헤이즐넛 풍미가 감미롭게 어우러진 헤이즐넛딥라떼,,http://imagefarm.baemin.com/smartmenuimage/upload/image/2023/3/28/h1e8ey1MXshMEoSucirmEKOvMU-LRGXp-ALmakSvd8ewWZciXeDwCC4B23xV7OCBzFeOofarQI_ZpxsgKUw0FE08HnZ3MFtA_ZHuptgJGEA=.jpg
더벤티 시흥배곧한라점,커피,(아이스)코코넛라떼,4000,더벤티의 진한 에스프레소에 고소한 코코넛 풍미가 부드럽게 어우러진 코코넛라떼,,http://imagefarm.baemin.com/smartmenuimage/upload/image/2024/4/22/RJlICnwGcVyUZNHTErd0GryoCmDtqQkp8g-LgbRIwd8ypZm_OQiXMivKbaiGU9kZlVZWqEvtPq1J1GzR4V-kzOQ8e9NHiA9hxJvqfEaEcgA=.jpg
더벤티 시흥배곧한라점,커피,(핫)코코넛라떼,4000,더벤티의 진한 에스프레소에 고소한 코코넛 풍미가 부드럽게 어우러진 코코넛라떼,,http://imagefarm.baemin.com/smartmenuimage/upload/image/2024/4/22/11jg-0vg6Nmbr2GWtXa8jPuh_eXNtsBBbd0_la_lK7kSLYIsjAEHGd8woX6lYeE5LAju3lZ1gVZpU_U9lpN3oZbV9AKbDXdqVrqBWM88RjA=.jpg
더벤티 시흥배곧한라점,커피,(아이스)아인슈페너,4000,[음료 특성상 빨대는 제공되지 않습니다] 더벤티만의 특별한 레시피로 만든 크림을 얹어 부드럽고 달콤하게 마실 수 있는 아인슈페너 (하프벤티 사이즈),,http://imagefarm.baemin.com/smartmenuimage/upload/image/2023/3/28/zXYl0eyMOiRDMjOykNL7pPxKcvfSbaUPWPtGDjF-VpVvlbXh3ldv3WuYLh6HIOf7SyOE3YOVdHWPspTEMLDbLnuGk37rpXSpmlvEz8IKvgI=.jpg
더벤티 시흥배곧한라점,커피,(아이스)연유라떼,4000,더벤티의 진한 에스프레소에 달콤한 연유가 어우러진 부드러운 연유라떼,,http://imagefarm.baemin.com/smartmenuimage/upload/image/2023/3/28/hXYY5gzCM8mz0wKRVqrOgicvEhIpEgBQrg9sJKp75Dg2BxOL8dh2becPLVUBmQBlU2AlMYGKI1KaC6D_xWSOZqa_WJuhRMvvghluC5U_H7w=.jpg
더벤티 시흥배곧한라점,커피,(핫)연유라떼,4000,더벤티의 진한 에스프레소에 달콤한 연유가 어우러진 부드러운 연유라떼,,http://imagefarm.baemin.com/smartmenuimage/upload/image/2023/3/28/nN6MpKt8P6xvk0Y0Bb7v2vbu2_qrQJpeoh6XLf27EBhU6jg-3QBSMYAVe0g6GDuxmqzCFWf_5-Hn5hDO0boyoDnALPYwZlnxkD2XunJUEkA=.jpg
더벤티 시흥배곧한라점,커피,(아이스)카라멜마끼야또,4000,더벤티의 진한 에스프레소에 카라멜의 풍미가 어우러진 달콤한 카라멜 마끼야또,,http://imagefarm.baemin.com/smartmenuimage/upload/image/2023/3/28/k7mE1-FqI7gkzGowxhQW2_rkaZ5BID6Fe2Pz54Ew85LJV5QG8aH2-YWbKM-itbYyV48ZFeg751k9nCFJGXM04juDN9qu8WXSZyMp-H0XBok=.jpg
더벤티 시흥배곧한라점,커피,(핫)카라멜마끼야또,4000,더벤티의 진한 에스프레소에 카라멜의 풍미가 어우러진 달콤한 카라멜 마끼야또,,http://imagefarm.baemin.com/smartmenuimage/upload/image/2023/3/28/_NnZDD1L6Y6hz3oig1jllA8hyCEW7TY56H8d9Z3DIoPR5e-OzvQKL-fXb5IfjPIlE59vw9bkG5hiyAHk23qyegF0zy91HSSo5t9hJGIW_qU=.jpg
더벤티 시흥배곧한라점,커피,(아이스)카페모카,4000,더벤티의 진한 에스프레소에 달콤 쌉싸름한 초콜릿이 더해진 부드럽고 달콤한 카페모카,,http://imagefarm.baemin.com/smartmenuimage/upload/image/2023/3/28/ln16WQ5QInmblj5PxEX2MWpD_Bb9FIKPWHBwPwlieYbOdDBc0nnFICLcF_btaU-4SirUpIEoMN6jTAb4T9Nuc7b3aGAh8KhQxK-81f3DLjo=.jpg
더벤티 시흥배곧한라점,커피,(핫)카페모카,4000,더벤티의 진한 에스프레소에 달콤 쌉싸름한 초콜릿이 더해진 부드럽고 달콤한 카페모카,,http://imagefarm.baemin.com/smartmenuimage/upload/image/2023/3/28/6ir4ZBgE5HbRi8w8_Ml49Ag9Jn876xVZen3DyN3TJEC_y5IkU4T-P9v8xWAoulLfftfCuy-rs42XNIfQMegFojtMSpl86oe3mL2XH4Sjwv8=.jpg
더벤티 시흥배곧한라점,커피,(핫)토피넛라떼,4200,토피와 고소한 견과류의 풍미가 가득한 토피넛라떼,,http://imagefarm.baemin.com/smartmenuimage/upload/image/2025/10/17/huEMwgapRmfPuOBvP7ATmkSfihWk9j1uhtj1k1I77i1rL-tZIGqcVjWYwFSdzD6fgooegBYkhd-FG355QVRO-_vsAihMA_ZlisSCtLeEV0Y=.jpg
더벤티 시흥배곧한라점,커피,(아이스)토피넛라떼,4200,토피와 고소한 견과류의 풍미가 가득한 토피넛라떼,,http://imagefarm.baemin.com/smartmenuimage/upload/image/2025/10/17/l5OfxLHaU_B4k76K13ye2BE1bMI8O7sIDmmoxyxMF_oOjwynCwucQ6NgRZ0CX0-wrHGr7pD0maVeGSg3NP0mFXBhwRuHPV3ES2dSy8I39lU=.jpg
더벤티 시흥배곧한라점,커피,(아이스)오트초코카페라떼,4600,오트 베이스에 단백질 초코와 에스프레소를 더해 밸런스 있게 즐길 수 있는 카페라떼,,http://imagefarm.baemin.com/smartmenuimage/upload/image/2026/1/21/LAY-cJr7UvRHI2Vl3pcAR34MfKWkI7AAoBUp3RcD5AL6T0diaTaQNqOeQBAPZ6sOFjSRCOy8Kf_vNRYs2NHxzi9pmsipOuh8IF4Xuda61h8=.jpg
더벤티 시흥배곧한라점,커피,(핫)오트초코카페라떼,4600,오트 베이스에 단백질 초코와 에스프레소를 더해 밸런스 있게 즐길 수 있는 카페라떼,,http://imagefarm.baemin.com/smartmenuimage/upload/image/2026/1/21/TMoYNCR24b9ylftVZuzGtTbjKxKe3y5MZ_a0KjkUp8uNf8ns-TGTsmwNYpA5r_KmO3R9fWCHn4oEGoUPWoxwmzt4T2iqac8p8tD94Y-O5Gw=.jpg
더벤티 시흥배곧한라점,커피,아샷추,4000,진한 홍차와 달콤한 복숭아에 더벤티의 진한 에스프레소가 어우러진 아샷추,,http://imagefarm.baemin.com/smartmenuimage/upload/image/2026/5/8/jkX76IN9ubjAXt8KEpAk2S2WamtbB7R9a5QSO-l0RsWBVm-XQbL5uL6c8nmWwgr8UW24gaKWPNkqnUSjU0PHtHEQdo81NIiYxg6KXCWAatI=.jpg
더벤티 시흥배곧한라점,커피,레샷추,4500,달콤한 꿀과 상큼한 레몬에 더벤티의 진한 에스프레소가 어우러진 레샷추,,http://imagefarm.baemin.com/smartmenuimage/upload/image/2026/5/8/ANYY265usGx86ZvvNzXQKAJbIGLJkE2Q1r0QPVh6X-aFcv1BwrcZ22CmxbdCQozhbr5F5MY6J40zmoyhlRhbdZKyzRfehuTHM1vzoeGKb_w=.jpg
더벤티 시흥배곧한라점,커피,콜드브루,4200,더벤티만의 저온 고농도 추출로 깔끔한 맛과 부드러운 풍미가 특징인 더벤티만의 콜드브루,,http://imagefarm.baemin.com/smartmenuimage/upload/image/2023/3/28/UbsCbZUAlJo7JjHC4Hdfd9Nw5eyRElkG8iXFRI09ez3QFwehE4YFvVgubLQlC3wumMOcWjoj2LhsVkiu2dBigZHDPMEiP1uX48rCGm94wsE=.jpg
더벤티 시흥배곧한라점,커피,콜드브루라떼,4700,더벤티만의 저온 고농도 추출로 깔끔한 맛과 부드러운 우유가 어우러진 고소한 더벤티만의 콜드브루 라떼,,http://imagefarm.baemin.com/smartmenuimage/upload/image/2023/3/28/ggpEL9GaQjVngtBBopq-PFfGnP-QfohxBqVETrD_x_fppGqmLtFJEnnyZuaflPD-80oQLZcMH8Gr5K_9r_V5jzUzN-PMsYGS8IUB1Y3Q_ew=.jpg
더벤티 시흥배곧한라점,커피,바닐라크림콜드브루,4900,바닐라 크림의 달콤함과 부드러움이 더해져 깔끔하게 즐기는 콜드브루 [크림은 완전히 섞어서 제공되므로 이미지와 다를 수 있습니다],,http://imagefarm.baemin.com/smartmenuimage/upload/image/2023/3/28/-q4zYswTiGoLV6_NUaYP8IdQEDeDb999BmV9eganJ6INR_qITFKwpfMfnuGQBb56EXcSfKC8bMhPS1VYoXHksigssZPbPAagltkkjcd9veU=.jpg
더벤티 시흥배곧한라점,커피,헤이즐넛크림콜드브루,4900,헤이즐넛 크림의 고소함과 부드러움이 더해져 깔끔하게 즐기는 콜드브루 [크림은 완전히 섞어서 제공되므로 이미지와 다를 수 있습니다],,http://imagefarm.baemin.com/smartmenuimage/upload/image/2023/3/28/siCPBtXjGaffEHqPrGyITVW7Im4dt4isXMLzZ55cLrEQfooO3VCcJlJHcbJTafpYY4pX8BLJbGqtp03SbWRBY527-Y4p08L0sgtvYVL-9GE=.jpg
더벤티 시흥배곧한라점,디카페인,디카페인 (아이스)아메리카노,3500,더벤티의 깊고 진한 커피풍미를 느낄 수 있는 아메리카노,,http://imagefarm.baemin.com/smartmenuimage/upload/image/2025/3/24/HXQmouktkd8VWJf16yPvfFlXgmSzv16m5aXjTaJ3YvaeBnXDrXQhl5iEwyorGR35l6Mkn4lF-O_oTXG85ZoNVes9DQ_iK9CSspNnQ6nWBt4=.jpg
더벤티 시흥배곧한라점,디카페인,디카페인 (핫)아메리카노,3000,더벤티의 깊고 진한 커피풍미를 느낄 수 있는 아메리카노,,http://imagefarm.baemin.com/smartmenuimage/upload/image/2025/3/24/A1-iveXd3J3RoETEdswmqT43wEwchNR5EbSqNnVbk__IFPmYq2Qnkx8Bm_Ezk8Xtir4bLMuTqA2ZdPHfAZgtLUS6cGFlKGPvIsKDfJAqMkw=.jpg
더벤티 시흥배곧한라점,디카페인,디카페인 (아이스)카페라떼,4500,더벤티의 진한 에스프레소에 부드러운 우유가 어우러진 고소한 카페라떼,,http://imagefarm.baemin.com/smartmenuimage/upload/image/2025/3/24/uGL8jIFvFdBqk7ZIwDhEwExrGBGFiHfPoJZZcNoIHpLgZXZoGyP00ZR1VMe-SGDa1GBeEc6G1PEsdzeHBbVy3TGw8lF-bc3JhWn3tRD-ABo=.jpg
더벤티 시흥배곧한라점,디카페인,디카페인 (핫)카페라떼,4500,더벤티의 진한 에스프레소에 부드러운 우유가 어우러진 고소한 카페라떼,,http://imagefarm.baemin.com/smartmenuimage/upload/image/2025/3/24/y8jt3NlR94dXUJJIkeHLWS9UR292pVemB7d-3wkP-BeOKM6kb_ko-7EixLXRpbYAa3geMwuybP_BstB3rjCHzj1n_A8Xls4vjn599toBUOM=.jpg
더벤티 시흥배곧한라점,디카페인,디카페인 (아이스)오트카페라떼,5300,리치한 풍미의 귀리음료에 디카페인 원두의 풍미가 어우러지는 오트카페라떼,,http://imagefarm.baemin.com/smartmenuimage/upload/image/2025/3/24/ISAO5To1BlfQKP16EMXJfW4oDX2CnhbFRd6W6f4Apg77ZMmvN4LEMOUaTh5PZVfXR1lPmmAfJJ6Y5UmFRM5t3sossLc1pa3e-Zo8N0Dc0aI=.jpg
더벤티 시흥배곧한라점,디카페인,디카페인 (핫)오트카페라떼,5300,리치한 풍미의 귀리음료에 디카페인 원두의 풍미가 어우러지는 오트카페라떼,,http://imagefarm.baemin.com/smartmenuimage/upload/image/2025/3/24/EDgUhItyi2dD7VLu4pEs8Nggfg7kjooqNvzblbQzBV5b76fkFySCv121AbBFePV-p6-Da_q36KAwhYjtPbv_Vd-kI0DYomVAZwCteSsIW3M=.jpg
더벤티 시흥배곧한라점,디카페인,디카페인 (아이스)바닐라딥라떼,5200,더벤티의 진한 에스프레소에 고급스러운 바닐라 풍미가 부드럽게 어우러진 바닐라딥라떼,,http://imagefarm.baemin.com/smartmenuimage/upload/image/2025/3/24/OMDtWiMY_cNrAl0goLAF_J4zVAdxnJA8QZywc8N5uWdUGkqf7Qju4a0z_qKVmATxvrAoVi80n5S6r3glg1Xh-j644m1n1QD6LZoqASzOXBY=.jpg
더벤티 시흥배곧한라점,디카페인,디카페인 (핫)바닐라딥라떼,5200,더벤티의 진한 에스프레소에 고급스러운 바닐라 풍미가 부드럽게 어우러진 바닐라딥라떼,,http://imagefarm.baemin.com/smartmenuimage/upload/image/2025/3/24/oRDgTCFWrDr4_4tz3W7idB4jT5kZd_w7FuQfpPThGpRGAOowBlbNn9SO0Vgt2SQSWeGXG5IGSDDi_FMLr5XAkOli98S2pGiVsjeD51H5bFE=.jpg
더벤티 시흥배곧한라점,디카페인,디카페인 (아이스)헤이즐넛딥라떼,5200,더벤티의 진한 에스프레소에 고소한 헤이즐넛 풍미가 감미롭게 어우러진 헤이즐넛딥라떼,,http://imagefarm.baemin.com/smartmenuimage/upload/image/2025/3/24/_KuR0ucta4OZBr0jYAefZy13qRwxZvbicdkbQh2urYPnWlfk1qoRR0NC0JQIStfD5DBHbuhNDRlyYiM3023qlNdXeuQtJy1XAGB38m0-9mU=.jpg
더벤티 시흥배곧한라점,디카페인,디카페인 (핫)헤이즐넛딥라떼,5200,더벤티의 진한 에스프레소에 고소한 헤이즐넛 풍미가 감미롭게 어우러진 헤이즐넛딥라떼,,http://imagefarm.baemin.com/smartmenuimage/upload/image/2025/3/24/pY07YpOOHCIvJCN2AM2DyW1GvV1PEM8-LIkbIH5uU-TC7EWhxDZWBGaXs-fKo2Tvh4MxTZ_eOs5bdrKNj-0KYDBH7q1wCYDSvltaLVRvEI0=.jpg
더벤티 시흥배곧한라점,디카페인,디카페인 (아이스)코코넛라떼,5000,더벤티의 진한 에스프레소에 고소한 코코넛 풍미가 부드럽게 어우러진 코코넛라떼,,http://imagefarm.baemin.com/smartmenuimage/upload/image/2025/3/24/e-MuIyH-gkNceSvWD4oO6JU2DTubCoksFMVo1iZC_lFf-ZtChlZcb3zHh3q-rhZexgnQy0lC45CGS6fGKy9S_Si4Gq8NxTMbw3smn9x04a4=.jpg
더벤티 시흥배곧한라점,디카페인,디카페인 (핫)코코넛라떼,5000,더벤티의 진한 에스프레소에 고소한 코코넛 풍미가 부드럽게 어우러진 코코넛라떼,,http://imagefarm.baemin.com/smartmenuimage/upload/image/2025/3/24/JTkv3_iYWsDXjKmeeeBhp1VkAAGB7rSTYoKNSqyrjgi-3yNx6BRZySSpF_PGzSPq0cEQy8bmuz4PFZPLZdMYHW5QoFT4hEqZrrXiTyhxsPc=.jpg
더벤티 시흥배곧한라점,디카페인,디카페인 (아이스)연유라떼,5000,더벤티의 진한 에스프레소에 달콤한 연유가 어우러진 부드러운 연유라떼,,http://imagefarm.baemin.com/smartmenuimage/upload/image/2025/3/24/DmN0-SOfK2MTPxt83J2fdSUpvTltw321Y6T4swB7euCY6dMtaZ6i0jL2Ahai2vUnDYpFBxYkf4oMcQPKjt2Gldu64Yj26mN3gaK3ViAU_Us=.jpg
더벤티 시흥배곧한라점,디카페인,디카페인 (핫)연유라떼,5000,더벤티의 진한 에스프레소에 달콤한 연유가 어우러진 부드러운 연유라떼,,http://imagefarm.baemin.com/smartmenuimage/upload/image/2025/3/24/E45y2Ev89DwjD3dnJx9hf_q60JyRr4ztBBWetix_jBHSF5OJfBFJEaDGO6j3HIRq2dJaMeFlBIuyqRUD1l2WoLWJQHZCGmW0JzmdbEy4kuI=.jpg
더벤티 시흥배곧한라점,디카페인,디카페인 (아이스)시그니처딥라떼,5300,깊고 더 고소한 더벤티만의 시그니처 베이스로 완성한 카페 라떼,,http://imagefarm.baemin.com/smartmenuimage/upload/image/2026/5/29/L5WK1u_E6cH-xnRlJ0lOJCpGYCyVq7a4_0P1FzPh_NE_Gu3A1cSl4fwTRNeZMX532yQRWLx7ZagABkD5XNaeeRVKIlgadxn1Aa7D5D3Ia8Y=.jpg
더벤티 시흥배곧한라점,디카페인,디카페인 (핫)시그니처딥라떼,5300,깊고 더 고소한 더벤티만의 시그니처 베이스로 완성한 카페 라떼,,http://imagefarm.baemin.com/smartmenuimage/upload/image/2026/5/29/N8V0Nj5D-ll-69FXXur54q6X3WxGgQxBP48lCb8TMRImcpNAIUgFfBgGY6nIbrbnB8djsOnxj_9_x43RW7WhoN1tk1CuYQm9n8vWiQlSZ2Y=.jpg
더벤티 시흥배곧한라점,디카페인,디카페인 (아이스)카라멜마끼아또,5000,더벤티의 진한 에스프레소에 카라멜의 풍미가 어우러진 달콤한 카라멜 마끼야또,,http://imagefarm.baemin.com/smartmenuimage/upload/image/2025/3/24/xN-zBPuutnTQ3NHjWsq6R-s_SypRbU_E1A0SIsrBDLj9VJ8qpFSvneWK3wKAkirYMF49QvTR70BdlissRrC6LLUg5t9uvC7BtNtHFASgPVQ=.jpg
더벤티 시흥배곧한라점,디카페인,디카페인 (핫)카라멜마끼아또,5000,더벤티의 진한 에스프레소에 카라멜의 풍미가 어우러진 달콤한 카라멜 마끼야또,,http://imagefarm.baemin.com/smartmenuimage/upload/image/2025/3/24/_6R0MFBQH9Sz10ievsDKYIiXis9jnpJ6k_ox-ClhiB7-jSgtJA8MAmH3dA0vtMH5PjN4ZbId4SV_OFjzKN0BilTsO_qEf9gwNvg4dXSNqZ0=.jpg
더벤티 시흥배곧한라점,디카페인,디카페인 (아이스)카페모카,5000,더벤티의 진한 에스프레소에 달콤 쌉싸름한 초콜릿이 더해진 부드럽고 달콤한 카페모카,,http://imagefarm.baemin.com/smartmenuimage/upload/image/2025/3/24/-2ZxIVVyajdb1_XZG5_LldT5MjOh5aWuk-ZXDyLVpxv5NEP5yyWxDRxb2bHEICT_Yvsf3py_vzWa_Faz31158Kq3hcMpufFdLMAMvPFdWX4=.jpg
더벤티 시흥배곧한라점,디카페인,디카페인(핫)카페모카,5000,더벤티의 진한 에스프레소에 달콤 쌉싸름한 초콜릿이 더해진 부드럽고 달콤한 카페모카,,http://imagefarm.baemin.com/smartmenuimage/upload/image/2025/3/24/xZ4pSWmVEj3NOlwTzuvGepqmy0JHHP2bbmGqMNPXyxDsvGA_tYSMgBiWjGDXceyTyohG845Qz-t_CqID3YHO4Yrvziqi5aB8ItukXoeF3ec=.jpg
더벤티 시흥배곧한라점,디카페인,디카페인(아이스)아인슈페너,5000,[음료 특성상 빨대는 제공되지 않습니다] 더벤티만의 특별한 레시피로 만든 크림을 얹어 부드럽고 달콤하게 마실 수 있는 아인슈페너 (하프벤티 사이즈),,http://imagefarm.baemin.com/smartmenuimage/upload/image/2025/3/24/-ac6iR34XISW6w7ng0oBklHNquXqtCYWXwZ1RvZqfa9eS4eEn4ko05IuQO95nDdh2tINbEq2YqXC974eXmG4u76XA5Q58G2jorKZ_2EiLqE=.jpg
더벤티 시흥배곧한라점,디카페인,디카페인 아샷추,4500,진한 홍차와 달콤한 복숭아에 더벤티의 진한 에스프레소가 어우러진 아샷추,,http://imagefarm.baemin.com/smartmenuimage/upload/image/2026/5/8/ekRUeu6lIBU5nm7qL73MfXEbe4iHLaJj6sdQEhwW4RR95tjDbAaF7DsL2WrmkPbCgDKzyTyU1QOk6ydZE1sPUAq4o-ke8cPYAvi8PRhBrTY=.jpg
더벤티 시흥배곧한라점,디카페인,디카페인 레샷추,5000,달콤한 꿀과 상큼한 레몬에 더벤티의 진한 에스프레소가 어우러진 레샷추,,http://imagefarm.baemin.com/smartmenuimage/upload/image/2026/5/8/F4MgaoTphSUodzJ6LQsSUfqJzpSwf8biyQE1aoY49kitt4hys-JvxnQwhYhwCtNmt1B40kOmJ-gh64PtRAUXdPNeWN5RXB_j9InrkqJtQyA=.jpg
더벤티 시흥배곧한라점,디카페인,디카페인 에스프레소쉐이크,5400,부드러운 밀크쉐이크와 진한 에스프레소가 만나 더욱 풍성하게 즐길 수 있는 디카페인 에스프레소쉐이크,,http://imagefarm.baemin.com/smartmenuimage/upload/image/2025/5/14/Ld18ZRO0YnrPGh7fE-8jEIL21GPT4xn9Z5sYYhwkWnko8r2BdhyH6jxGfn_uh0IdxdTamNngNIh_QbPfkFRPkKXLRMTwpgbrQwDP5YWhUEs=.jpg
더벤티 시흥배곧한라점,저당 메뉴,(아이스)저당 바닐라딥라떼,4200,더벤티의 진한 에스프레소에 고급스러운 바닐라 풍미가 부드럽게 어우러진 바닐라딥라떼(저당) (당알코올(에리스리톨) 함유 제품으로 과량 섭취 시 개인에 따라 복통 및 설사를 일으킬 수 있으니 민감하신 분은 주의해 주시기 바랍니다.,,http://imagefarm.baemin.com/smartmenuimage/upload/image/2024/5/29/l8uw-2abajK3kr0sOSiEdntGv_7W9ANnA2pv2Vp8rmWfy3UOiXsl4XjpM3337TBwhopGEjjDymFMJyMHWg75L8gNTzUrbkW1qe3WD927cXA=.jpg
더벤티 시흥배곧한라점,저당 메뉴,(핫)저당 바닐라딥라떼,4200,더벤티의 진한 에스프레소에 고급스러운 바닐라 풍미가 부드럽게 어우러진 바닐라딥라떼(저당) (당알코올(에리스리톨) 함유 제품으로 과량 섭취 시 개인에 따라 복통 및 설사를 일으킬 수 있으니 민감하신 분은 주의해 주시기 바랍니다.,,http://imagefarm.baemin.com/smartmenuimage/upload/image/2024/5/29/Zsy7mu0s4grx_a-_uS83Uk04GBnBmKhw_nV06XD5_7AXf1uj5j7GxOZlVBpYyvceXGY8jWne7D_FGd0U7JEYqBjzdMlmZglhUBtmUAM6X-M=.jpg
더벤티 시흥배곧한라점,저당 메뉴,(아이스)저당 믹스커피,3000,원조 인스턴트 커피의 맛을 부드럽게 느낄 수 있는 더벤티의 믹스커피(저당) (당알코올(에리스리톨) 함유 제품으로 과량 섭취 시 개인에 따라 복통 및 설사를 일으킬 수 있으니 민감하신 분은 주의해 주시기 바랍니다.,,http://imagefarm.baemin.com/smartmenuimage/upload/image/2024/5/29/3b_HS2WG-ppm0DqGqVTmaEE9AomLuwDC_lAIVtSBgxANpsuOiU-eYyxPI009EP4ia8M3KCIWCj19e093PSemPLk6pe4I2IBOId1G5lusq_E=.jpg
더벤티 시흥배곧한라점,저당 메뉴,(핫)저당 믹스커피,3000,원조 인스턴트 커피의 맛을 부드럽게 느낄 수 있는 더벤티의 믹스커피(저당) (당알코올(에리스리톨) 함유 제품으로 과량 섭취 시 개인에 따라 복통 및 설사를 일으킬 수 있으니 민감하신 분은 주의해 주시기 바랍니다.,,http://imagefarm.baemin.com/smartmenuimage/upload/image/2024/5/29/CJLqEf_D12Pvu43GuXfL2YX7WLYo-QDXUSAnDhn-zZT_UGtOdCxQ-7mAT-osrXPNqJxBQslPmF1FGSfeNC0gbPGC1J4ssfmScjmXDG6rbjs=.jpg
더벤티 시흥배곧한라점,저당 메뉴,(아이스)저당 코코넛라떼,4000,더벤티의 진한 에스프레소에 고소한 코코넛 풍미가 부드럽게 어우러진 코코넛라떼(저당) (당알코올(에리스리톨) 함유 제품으로 과량 섭취 시 개인에 따라 복통 및 설사를 일으킬 수 있으니 민감하신 분은 주의해 주시기 바랍니다.,,http://imagefarm.baemin.com/smartmenuimage/upload/image/2024/5/29/FHyy1ZBSlUoct7DlKz-_CZjVFynypVz1yXOGnuKcZYDsM9DHIIU2POQwu_LYJ2FtMcMiM3QG67jp9NBciKuUNZCC2I6eeHbHuhH_qNgPhGg=.jpg
더벤티 시흥배곧한라점,저당 메뉴,(핫)저당 코코넛라떼,4000,더벤티의 진한 에스프레소에 고소한 코코넛 풍미가 부드럽게 어우러진 코코넛라떼(저당) (당알코올(에리스리톨) 함유 제품으로 과량 섭취 시 개인에 따라 복통 및 설사를 일으킬 수 있으니 민감하신 분은 주의해 주시기 바랍니다.,,http://imagefarm.baemin.com/smartmenuimage/upload/image/2024/5/29/rQDs1QPBn8m_q-criqF9b1lrpn2kbo2EHPdgP68oi30CbxlI-HR_AN1_b-GpeLyCe6etbE7h0A8A7D3nnOjAojfeYxicr_8QOvYzukQPh2s=.jpg
더벤티 시흥배곧한라점,저당 메뉴,(아이스)저당 카페모카,4000,더벤티의 진한 에스프레소에 달콤 쌉싸름한 초콜릿이 더해진 부드럽고 달콤한 카페모카(저당/휘핑은 제외됩니다.) (당알코올(에리스리톨) 함유 제품으로 과량 섭취 시 개인에 따라 복통 및 설사를 일으킬 수 있으니 민감하신 분은 주의해 주시기 바랍니다.,,http://imagefarm.baemin.com/smartmenuimage/upload/image/2024/5/29/JYD_PhvSThGNE6nNcM18hVbRXk2RCNpv4X2MNLsNAFwD7B6P9lFKtvICOzrptV1hruUbjDurJgXnvmKuPUaYL3UlBH5Rve3f09_RYJ7wkTA=.jpg
더벤티 시흥배곧한라점,저당 메뉴,(핫)저당 카페모카,4000,더벤티의 진한 에스프레소에 달콤 쌉싸름한 초콜릿이 더해진 부드럽고 달콤한 카페모카(저당/휘핑은 제외됩니다.) (당알코올(에리스리톨) 함유 제품으로 과량 섭취 시 개인에 따라 복통 및 설사를 일으킬 수 있으니 민감하신 분은 주의해 주시기 바랍니다.,,http://imagefarm.baemin.com/smartmenuimage/upload/image/2024/5/29/7-1uH2TDYfalWLti79oBKNTxDooGXIv-lWSFA3IQV1dPQGL46ttRYnoMAqfQjdfDPUuwtYlVjvOFrUdrfEyK0x8gRWSi1tQu8diyYBLGxVs=.jpg
더벤티 시흥배곧한라점,저당 메뉴,(아이스)저당 초코라떼,4000,진하고 풍부한 초콜릿과 부드러운 우유가 어우러진 달콤한 초코라떼(저당/휘핑은 제외됩니다.) (당알코올(에리스리톨) 함유 제품으로 과량 섭취 시 개인에 따라 복통 및 설사를 일으킬 수 있으니 민감하신 분은 주의해 주시기 바랍니다.,,http://imagefarm.baemin.com/smartmenuimage/upload/image/2024/5/29/tYMY7sxPOaY8DG0UApQvV2yBh5vlZxErkYnH9Xv5MUWF-dJ7ni2o5wjAZISu8mWO6HEGqyxb4tpQ4jZ4g_ryHQcF2zq1NnwadjyvGdaxy84=.jpg
더벤티 시흥배곧한라점,저당 메뉴,(핫)저당 초코라떼,4000,진하고 풍부한 초콜릿과 부드러운 우유가 어우러진 달콤한 초코라떼(저당/휘핑은 제외됩니다.) (당알코올(에리스리톨) 함유 제품으로 과량 섭취 시 개인에 따라 복통 및 설사를 일으킬 수 있으니 민감하신 분은 주의해 주시기 바랍니다.,,http://imagefarm.baemin.com/smartmenuimage/upload/image/2024/5/29/9sAtp8S7gCSsSlyRTZskshU0lHgkgzVpWTkNNVhmNt2Dn953OxSL7Jgvm05rDf68ofykg7MH66bMgRJX6pBZCQQ8u1VbT0dl8cbZFkJvjNs=.jpg
더벤티 시흥배곧한라점,저당 메뉴,(아이스)저당 말차라떼,4000,보성 말차와 부드러운 우유가 어우러진 깔끔하고 쌉싸름한 말차라떼(저당) (당알코올(에리스리톨) 함유 제품으로 과량 섭취 시 개인에 따라 복통 및 설사를 일으킬 수 있으니 민감하신 분은 주의해 주시기 바랍니다.,,http://imagefarm.baemin.com/smartmenuimage/upload/image/2024/5/29/c5b3NFWODfXC1Hpgdv_FzC0MyIC9WWu61qcdpyE7ZfFTPzCABdQ8hWNuLC2TIgYJZhf2HK1LGXgafO2PTg2HoJvYF1jkvkmmN_gdJK7kTVs=.jpg
더벤티 시흥배곧한라점,저당 메뉴,(핫)저당 말차라떼,4000,보성 말차와 부드러운 우유가 어우러진 깔끔하고 쌉싸름한 말차라떼(저당) (당알코올(에리스리톨) 함유 제품으로 과량 섭취 시 개인에 따라 복통 및 설사를 일으킬 수 있으니 민감하신 분은 주의해 주시기 바랍니다.,,http://imagefarm.baemin.com/smartmenuimage/upload/image/2024/5/29/QwrYDWgE6mj1-AeI2VEtfF3nCr9hMPzn3lNcmcIjuXmxjRC7rRzVc_XrkEzGdtME-GZajliPZxKW2Xf21toV6uy6q_CKmlNpwqFx-QjtyAo=.jpg
더벤티 시흥배곧한라점,저당 메뉴,(아이스)저당 미숫가루라떼,4000,식사대용으로 든든하게 즐길 수 있는 고소한 미숫가루 라떼 (저당) (당알코올(에리스리톨) 함유 제품으로 과량 섭취 시 개인에 따라 복통 및 설사를 일으킬 수 있으니 민감하신 분은 주의해 주시기 바랍니다.,,http://imagefarm.baemin.com/smartmenuimage/upload/image/2026/5/29/hmLNnGJiIdiB0mxA0ycOSZSlGGmL7CADL4ZQ3IFYqkBNpt2WMLx88yenw0veefmw1RKEwdJ0mh---1Lg7AWfbRSo3AuOVfCY0Y9_7D0UFrQ=.jpg
더벤티 시흥배곧한라점,저당 메뉴,(핫)저당 미숫가루라떼,4000,식사대용으로 든든하게 즐길 수 있는 고소한 미숫가루 라떼 (저당) (당알코올(에리스리톨) 함유 제품으로 과량 섭취 시 개인에 따라 복통 및 설사를 일으킬 수 있으니 민감하신 분은 주의해 주시기 바랍니다.,,http://imagefarm.baemin.com/smartmenuimage/upload/image/2026/5/29/w2Ves2RSanj_kZZzxnb7aoFWVQBiIeUXhIq42IjoU6j_4EwDNNHkfV27iIL9z9oukEOrPrLezQiaqNZp0lv5EDMXy3_Ee8ce5iAsomkETp8=.jpg
더벤티 시흥배곧한라점,저당 메뉴,저당 코코넛커피프라페,5000,고소한 코코넛과 콜드브루가 블렌딩되어 가볍고 부드럽게 즐기는 프라페(저당) (당알코올(에리스리톨) 함유 제품으로 과량 섭취 시 개인에 따라 복통 및 설사를 일으킬 수 있으니 민감하신 분은 주의해 주시기 바랍니다.,,http://imagefarm.baemin.com/smartmenuimage/upload/image/2024/5/29/b3MFdzCGDT8tIPcrVC_t1dLT3W8Edfc21xjnC2Coft7XemmXHrwhU9W8aTCyrfJyVhqhIQPEhIZyFAzphTMdmkIc96hsw4W7gcpPYGLzbbI=.jpg
더벤티 시흥배곧한라점,저당 메뉴,저당 플레인요거트스무디,4400,새콤달콤한 요거트의 맛이 그대로 전해지는 더벤티의 스페셜한 플레인 요거트스무디(저당) (당알코올(에리스리톨) 함유 제품으로 과량 섭취 시 개인에 따라 복통 및 설사를 일으킬 수 있으니 민감하신 분은 주의해 주시기 바랍니다.,,http://imagefarm.baemin.com/smartmenuimage/upload/image/2024/5/29/w0cVWNFweo3TRq0XkmhldBDLs1A60_fG8kxeffjFYDP6VzkfAzLfWtP39ymFGspIjRuR1CSzTSrsanlCK5KZb7mImeUnDj2L19x-SwSAZLA=.jpg
더벤티 시흥배곧한라점,저당 메뉴,저당 딸기요거트스무디,4400,부드러운 플레인요거트에 달콤한 딸기과육을 듬뿍 담은 딸기 요거트스무디  (저당) (당알코올(에리스리톨) 함유 제품으로 과량 섭취 시 개인에 따라 복통 및 설사를 일으킬 수 있으니 민감하신 분은 주의해 주시기 바랍니다.,,http://imagefarm.baemin.com/smartmenuimage/upload/image/2024/5/29/bQJ6BfUy_G_wSX0ExcyQ9yGSWWg7T80IGmnzaijRBDRhEvIx-SZWEgIBkcbLjTiHnCT_F5uiqX9KlUR_bAWrW6rYIqSxb_CJVHVNdcqUfow=.jpg
더벤티 시흥배곧한라점,저당 메뉴,저당 블루베리요거트스무디,4400,부드러운 플레인요거트에 상큼한 블루베리과육을 듬뿍 담은 블루베리 요거트스무디 (저당) (당알코올(에리스리톨) 함유 제품으로 과량 섭취 시 개인에 따라 복통 및 설사를 일으킬 수 있으니 민감하신 분은 주의해 주시기 바랍니다.,,http://imagefarm.baemin.com/smartmenuimage/upload/image/2024/5/29/PbMw0cq-Y-bzhbRnzCJi99M2GJcjFNqt-q1ryzuGjcCvlaCuthMqmXtM5glJq5haC6EYZOaAlu5EhtG-smfBtnINqjE4bz1rgi0Vu0HnQHs=.jpg
더벤티 시흥배곧한라점,저당 메뉴,저당 복숭아요거트스무디,4400,요거트 스무디에 달콤한 복숭아 리플잼을 넣은 스무디 (저당) (당알코올(에리스리톨) 함유 제품으로 과량 섭취 시 개인에 따라 복통 및 설사를 일으킬 수 있으니 민감하신 분은 주의해 주시기 바랍니다.,,http://imagefarm.baemin.com/smartmenuimage/upload/image/2026/5/29/iM6w-utCmmKVXYL13niBBik4NQxtArRjBJA4QgC3ERpErosUQZyt3U6ujQKNfeHtDYhn9QErwYo4_wYttrz0uC9TiGmk9E6xwcyEJWaWVCQ=.jpg
더벤티 시흥배곧한라점,저당 메뉴,저당 망고요거트스무디,4400,부드러운 플레인 요거트에 달콤한 망고과육을 듬뿍 담은 망고요거트스무디(저당) (당알코올(에리스리톨) 함유 제품으로 과량 섭취 시 개인에 따라 복통 및 설사를 일으킬 수 있으니 민감하신 분은 주의해 주시기 바랍니다.,,http://imagefarm.baemin.com/smartmenuimage/upload/image/2024/5/29/A8s85pyARCwPY6jtWy9U8NrIZ8I_4vmPp4IZAcwqewHnNugF7BAsqyeqR6THqGUu0oOiBeJHkM6SME0BI3ElclOwvpwmpkvDNNoLCCrXLxw=.jpg
더벤티 시흥배곧한라점,라떼&버블티,(아이스)로얄밀크티,4000,최적의 비율로 블렌딩한 홍차와 우유가 만나 깊고 풍부한 맛과 향을 담은 밀크티,,http://imagefarm.baemin.com/smartmenuimage/upload/image/2023/3/28/xLL2rL5UCp1l5vG2HNF-JTWGl2DNI0jMjgdka4k4SC7vEG3WCm8IcwKWGE-hu-rGBZva73gEc2k_oplsu9KF1rEpX1VsiW-7kpto5p1LQeg=.jpg
더벤티 시흥배곧한라점,라떼&버블티,(핫)로얄밀크티,4000,최적의 비율로 블렌딩한 홍차와 우유가 만나 깊고 풍부한 맛과 향을 담은 밀크티,,http://imagefarm.baemin.com/smartmenuimage/upload/image/2023/3/28/eRQe2PAJUnspCeIXEaQB1ArCiuLHg3TjrWsAanACNi3uc06jOml5TdKB1C4xbxit94F9Pn1WKnShvnzNiXPMa5DLsV0kzkC8cl8d_ulOoyw=.jpg
더벤티 시흥배곧한라점,라떼&버블티,(아이스)초코라떼,4000,진하고 풍부한 초콜릿과 부드러운 우유가 어우러진 달콤한 초코라떼,,http://imagefarm.baemin.com/smartmenuimage/upload/image/2026/5/29/rwq5l8EueBkWs1Cf6CMUq3i6Hjy_rIy8-LeK_vhTFffkZvd6yFj_9KcdW70EvQ4ojG7ZRYx4FmxssuJ87xfq0qFRpbpMRHJzwr-TlblGCiU=.jpg
더벤티 시흥배곧한라점,라떼&버블티,(핫)초코라떼,4000,진하고 풍부한 초콜릿과 부드러운 우유가 어우러진 달콤한 초코라떼,,http://imagefarm.baemin.com/smartmenuimage/upload/image/2026/5/29/byGJ-kijFJG094f9S4U7pPQvgNYJ4m2-4PD_SfH2WZTCfJZD3Djiu2AY7Ncu-FDHduySvi1jBfehhohOkPcE_Cha-wDR_yuZUWivFybus4I=.jpg
더벤티 시흥배곧한라점,라떼&버블티,(아이스)멜팅초코,4400,진한 초콜릿 크림이 크리미한 우유와 어우러져 달콤하고 부드럽게 즐기는 더벤티 시그니쳐 멜팅초코,,http://imagefarm.baemin.com/smartmenuimage/upload/image/2024/9/11/H8hEvbajWqC0X2gR0i_9OgQ1ZsaGCzF8B-18P8C44NY33WEYRWdJleQxIvFJzjVnSsmbirjXxkccgwhhYn7C4OYHrXELoYHzSlHnCY-maM4=.jpg
더벤티 시흥배곧한라점,라떼&버블티,딸기라떼,4000,딸기과육이 듬뿍 들어간 딸기청에 부드러운 우유가 어우러진 새콤달콤 딸기라떼,,http://imagefarm.baemin.com/smartmenuimage/upload/image/2023/3/28/InMaoTQN_77ulHy3GK4dCkg1czg4PfUqOJXAeD8CzRPUeJr6nfzTaDNl2dOClMOWRpCm4u7Dn9DG6Gm6_cv1LJ_dlB4z0cPIRiDDOyH3OCc=.jpg
더벤티 시흥배곧한라점,라떼&버블티,딸기 연유라떼,4800,딸기 라떼에 달콤한 연유와 바닐라 아이스크림이 더해져 더욱 부드럽게 즐기는 딸기 연유 라떼,,http://imagefarm.baemin.com/smartmenuimage/upload/image/2024/12/11/yTPMiV0P8uaDUvhfE6A5V3gedUQjh-xP5nVKcJWqSkVWPBm4aICtWSyV11M3Sf9tpSfh-fPX-7G-mtMAyZVSSQOq8EqbZ9ghYjy78iax1YU=.jpg
더벤티 시흥배곧한라점,라떼&버블티,(아이스)미숫가루라떼,4000,식사대용으로 든든하게 즐길 수 있는 고소한 미숫가루 라떼,,http://imagefarm.baemin.com/smartmenuimage/upload/image/2026/5/29/6Kwf0o1KyQHz_-p7eroKjlr7E6k2V8httVEUorH48JLIE4NYnU5jtjJDEYWGG0h5Xt2cdEwm6i6cXXYiDTQU3f9iLH3usltRMK5nOm2Qk8c=.jpg
더벤티 시흥배곧한라점,라떼&버블티,(핫)미숫가루라떼,4000,식사대용으로 든든하게 즐길 수 있는 고소한 미숫가루 라떼,,http://imagefarm.baemin.com/smartmenuimage/upload/image/2026/5/29/TF4zEIISF-KNfqxRdduhwjUa5HOAVz-MTH3osgdFF5hqxRZkL103wuLdL057QJ5v26fCfDy2hAdkRqbhmdxvjUGvNf9SC5Jx1YV2bBAbJCI=.jpg
더벤티 시흥배곧한라점,라떼&버블티,(아이스)더쌍화라떼,4300,"진한 쌍화와 부드러운 우유가 어우러진, 대추의 달콤함과 생강 계피의 향이 돋보이는 라떼",,http://imagefarm.baemin.com/smartmenuimage/upload/image/2025/12/30/Go4dpWXjlCzaxgIupsXShNWy5BPn6aDmaAyyvQzDKcxqFvvv9y26g8ViqV20Ok3JruEneBCig0j-__kHYtgLuxQNlOrRQT9IrKPdpqdURbU=.jpg
더벤티 시흥배곧한라점,라떼&버블티,(핫)더쌍화라떼,4300,"진한 쌍화와 부드러운 우유가 어우러진, 대추의 달콤함과 생강 계피의 향이 돋보이는 라떼",,http://imagefarm.baemin.com/smartmenuimage/upload/image/2025/12/30/z4k9ZkZT4joLSoJKIdduHUHheqiIArvyMomfUmuLQTlkU-ZuMKWvpBsgy2Mx55lLJvswe5W-ldqhe5FE2PC0ijJRgh5l87FJgn_oBCGEnV0=.jpg
더벤티 시흥배곧한라점,라떼&버블티,(아이스)우베퍼플라떼,4300,"선명한 보랏빛 컬러에 부드러운 우베의 바닐라 풍미, 우베 휘핑크림을 올린 라떼",,http://imagefarm.baemin.com/smartmenuimage/upload/image/2026/5/29/mDIa0GFiGLrr87740pO3h6YF6_MLVImQmdyFgQJ_iOB7t5Hh2m__kn5DCWA0934Ie88rzECp18VQeHrJaWRCQ44A6HrZfJ1vd_adjSHsRSw=.jpg
더벤티 시흥배곧한라점,라떼&버블티,(핫)우베퍼플라떼,4300,"선명한 보랏빛 컬러에 부드러운 우베의 바닐라 풍미, 우베 휘핑크림을 올린 라떼",,http://imagefarm.baemin.com/smartmenuimage/upload/image/2026/5/29/PFRUt0p1468bMhtEbdUfLGVLMPw0d_9DGxmSpHjqDEbVTLf8gCujlCLQKkWGpd6bugqD5w1rpf9RomNDkQTTWS4yubYisiTd0LKYmf7wF5E=.jpg
더벤티 시흥배곧한라점,라떼&버블티,타로버블티,4400,고소하고 달콤한 맛의 타로에 쫄깃쫄깃한 타피오카 펄을 가득 담은 타로버블티,,http://imagefarm.baemin.com/smartmenuimage/upload/image/2023/3/28/1IiJbeoOgFLErLW8UkjSDlZ2z5cKviSj8H2Qnosh-JpBT0WkpBaMuck_fjYlqIPDyI_6XaWT04AlPXi8khMoSizeg_t6k0WGpQzj5zXjBqo=.jpg
더벤티 시흥배곧한라점,라떼&버블티,흑설탕버블티,4400,최상급 비정제사탕수수당 모리셔스 흑당에 쫄깃쫄깃한 타피오카 펄을 가득 담은 흑설탕버블티,,http://imagefarm.baemin.com/smartmenuimage/upload/image/2023/3/28/uTclg_viGK3ADmPKe7SKjFvBLOj1ti9PF8_IpI2rjnKTkpBVf1xbdWTQPxv_Av5Ju0UZuEziJQphl7HhS1vfktM3BlTw2DBHpNjeyLL_z-w=.jpg
더벤티 시흥배곧한라점,에이드&주스,애플과채주스,4800,"사과, 딸기, 비트, 레몬, 당근을 듬뿍 담아 새콤하고 건강하게 즐기는 과채주스",,http://imagefarm.baemin.com/smartmenuimage/upload/image/2023/3/28/KCSNzVMXyJ6TSh17ahFbi6fjALqWJgA6IUfeOseYnSMc0XnfqYW3gLsCc7Itf7_97QGrb2SkkAAgF2dpuGkYovTLS3RleW4hPUvKZu-o1wQ=.jpg
더벤티 시흥배곧한라점,에이드&주스,오렌지과채주스,4800,"오렌지, 사과, 당근, 감귤을 듬뿍 담아 상큼하고 건강하게 즐기는 과채주스",,http://imagefarm.baemin.com/smartmenuimage/upload/image/2023/3/28/g6wMajKAeTctfLKPGQPAM74HqAvO0QvHwccgk536WzhWgzS79FVx6M1VK4jvas2R0tCKJQSqQ6BUWtr2JLZH5s3hLFGYG21Dm1ORn9cbEt0=.jpg
더벤티 시흥배곧한라점,에이드&주스,체리콕,4400,상큼한 체리시럽과 콜라가 만나 톡톡쏘는 청량감 가득한 체리콕,,http://imagefarm.baemin.com/smartmenuimage/upload/image/2023/3/28/HiIWkQLmQNXTHjAtuBIh5FAZi1gpNYNls-TmV86ojFyc0lJKL7oITz1LS5Sn0CLxg3D0SeNAeJSPmRgw0RpH1W34DcQOWhiZv_E6X7JWFGI=.jpg
더벤티 시흥배곧한라점,에이드&주스,크림소다,4400,소다맛에이드에 바닐라아이스크림을 올려 청량함과 부드러움을 동시에 즐길 수 있는 에이드 [배달시 아이스크림은 음료안에 넣어 제공됩니다],,http://imagefarm.baemin.com/smartmenuimage/upload/image/2023/3/28/M4GzVVFARaq4eomCBgEIhr0JetrCIFF82QJ83-xQcnNpycNMPqRzHqiM6hqlRQrNYNf86d_FR7qYPZ_Kw1Hn7UHiJmFiBjqSMqpvIYARjeA=.jpg
더벤티 시흥배곧한라점,에이드&주스,메론소다,4400,메론맛에이드에 바닐라아이스크림을 올려 청량함과 부드러움을 동시에 즐길 수 있는 에이드 [배달시 아이스크림은 음료안에 넣어 제공됩니다],,http://imagefarm.baemin.com/smartmenuimage/upload/image/2023/3/28/sfY0MzDDZvyhL81FMj7d3-pt4aOHjd-LJ7HtBSAGO_lpMV7eFU7DcI9IxTFZ4mXDxMvFwCqa25rYKMiPMpBfF_15Hij-M--HweiTMKZuh8A=.jpg
더벤티 시흥배곧한라점,에이드&주스,복숭아에이드,4400,청량하고 달콤한 복숭아맛 에이드,,http://imagefarm.baemin.com/smartmenuimage/upload/image/2026/5/29/R6FZdepk-I8m-6K1AIKeEBaAWRVSKOYnVRzRxJleEKR0acxFT5BYvl6Msm95LaWpIvvHujPtrayXt421fKdKJq8jgOQsIjzjLCFD8dPhbDY=.jpg
더벤티 시흥배곧한라점,에이드&주스,체리에이드,4400,청량하고 상큼한 체리맛 에이드,,http://imagefarm.baemin.com/smartmenuimage/upload/image/2026/5/29/KO1QP4UfBJpQtKIdlGAfHjM9vnvGQoaPrJ8Ucn0Ama-lcaMtkGZlw4VNkO7eINYT0ViTP4-fT7pH5qawni6MYfjE1YdVXlIu5csE5xpfMn4=.jpg
더벤티 시흥배곧한라점,에이드&주스,리치캐모마일스파클링,3800,리치의 풍미에 캐모마일을 더해 산뜻하게 즐기는 저당 스파클링(타우린 1000mg / 비타민 350mg 함유),,http://imagefarm.baemin.com/smartmenuimage/upload/image/2026/5/29/TOynHa8_o3LlzLayf5TimYDL2tfQu-KL711ubyUuKCBRr1F1_2vIFjdInUnmH1rQTtSPYSrkrsf1jUwtxMyf-FESuLVV5cRYA1zY0WulhVc=.jpg
더벤티 시흥배곧한라점,에이드&주스,제주청귤스파클링,3800,제주 청귤 풍미에 청량감을 더해 프레시하게 즐기는 저당 스파클링(타우린 1000mg / 비타민 350mg 함유),,http://imagefarm.baemin.com/smartmenuimage/upload/image/2026/5/29/Lcn_kP8l4zysu4zsuxdyyo4cOaMgq6cbabDDAEvzzQcgAvkIV9zL6P2J01-e1m1sKjmVb6ujOo5ItFDbrxuYbyIvb2xyvz3ulHELFkOdXp8=.jpg
더벤티 시흥배곧한라점,에이드&주스,트로피칼스파클링,3800,열대과일 풍미에 청량감을 더해 시원하게 즐기는 저당 스파클링(타우린 1000mg / 비타민 350mg 함유),,http://imagefarm.baemin.com/smartmenuimage/upload/image/2026/5/29/E7y9aiU2fhJd05qTWM5pXAQRqboo-EhehD06B6Lk2azW5j9nScrSgqBhJiw_8kU2jJuHjySVjgzIz_6NM3Ivykb9eWdV0HHmwDE9YzFJWc0=.jpg
더벤티 시흥배곧한라점,에이드&주스,애플망고에이드,4400,달콤한 애플망고의 과육과 탄산수가 만나 청량하고 풍부한 맛의 애플망고에이드,,http://imagefarm.baemin.com/smartmenuimage/upload/image/2023/3/28/SiT9g2V3klDrGHUwyrNaUxNooBNOXzVdHAnCQSJRIeKuRWbTtkbOG15ge2ofz1gF7NFHlFl035aJwdzfI0Xx7T0tYiOK9Q3bowP96NZaHyI=.jpg
더벤티 시흥배곧한라점,에이드&주스,자몽에이드,4400,쌉싸름한 자몽청과 탄산수가 만나 청량하고 풍부한 맛의 자몽에이드,,http://imagefarm.baemin.com/smartmenuimage/upload/image/2023/3/28/NhVgHcTAo9gt4RWqlE2RH45bCg1wEsjBgMI3Ck-bfdtDAam1ctDAgyNdK37TlNhSl71jGq_u24_3YBQea27qNMHwKgPAYJZaBMURrR9OFWo=.jpg
더벤티 시흥배곧한라점,에이드&주스,레몬에이드,4400,새콤달콤한 허니레몬청과 탄산수가 만나 청량하고 풍부한 맛의 레몬에이드,,http://imagefarm.baemin.com/smartmenuimage/upload/image/2024/4/22/JFkylkCU95SbLkH-00eM9PmMDNudghbDjq7lc9ed6iyN7gla2vuDixbWAHF0PRkB0Q-RMFK1pDnYJiGMZ13qrDtg9jwziDMwVH681ZjBDKI=.jpg
더벤티 시흥배곧한라점,로컬 에디션,(아이스)이천쌀 라떼,3800,"임금님표 이천쌀의 깊은 풍미에 현미쌀 토핑을 더해, 담백함과 고소함이 매력적인 이천쌀 라떼",,http://imagefarm.baemin.com/smartmenuimage/upload/image/2025/9/10/OeSvUK2a_MiR4vO3rck7gHpj45osHeKQ4v_dpxi4jhWAxYdB4mDmsMGe3N0ZvwHkO45QowDMG1TVRSGBfVfoP48thiJKyX-JOrSlSJ6t91w=.jpg
더벤티 시흥배곧한라점,로컬 에디션,(핫)이천쌀 라떼,3800,"임금님표 이천쌀의 깊은 풍미에 현미쌀 토핑을 더해, 담백함과 고소함이 매력적인 이천쌀 라떼",,http://imagefarm.baemin.com/smartmenuimage/upload/image/2025/9/10/yB1cIi4F1I3FaR2Zh9EDP9r22hakDWxyrxL6ZiP5DjMRNgzX5txL-8X48PxwTSVwzqBZEikV-qZk1fEIb7OPVojbOHGe80Z5ncVfhsa_SDI=.jpg
더벤티 시흥배곧한라점,로컬 에디션,(아이스)이천쌀 흑임자폼 라떼,4000,"임금님표 이천쌀에 흑임자를 더해 고소함을 극대화하고, 진한 풍미와  부드러운 맛이 조화로운  이천쌀 흑임자폼 라떼",,http://imagefarm.baemin.com/smartmenuimage/upload/image/2025/9/10/nUUfV2U-X3-7CoE3eCe6oCGUe98ggR16VNSGW2Oxi9NXoTLTd3LGFbbEjI_L7-0mbzvSwPPrbUyyy1VVF-D0iBBREc0ti4bYTCwqjxS9mrI=.jpg
더벤티 시흥배곧한라점,로컬 에디션,(핫)이천쌀 흑임자폼 라떼,4000,"임금님표 이천쌀에 흑임자를 더해 고소함을 극대화하고, 진한 풍미와  부드러운 맛이 조화로운  이천쌀 흑임자폼 라떼",,http://imagefarm.baemin.com/smartmenuimage/upload/image/2025/9/10/S87TmG_7WUHA2pHhca6q3Hrd_96YONcPBq8GK03pFYey_Vmu3ATA4Gef1m0UQpZ3i8XiY4ijqGqr-U84PTkMTHkaQ16va-GuZGYD_1KnuhA=.jpg
더벤티 시흥배곧한라점,로컬 에디션,(아이스)율무오트라떼,4400,고소한 연천율무에 담백한 귀리음료를 더해 더욱 부드럽게 즐기는 율무 오트라떼,,http://imagefarm.baemin.com/smartmenuimage/upload/image/2025/5/14/Bg8RKSL7XSGNTmNq7lBTW0BPS2ftZu5tVghZnye4JP0UzWLsSiwjmDMnPFNQfKQQK1PR9AW6A7jFZ_0azB-HWZYAXRv4RCZobH2aGL0aTvg=.jpg
더벤티 시흥배곧한라점,로컬 에디션,(핫)율무오트라떼,4400,고소한 연천율무에 담백한 귀리음료를 더해 더욱 부드럽게 즐기는 율무 오트라떼,,http://imagefarm.baemin.com/smartmenuimage/upload/image/2025/5/14/ljz86ncPjgmul9yQ9Hd93Sn9iz9Pf_4e0BbLEVdDkyjPtcR_pw5BGxoPo4WSuB037z-Gvx1x6VDIc9ACHJtNr8ljoBgHFQAsyFemJUF_a0E=.jpg
더벤티 시흥배곧한라점,로컬 에디션,율무프라페,4400,고소한 연천율무가 얼음과 블렌딩되어 더욱 시원하게 즐기는 율무프라페,,http://imagefarm.baemin.com/smartmenuimage/upload/image/2025/5/14/J6haLiihQniNtMVITG4bME7m8GUUR69oTlm4Ynlpo8kmvma1e8KTuXJxQmvBs_wOUuH1GiyIa6Mu28pHci1JRmvL_j3VnGwidA7oHB2Uqrk=.jpg
더벤티 시흥배곧한라점,로컬 에디션,(아이스)말차 아인슈페너,4000,보성 말차의 진한 향기와 부드러운 아인슈페너 크림이 만나 더욱 달콤하게 즐기는 말차 아인슈페너 (음료 특성상 빨대는 제공되지 않습니다.),,http://imagefarm.baemin.com/smartmenuimage/upload/image/2024/3/6/zD9UpL1bkA6XmZqkCumMn3mvJww1zp4whlGotO8IT2Y9MSC5L_8qFUdLbzo-41lZJ9xZKvDROnQbKGgJlhujmCIJ34JRrlJQFI2IiVy2r8E=.jpg
더벤티 시흥배곧한라점,로컬 에디션,(아이스)말차라떼,4000,보성 말차와 부드러운 우유가 어우러진 깔끔하고 쌉싸름한 말차라떼,,http://imagefarm.baemin.com/smartmenuimage/upload/image/2024/4/22/_TgJP0THpT9UoAhK8yWK2i8YPKmZEw9a4zWQUQvMcB_IbqAThW09QTiodEM0gZpJN1GttH8kVR0GuQZXNxwjc7UDLLh3SUMVCeYpKmDqtlA=.jpg
더벤티 시흥배곧한라점,로컬 에디션,(핫)말차라떼,4000,보성 말차와 부드러운 우유가 어우러진 깔끔하고 쌉싸름한 말차라떼,,http://imagefarm.baemin.com/smartmenuimage/upload/image/2024/4/22/RJdCIPDLUfnl7JepqpXgq-JNSQtn-50tMcrleAQjRj9X3_1bQEplR3ZtvD6poSV3fJRdGfM38iCDHGTRYmjI1bI0kCP0Z9gcfSh--hu8q6c=.jpg
더벤티 시흥배곧한라점,로컬 에디션,말차프라페,4400,말차 본연의 맛을 부드럽고 깔끔하게 느낄 수 있는 더벤티 말차프라페,,http://imagefarm.baemin.com/smartmenuimage/upload/image/2024/4/22/84VshQ504LDl5sEYJLe2_pl5tT81gwyYM-EeB0QQHZH4httdq9s5MDToet_Vve_A-HBLBnyo5sONkKJOVf8Ess9-eNs0dl6vHccL5XXUYB0=.jpg
더벤티 시흥배곧한라점,아이스 블렌디드,초코쉐이크,4400,부드러운 밀크쉐이크와 진한 풍미의 초콜릿이 어우러져 더욱 풍성하게 즐길 수 있는 초코쉐이크,,http://imagefarm.baemin.com/smartmenuimage/upload/image/2023/3/28/t_C34-zJAsQoXnIbMooxEEDef1w8bIujhIlLTEyQh9Dj_FK6uPC3zoh45WVF7_tQ4ZMbzwsa9yEIivzevtW7M_cX_b6DN-USA-GLlGdByYw=.jpg
더벤티 시흥배곧한라점,아이스 블렌디드,밀크쉐이크,4400,부드러운 밀크와 얼음을 함께 블렌딩한 더벤티만의 스페셜한 밀크쉐이크,,http://imagefarm.baemin.com/smartmenuimage/upload/image/2023/3/28/PCopBceuKQhA3bz4hQNPtabfnuu6lyR9a0gpNlRyPkBBFPaOE6UY2Gd35BtVVF1mQf3kQD7BlT4ZtP-hu4qfdeT3Lo1vpM4uP1a_y2p4mOc=.jpg
더벤티 시흥배곧한라점,아이스 블렌디드,에스프레소쉐이크,4400,부드러운 밀크쉐이크와 진한 에스프레소가 만나 더욱 풍성하게 즐길 수 있는 에스프레소쉐이크,,http://imagefarm.baemin.com/smartmenuimage/upload/image/2023/3/28/vpKE1GyRKno4rIllXY_Zwkx4n63S4i5xMCNVu_VWyaCmUYdlM1D3aRj9bFpb9lljvO6UYZv9uYmKTeUmG2wXVKSXGa9oJLIFJX7zJHDfvf8=.jpg
더벤티 시흥배곧한라점,아이스 블렌디드,딸기쉐이크,4400,진하고 달콤한 딸기리플잼을 넣은 쉐이크,,http://imagefarm.baemin.com/smartmenuimage/upload/image/2026/5/29/hSH2SPJmxeHBf9fHe5IwG4cMkK_KV_3HQdRxFtrL8jEMmzYOps8aiRleZEQMMisMbMYOpg1LAJAKdoRPW4rXSkjc6nc-Ka_OCLb9spx0K0Y=.jpg
더벤티 시흥배곧한라점,아이스 블렌디드,딸기초코쿠키스무디,4800,"달콤하고 부드러운 초코스무디에 딸기청, 쿠키분태를 토핑한 스무디",,http://imagefarm.baemin.com/smartmenuimage/upload/image/2026/2/4/BV9La5Y0btTbrmOO697LVQzZAKoW0pMWRFcFZOXZYZ5VHl3lex8jguJSRnCorqKs7U23IHnnSTlxlwi-B3COl-uuM5n2se_ZYDqdAvtQ2AQ=.jpg
더벤티 시흥배곧한라점,아이스 블렌디드,망고스무디,4700,상큼달콤한 망고의 진한 맛을 강조한 스무디,,http://imagefarm.baemin.com/smartmenuimage/upload/image/2026/5/29/MpwEknPFb_KhW7Ltl8QQfIn7Pe6cBpl5I7W2B__QKFm2_jo9dJP6lhhUIeAcYzzS_JxAbxx2qGY_OW4U3C5ipcpwRzUz95WqwcIE0KdKyh0=.jpg
더벤티 시흥배곧한라점,아이스 블렌디드,블루베리요거트스무디,4400,부드러운 플레인요거트에 달콤한 블루베리과육을 듬뿍 담은 블루베리요거트스무디,,http://imagefarm.baemin.com/smartmenuimage/upload/image/2023/3/28/5He2BK-boSP0cjYOgx64aKXvPNpCRtwi9ZYzXzHCgcImJ9cYF8FKa5f6di6lXjE2RgMbKomDB6C02x7zFeBzObzsvn2bWvQERJf0OIMZ6w0=.jpg
더벤티 시흥배곧한라점,아이스 블렌디드,망고요거트스무디,4400,부드러운 플레인 요거트에 달콤한 망고과육을 듬뿍 담은 망고요거트스무디,,http://imagefarm.baemin.com/smartmenuimage/upload/image/2024/4/22/wJZBnhvPPE6iWwCNoCEBsiBg156V0zF6e0s69B_PHsGbNTA1z8Hcf8npjBTC6Je1iVXsHMIBrhSJq-hlmoeo4FfmqNo2b2jGhmuCOQNc82M=.jpg
더벤티 시흥배곧한라점,아이스 블렌디드,플레인요거트스무디,4400,새콤달콤한 요거트의 맛이 그대로 전해지는 더벤티만의 스페셜한 플레인요거트스무디,,http://imagefarm.baemin.com/smartmenuimage/upload/image/2023/3/28/3PrqTFlpS34ZJiYdwJnMqAc-5OsVjBqG5mw7to1AVyUMzRJ-reFWoO9IUDUAIzekXGc4MlSNP0zWG49B3stDduYMVUOn__TDEdnTCU7a3l4=.jpg
더벤티 시흥배곧한라점,아이스 블렌디드,딸기요거트스무디,4400,부드러운 플레인요거트에 상큼한 딸기과육을 듬뿍 담은 딸기요거트스무디,,http://imagefarm.baemin.com/smartmenuimage/upload/image/2023/3/28/DxfA4VVELpc3t_H93fEhmDoTsUwRFSpLSuyFYEY2RWWgr95efyz-CpCDGJLfP7xX35vXunNUzaLj8HDGLhueyO9nAjeRNniW2aZpEzRE2rE=.jpg
더벤티 시흥배곧한라점,아이스 블렌디드,복숭아요거트스무디,4400,요거트 스무디에 달콤한 복숭아 리플잼을 넣은 스무디,,http://imagefarm.baemin.com/smartmenuimage/upload/image/2026/5/29/EWhRHJ6aGjKbSyQ3zEpr8Aj9b_UPhcsa82X726ixnWEa5hAZQ_3gqbPnTklk3e9J3FT4Q6AwcdDX3xh2SRfK5dhLm7wuCvK7yUFItoA93Lg=.jpg
더벤티 시흥배곧한라점,아이스 블렌디드,자두피치스무디,4700,새콤한 자두와 복숭아가 블렌딩되어 가볍고 상큼하게 즐기는 크러쉬,,http://imagefarm.baemin.com/smartmenuimage/upload/image/2024/4/22/kSxme8jVMtID7pJ1raKBEgu0CDYB8P4CHG3yoZVy7TTvkPBB6gxn5Hj8vHBBSS4lC3A5XczbH6G1FFSd_4efoCStkmfjblnd1dk--tfhgnY=.jpg
더벤티 시흥배곧한라점,아이스 블렌디드,쿠키앤크림프라페,4400,부드러운 바닐라와 바삭한쿠키를 블렌딩하여 시원하고 달달한 쿠키앤크림프라페,,http://imagefarm.baemin.com/smartmenuimage/upload/image/2023/3/28/6O4XKbY12XWL8_AyCjfRBL_cdStOJFB-q_cKj0U8UOuBZhdTrMEWoz0WFMPfZajcJRdbA1Ris0KOnoAfKBEZ6MQvvau-GCwB8Nt9SGgfD7E=.jpg
더벤티 시흥배곧한라점,아이스 블렌디드,자바칩프라페,4400,자바칩과 카라멜을 블랜딩한 음료에 초코칩과 카라멜 소스를 뿌려 달콤함을 두배로 즐기는 자바칩프라페,,http://imagefarm.baemin.com/smartmenuimage/upload/image/2023/3/28/23-oVqf03-KRadNCnOuBmUfJlFu5oKTffc5gMi_JABbjK5mWM0MWUzuV49bQ546CbQttS07cKnXQwwbJvhzyCPvSBDFzB9lVj4tmqOK2Wak=.jpg
더벤티 시흥배곧한라점,아이스 블렌디드,코코넛커피프라페,5000,고소한 코코넛과 콜드브루가 블렌딩되어 가볍고 부드럽게 즐기는 프라페,,http://imagefarm.baemin.com/smartmenuimage/upload/image/2024/4/22/ndYTHDN1-F81mS2qfeB468f2gRn41vU06VTL-6juVkS_i23ZJAy8E47GzETFT4JN48p0H5L-BIbZx4SAxgB9cYhdY_oeugnHMypdgrNmBAs=.jpg
더벤티 시흥배곧한라점,아이스 블렌디드,솔티드카라멜프라페,4400,솔티드카라멜풍미와 초코를더해 단짠 풍미를 강조한 프라페,,http://imagefarm.baemin.com/smartmenuimage/upload/image/2026/5/29/ziP7-4WtIxhXhYlw0jtyNUv1Fhwugkaapf0Ra5eIdzqE9s_4Y6gA7CZmG7oHUddEmO952CrkI8IkP_LZfNPjBvlbbRqpuuk81ffoA0LnRjk=.jpg
더벤티 시흥배곧한라점,티,복숭아아이스티,3500,진한 블랙퍼스트 홍차에 달콤한 복숭아가 어우러진 더벤티만의 특별한 복숭아아이스티,,http://imagefarm.baemin.com/smartmenuimage/upload/image/2023/3/28/W_jss5uczKt23jGaNxh4hwCS0aoYGVtktSn3xZYns1Pt5O51m40gQelLePgrazuqrGkJ8J3VOQppTK8JqygMem8NPRGnHPfSwYkRFSiwbdM=.jpg
더벤티 시흥배곧한라점,티,(아이스)트리플민트,3000,세 종류의 민트가 어우러진 상쾌한 블렌딩 티,,http://imagefarm.baemin.com/smartmenuimage/upload/image/2023/3/28/4nk7XtLHv5MpuGQs0GPIgzzdgTqaAx5AdEGN9CL4rfbV06PpfLtl2zlkVC6ymRopGdNtV_yTpBEVogh-ny8faHHQ0KpwlaPCz-B0qLnnYnE=.jpg
더벤티 시흥배곧한라점,티,(핫)트리플민트,3000,세 종류의 민트가 어우러진 상쾌한 블렌딩 티,,http://imagefarm.baemin.com/smartmenuimage/upload/image/2023/3/28/jBwDk0fCVoMGwouzbMdgmhSNmt4uMdhDkv6n0B_AjN8zBmDFyBMjj54NmD9T1oFfdgeK69j8lkL7pyZcAXZzvFn2yrDXoMD2B0kgJtrgLEE=.jpg
더벤티 시흥배곧한라점,티,(아이스)애플히비스커스,3000,"히비스커스, 로즈힙에 달콤한 과일이 어우러진 새콤달콤한 블렌딩 티",,http://imagefarm.baemin.com/smartmenuimage/upload/image/2023/3/28/yK04F_uUcoqP4CX5nt8OpP4UkiA-GmUSHgzSHJs2XDce76Vdzr9-wedAz0PCuHPAiVw1juabSwcioC4AgikxKbaIQGKLWN_AffAU9NwHowQ=.jpg
더벤티 시흥배곧한라점,티,(핫)애플히비스커스,3000,"히비스커스, 로즈힙에 달콤한 과일이 어우러진 새콤달콤한 블렌딩 티",,http://imagefarm.baemin.com/smartmenuimage/upload/image/2023/3/28/OV8bHvGfYouG8QdVl6NmgeWCTV7Wyv4xiaDUM1ko1-1on7EDpaStuHWkjzEVftlkbRgE1fsi2v91NHPo9NTIyQJP4Qyy85wKGfrGsU15Qu4=.jpg
더벤티 시흥배곧한라점,티,(아이스)녹차,3000,떫은 맛은 줄이고 은은한 단맛과 감칠맛을 극대화한 국내산 녹차,,http://imagefarm.baemin.com/smartmenuimage/upload/image/2026/5/29/v_cbYsBcec5DcDTU3EtaQLTtH1YMm9C1-ZrIWskzWQKdKPKM3BUfKQerDQQQsl3tlz3Mj3MhCPPa2vNfLnnegZlR_BqMM8-1SWW0EI-kBfQ=.jpg
더벤티 시흥배곧한라점,티,(핫)녹차,3000,떫은 맛은 줄이고 은은한 단맛과 감칠맛을 극대화한 국내산 녹차,,http://imagefarm.baemin.com/smartmenuimage/upload/image/2026/5/29/GFuO3ubzO6DLHe5cumKHsm6NcyH3FGNSdR1huw_osE1E8nOJ67E4Z9XaJ2wcNryF65NJLJp6U6NClNxMy56CqwMpXGYcl-KVNT5tZ69dTN8=.jpg
더벤티 시흥배곧한라점,티,(아이스)얼그레이,3000,홍차의 묵직한 바디감에 베르가못 향을 입힌 클래식 티,,http://imagefarm.baemin.com/smartmenuimage/upload/image/2026/5/29/JzApVSpE2BoH5Cxt8vbqqe5BrN8sokipV0FeqOzkGdgmFzSAelM6272eVO0HXCLlVKEzRzCNdBTIMDYiH-trzhX3UKOkE7MQxyCliY3XGVI=.jpg
더벤티 시흥배곧한라점,티,(핫)얼그레이,3000,홍차의 묵직한 바디감에 베르가못 향을 입힌 클래식 티,,http://imagefarm.baemin.com/smartmenuimage/upload/image/2026/5/29/zWXSmGKnhJSIwIXljEEubig5Y867toVMj_NWzTQqwpuh470CMXj8LkB_TP7ZhnOjycYVVKfwLzSdHGj48evsPxGNPHFDZS-GNkZhDAGCA3M=.jpg
더벤티 시흥배곧한라점,티,(아이스)캐모마일,3000,휴식과 숙면을 키워드로한 릴랙싱 티,,http://imagefarm.baemin.com/smartmenuimage/upload/image/2026/5/29/i3dv4YFCopoWwHrjBt2SWeBo0AtFmbI0g2K0PveNC_mqVPrHlxAqzK91iWgDFe-gZKJdJh7KRwBDrAwE0zBJhgFxBkhzHCjtw5-HJxKeOJI=.jpg
더벤티 시흥배곧한라점,티,(핫)캐모마일,3000,휴식과 숙면을 키워드로한 릴랙싱 티,,http://imagefarm.baemin.com/smartmenuimage/upload/image/2026/5/29/AZvKOl6suhRfsy3Bmm7eJuDVz-xJVakfUtvyNtml88YZHjBhuQrqWwbEZJQjUbY41gST0BR64EqEv-as5Qb8T_cbh3iT7_Oe6CubGDwYQGY=.jpg
더벤티 시흥배곧한라점,티,(아이스)자스민,3000,기분 전환과 자스민의 꽃향기를 강조한 에스테틱 티,,http://imagefarm.baemin.com/smartmenuimage/upload/image/2026/5/29/W1Op_FHQDnQ4Hqp8hmijjm144kfM6qfL2qeV-P2ScFfshqKaLww_wIu1pHy0hfg6VKYj_RPJzDIn9iHJ0OayUyycMIuBRRG9wEMpDfrLW6U=.jpg
더벤티 시흥배곧한라점,티,(핫)자스민,3000,기분 전환과 자스민의 꽃향기를 강조한 에스테틱 티,,http://imagefarm.baemin.com/smartmenuimage/upload/image/2026/5/29/tw1xdWrEUoxdPzT-CyOmQgo_9Q0GLxd3G7wrGe-lw1IvO7OVpA7EM2MqW1LAHnOtpAAmavGss0scrndxcptEceV6lzfGiF1vCW2XmBK6eeo=.jpg
더벤티 시흥배곧한라점,티,(아이스)호박팥차,3500,"늙은 호박과 팥을 최적의 비율로 블렌딩 하여 몸의 순환 (붓기  감소)을 
돕는 에스테틱 티",,http://imagefarm.baemin.com/smartmenuimage/upload/image/2026/5/29/VDc590aDf4KOWkaJgDYmxytMytHnD0XrSGTW7N_XKgrxl76Ja3QThHPXHNySyHL76YwN-fN4FTH3eL33-4ql-KGOYSyVdDTQXL00ZPx9Jq4=.jpg
더벤티 시흥배곧한라점,티,(핫)호박팥차,3500,"늙은 호박과 팥을 최적의 비율로 블렌딩 하여 몸의 순환 (붓기  감소)을 
돕는 에스테틱 티",,http://imagefarm.baemin.com/smartmenuimage/upload/image/2026/5/29/mNPHbHYx5A_4RgZbk7rewbw7iEsV3soIeZkg9wJl5ETC3OrhgZTgKz9ybXs48jlqUV5bOTEv2M241O0yZ9hW06jdQ1nm2SNuPAdfSfh-eGs=.jpg
더벤티 시흥배곧한라점,티,(아이스)레몬머틀,3500,"상큼한 레몬의 첫 맛과 은은하고 달콤한 허브 향이 활력을 더해주며, 
레몬머틀의 맑은 향이 자극 없이 정신을 깨워주는 티",,http://imagefarm.baemin.com/smartmenuimage/upload/image/2026/5/29/FuoAVYE3jdFS8WsfDcvKlPitF8co10UrkcDShv7IA1DSv4qSd6pNUIDYRmrREBnXM7m70wH2ANLfyivXnVbFQLk1tqVcXMHv7J2AVL5poc8=.jpg
더벤티 시흥배곧한라점,티,(핫)레몬머틀,3500,"상큼한 레몬의 첫 맛과 은은하고 달콤한 허브 향이 활력을 더해주며, 
레몬머틀의 맑은 향이 자극 없이 정신을 깨워주는 티",,http://imagefarm.baemin.com/smartmenuimage/upload/image/2026/5/29/9Mb287QYH-_mMERVkpLZ00x1DkbCYsf1M5PgcLwN6Jk1x1uvgO0CSmJLJu4xuU-BaiwogOilcnntfe1f0ENFiRx-aX8qzGgcG1B9BuCI2XQ=.jpg
더벤티 시흥배곧한라점,티,(아이스)허니유자티,4000,달콤한 꿀과 향긋한 유자가 어우러진 허니유자티,,http://imagefarm.baemin.com/smartmenuimage/upload/image/2023/3/28/KdlzIn5_7jeyz32cT8lC5YcXOLS2MzX5APamXuSWHxVMlfZLM1qbJAe-fTC39-DbK3brY73iFcROBOfmCa1xWYYmQswusjjhlKvijzm-yNs=.jpg
더벤티 시흥배곧한라점,티,(핫)허니유자티,4000,달콤한 꿀과 향긋한 유자가 어우러진 허니유자티,,http://imagefarm.baemin.com/smartmenuimage/upload/image/2023/3/28/Wh7zkKQo_Jx_Aqyl1cUdPbnyrJ0CgjUfjgkORQDGxfw3NWGs-dmkoMCvxtp8m_HKSQReWbVFq4efdRFljQ18cfwg0vzNR1TddN9ndGNDlT0=.jpg
더벤티 시흥배곧한라점,티,(아이스)허니자몽티,4000,달콤한 꿀과 쌉싸름한 자몽이 어우러진 허니자몽티,,http://imagefarm.baemin.com/smartmenuimage/upload/image/2023/3/28/70P4Lz9AnHkJaFONFDbRnfaOy8KxTwObi1pQBnhn2yQOH3NvWaUYU1F8GQdfBmDp7D1-Lf7kSv4C3Wy7-lpnz8nyk2cxIaNeKjrl-ubfC2A=.jpg
더벤티 시흥배곧한라점,티,(핫)허니자몽티,4000,달콤한 꿀과 쌉싸름한 자몽이 어우러진 허니자몽티,,http://imagefarm.baemin.com/smartmenuimage/upload/image/2023/3/28/ug-s2CRg0AOq0V4z3eJLM03mxo6JpXonrBNeOv15qNzkC0nYVwcSkMTjVLI0iAqvuF-LrHG1hg0DkTgJUXPHILOP8enF118KE0oYy7zGdA4=.jpg
더벤티 시흥배곧한라점,티,(아이스)허니레몬티,4000,달콤한 꿀과 상큼한 레몬이 어우러진 허니레몬티,,http://imagefarm.baemin.com/smartmenuimage/upload/image/2023/3/28/j0V6DZwiErSHIBFOt8YIyWUvnpVwV4oU23lgrksG5k0HKl8E9M2Apx9ZKVJirRWh2WulPpJQ6KDtTFgqqGi98In8bwo1lK8w00fZ-I7vu7U=.jpg
더벤티 시흥배곧한라점,티,(핫)허니레몬티,4000,달콤한 꿀과 상큼한 레몬이 어우러진 허니레몬티,,http://imagefarm.baemin.com/smartmenuimage/upload/image/2023/3/28/4Anzo6lTSaKyMdty9PGWCr3qcSDn93bnbO9HErFfP15E7bQBHnZvGWxgKzQS57B347bauTX6K3Gg7XXcWmCIThbzAF0tOaG6rDwNGmS6kLs=.jpg
더벤티 시흥배곧한라점,티,(아이스)오미자석류티,4000,"오미자의 떫은맛은 줄이고 석류의 산뜻함을 더한, 맑고 가볍게 즐기는 블렌딩 티",,http://imagefarm.baemin.com/smartmenuimage/upload/image/2025/12/30/uovlou5cKRiPh3kt6iUTii5OLV0IESp7PJ67CBjz7UxgFiszuZ74J4VTgQglKd6T-J6C57w5dS-mg2kOSY2nJsxjFFTsGYxp8MkCPm5iOyk=.jpg
더벤티 시흥배곧한라점,티,(핫)오미자석류티,4000,"오미자의 떫은맛은 줄이고 석류의 산뜻함을 더한, 맑고 가볍게 즐기는 블렌딩 티",,http://imagefarm.baemin.com/smartmenuimage/upload/image/2025/12/30/X2hCcwgU0LnbcsXniRPAl1PbVFe6PzGyIJEmzVjGRT5wB-rchfdyZlc0fHx5DB6atqH4bKLOsze06IGBRzAvhwEqc5WSLLVuGmHzD1LR5Tw=.jpg
더벤티 시흥배곧한라점,티,(아이스)꿀배생강티,4000,배숙의 부드러운 단맛에 꿀과 생강의 은은한 향을 부담 없이 즐기는 건강 블렌딩 티,,http://imagefarm.baemin.com/smartmenuimage/upload/image/2025/12/30/T2a6j-a-xvBeZ9qq0DmrQTbZEo7LxORnYSQdSAU-zna82wERJR1AtM1yGaRZDa038VSX4bQxxHWcnhdQxczagXLuPuuefsHf7kTcPddt5d0=.jpg
더벤티 시흥배곧한라점,티,(핫)꿀배생강티,4000,배숙의 부드러운 단맛에 꿀과 생강의 은은한 향을 부담 없이 즐기는 건강 블렌딩 티,,http://imagefarm.baemin.com/smartmenuimage/upload/image/2025/12/30/UYjv6AEepeOJdNEFms8vLCJMzQQ-YgUbh8G6IJ0vDjFDe1VgyRvlhOA-wabDl9y53obSaQYwOYTbetnkcHcNeH7bafH0jwzf0NnDZv_zvL8=.jpg
더벤티 시흥배곧한라점,티,(아이스)더쌍화차,4000,"전통 쌍화차의 쓴맛과 약재향을 줄이고 대추, 생강, 계피의 밸런스를 감미롭게 조합한 데일리 티",,http://imagefarm.baemin.com/smartmenuimage/upload/image/2025/12/30/exrOnLLTwd1tGWJh1Xo69fHuVGHJvcCZMJJTHtRoyn4IkTLIsIOz9P2tCnNEjU6jd6GUYwbVrba-LyLln8wttEAEfOYabvo3vU7sAnBhPu0=.jpg
더벤티 시흥배곧한라점,티,(핫)더쌍화차,4000,"전통 쌍화차의 쓴맛과 약재향을 줄이고 대추, 생강, 계피의 밸런스를 감미롭게 조합한 데일리 티",,http://imagefarm.baemin.com/smartmenuimage/upload/image/2025/12/30/J66d6q8BOPv3HLh80LPQo2KxSp89rlu6CiCzexZ-kBWGRu4nmS1gW5huHl4EsVxnsg5U-ba-CjhDZag27sSKy9uadlBOnLiwx28MIqY6Foc=.jpg
더벤티 시흥배곧한라점,티,(아이스)자몽허니블랙티,4000,두가지 블랙티가 블랜딩된 얼그레이와 자몽이 조화롭게 어우러진 블랙자몽블렌딩티,,http://imagefarm.baemin.com/smartmenuimage/upload/image/2024/4/22/hif2E-X6FMlMoWqgXuyMp-BQuPqrDiYYDPrSb7DdtfYpbBAvUaByqXA2GVD5epB2nLPhtfZGBdPwQu6c7dqVrSQXrWR-b4Jq5qdCIAOzRNQ=.jpg
더벤티 시흥배곧한라점,티,(핫)자몽허니블랙티,4000,두가지 블랙티가 블랜딩된 얼그레이와 자몽이 조화롭게 어우러진 블랙자몽블렌딩티,,http://imagefarm.baemin.com/smartmenuimage/upload/image/2024/4/22/eTD-F2Clf1_BhP5q9nuf0AnRhAV_RMKofIsLMGM1f_k3ywB-1sOa-CUlu2jpAJN897zlBwhxmZUOtel12bT0EupJsn3uUwwWrun4EimjGTY=.jpg
더벤티 시흥배곧한라점,티,(아이스)유자애플티,4000,은은한 사과향 블렌딩티와 유자가 조화롭게 어우러진 애플유자티,,http://imagefarm.baemin.com/smartmenuimage/upload/image/2024/4/22/imh__2C0ncXDreGzdrzIqq5rNOz5g60_Kru9qqJhudReCJ8kdtd5--ppqAV4IV4SRsppKhupHdIriSK3KXkgOULiOMHBXW017XbsEaR34_A=.jpg
더벤티 시흥배곧한라점,티,(핫)유자애플티,4000,은은한 사과향 블렌딩티와 유자가 조화롭게 어우러진 애플유자티,,http://imagefarm.baemin.com/smartmenuimage/upload/image/2024/4/22/yEjMLW1ELNYu9EKCm9aHJUFvkkp8g78m8H1mbsHUW8Gm_G6lsElwMbKZ50PtXIHghiKkIQkTd99VJ1NrI3Ae3sYyzVrbPTp1CPxRBP6nOxI=.jpg
더벤티 시흥배곧한라점,MD,디카페인콜드브루500ml,12000,더벤티만의 저온 고농도 추출로 더 진하고 깔끔한 맛의 디카페인 콜드브루 원액,,http://imagefarm.baemin.com/smartmenuimage/upload/image/2025/9/29/YEXUwKtlzEhypA1yjI8Nc195EIrkmTd7nDqlBlNufplfUglfiGX8-jGgFkJmXWCkR2RSjdgt7887yR0EH4yMa53P1lMQVm1Lv02X9896aOE=.jpg
더벤티 시흥배곧한라점,사이드 메뉴,우도땅콩초코쫀득빵,4000,"제주에서 즐기던 고소한 우도 땅콩과 달콤한 초코, 쫀득한 빵의 식감을 트렌디한 방식으로 재해석한 디저트",,http://imagefarm.baemin.com/smartmenuimage/upload/image/2026/7/2/-lHNuWxStIQC9sjz4Bq5HBazhfBYpehpbPs9Pav7Djrb6-WYyP2rQD5SOTJBVo6CmNEi5fz0r_EouOVwtW3tanxdLP5D8RMAQ5yGgU6pgQw=.jpg
더벤티 시흥배곧한라점,사이드 메뉴,초코라즈베리샌드쿠키,3000,바삭하고 고소한 초코 쿠키 사이에 달콤한 라즈베리 잼과 크림을 조화롭게 샌딩한 쿠키,,http://imagefarm.baemin.com/smartmenuimage/upload/image/2026/7/2/D3CFKc55oxD0FBz5wxSwxFmK7Tr2PhuSRW863MrAUKOFSxKZ_4-roXdVj_Yo_wuR3supP5eYsUWsnnssluoNV2lNmGpYXwOkT2wDUqYdoiA=.jpg
더벤티 시흥배곧한라점,사이드 메뉴,땅콩카라멜샌드쿠키,3000,바삭하고 고소한 쿠키 사이에 땅콩 크림과 캬라멜을 조화롭게 샌딩한 쿠키,,http://imagefarm.baemin.com/smartmenuimage/upload/image/2026/7/2/udbF62vkXtfwq_r1YeP3D0_j3E5n0iBzK6Zjhw8Hf_-PDpqNg2Rgbze6F_BleBoBBNctOLQjKnJld-oK8Xi9PxvmboIlTLnIuQf4f7DuqaU=.jpg
더벤티 시흥배곧한라점,사이드 메뉴,커피크림 커피번,4500,더벤티 커피를 사용하여 만든 바삭한 커피토핑과 진한 커피크림이 더해진 달콤짭짤 커피크림 커피번,,http://imagefarm.baemin.com/smartmenuimage/upload/image/2024/7/10/THoBkMxN6_CNm4JpIt9jqGRE5Krfd5e4B-h9b36TzFWxaL6Yq_H0Z7RhHwZP1JdxJN2N1d-ZSYjjp69JFZw8beNsergACLcDTGURePTDops=.jpg
더벤티 시흥배곧한라점,사이드 메뉴,우유크림 커피번,4500,더벤티 커피를 사용하여 만든 바삭한 커피토핑과 부드러운 우유크림이 더해진 달콤짭짤 우유크림 커피번,,http://imagefarm.baemin.com/smartmenuimage/upload/image/2024/7/10/YzacJlx9kAkn1jiYASjNobwulMlXll2kD5nTv0VjRsMmuIwjY8u5oFxJWlnnAl53RQEScqBGFcaPOAXq_jdtAITu_pBclAowdcHc6rRfmfY=.jpg
더벤티 시흥배곧한라점,사이드 메뉴,크랜베리 초코칩 촉촉쿠키,4000,두툼한 아몬드와 크랜베리 초코칩이 쏙쏙 박힌 아메리칸 스타일 쿠키 (1ea),,http://imagefarm.baemin.com/smartmenuimage/upload/image/2023/10/18/pB5AdE1bqXqtzQzmI4yrDjeCBD07kBTtyY-5JeD4GFOH_boWEWJh2z7H4FLDiBIDkIPAi86vV4RzsRpsMguoR5x64A2lVnrUsST-tANzSk8=.jpg
더벤티 시흥배곧한라점,사이드 메뉴,화이트초코 말차 촉촉쿠키,4000,두툼한 호두와 화이트초콜릿이 쏙쏙 박힌 아메리칸 스타일 쿠키 (1ea),,http://imagefarm.baemin.com/smartmenuimage/upload/image/2023/10/18/4xmrHhZMRRSj4zl5sS2LWk9moBz7_K8FKlCiN4rwT9PGSBJnm7Q9aiHv3Au-zw8hgXi_oQ4NE9NJGkX4M9ffRrUpvk_SQw42rZpFywd0cKo=.jpg
더벤티 시흥배곧한라점,사이드 메뉴,더블초코 스모어 촉촉쿠키,4000,달콤한 마시멜로우와 더블초콜릿이 쏙쏙 박힌 아메리칸 스타일 쿠키 (1ea),,http://imagefarm.baemin.com/smartmenuimage/upload/image/2023/10/18/YO-QFdXdRUuG6HDxoseWORpSMqkTF2H3P5KNxepZyEmaAXbCHqCWrdfSR76PxPJuDItC6jt86xMm0DIsAuPss9l8wkV4z_LwgdvNZI6zmIA=.jpg
더벤티 시흥배곧한라점,사이드 메뉴,치즈빵빵,2800,진한 풍미 가득 치즈빵빵,,http://imagefarm.baemin.com/smartmenuimage/upload/image/2026/5/29/YMLyaiHgAR9p_Y3DjP3zcjQVXDL6YiqnLV9IxlaOVGmxj_VQxNxzHNGI2t-bo6eBuMU_5zuDMPJL7B-R_5gD7Uvqj5xASZBrC6TLJGksPUY=.jpg
더벤티 시흥배곧한라점,사이드 메뉴,팥크림빵빵,2800,달콤한 팥앙금과 부드러운 생크림이 듬뿍 들어있는 팥크림빵빵,,http://imagefarm.baemin.com/smartmenuimage/upload/image/2026/5/29/Ufz-N1agF5VIJzC_JLQFAr4aM5_iOCUV9MhpQsIaoQGqJI8LHVDGOZv5wmR_DClp57GPrwcWevigrVgm_hw9MmIvOi2DMoIzfEMTFP4mWcc=.jpg
메가MGC커피 배곧한라비발디점,신메뉴,복숭아 퐁당 요거트 스무디,4900,"복숭아 과육을 듬뿍 담아 과일 본연의 달콤함을 살리고, 상큼한 요거트를 넣어 누구나 맛있게 즐기는 복숭아 퐁당 요거트 스무디",,http://imagefarm.baemin.com/smartmenuimage/upload/image/2026/7/9/wOLrPIGIUViY0oVuHVjOxra9kIm8DcCaGz82gBKfOyAXLidtC8rSUMQxaXFqvM_TPQQs03Sg38w4aPyP6bUmKV8gxj3cikpvUKEc30DSXsI=.jpg
메가MGC커피 배곧한라비발디점,신메뉴,멋쟁이 토마토 스무디,4700,춘천 찰토마토를 더한 상큼한 토마토 스무디에 오독오독한 펄슈가를 듬뿍 얹어 씹는 재미와 기분 좋은 단맛이 어우러진 멋쟁이 토마토 스무디,,http://imagefarm.baemin.com/smartmenuimage/upload/image/2026/7/9/7bbEmMCF7RCKGXx9jU0Bv9PkpD_rwzFQ-vHLK4O5reZkf8cDG2H8E-RUgm6kT4Ix3TkcIhYSjgRraihgrelQ7Ry0v-AQ_s82zdm3L81AhhU=.jpg
메가MGC커피 배곧한라비발디점,신메뉴,포도녹차 젤리 크러쉬,4900,새콤달콤한 포도와 향긋한 그린티에 알로에 워터젤리를 듬뿍 더해 마지막 한 모금까지 시원하고 산뜻하게 즐기는 포도녹차 젤리 크러쉬,,http://imagefarm.baemin.com/smartmenuimage/upload/image/2026/7/9/J_yKboEFlmk3ijPT3ESNrRTcIhmNDlaCFoXtJagzr0YHR9DuVvjGYlQKK39MRQJGEH4alb0yHuTKKYl7E1s--Kq9SBreKRQMRIkoCSuWsFc=.jpg
메가MGC커피 배곧한라비발디점,신메뉴,초당옥수수 프라페,4700,여름 제철 초당옥수수 특유의 기분 좋은 단맛과 톡톡 씹히는 초당옥수수 콘을 함께 담아 고소하고 풍성하게 즐기는 초당옥수수 프라페 초당옥수수 원물 함유로 빠른 취식 권장 드립니다.,,http://imagefarm.baemin.com/smartmenuimage/upload/image/2026/7/9/lhyD3nwKv7kKeTdoQjUYfREIIf2kO_c0sUb0_LWSORb4HHPsMJZcmfjlLYIgmVf12QP33NhWbG_2OCnwVeq_V2C3CJlnuob2UHnqLCSyqSY=.jpg
메가MGC커피 배곧한라비발디점,신메뉴,와앙 핫 치즈스틱 & 딥,5500,바삭하고 베어 물면 치즈가 쭈욱 매콤바삭한 치즈스틱과 입맛 당기는 특제 MGC 소스의 조합으로 계속 손이 가는 와앙 핫 치즈스틱 & 딥,,http://imagefarm.baemin.com/smartmenuimage/upload/image/2026/7/9/1Q-VJ9CwUwOfGTbBDJBvbemr21AG-DcUgfsmByHZ1RunzCeylF9esFBGMbUkE8-7FiH9QUl9yc0upWm7PTSwdDwwm_X4b9N_mVmMACziXF0=.jpg
메가MGC커피 배곧한라비발디점,신메뉴,꿀수박주스,5000,"100% 수박 착즙원액에 달콤한 꿀을 더해 본연의 진한 풍미를 살리고, 잘 익은 수박을 함께 갈아 리얼한 수박맛을 즐길 수 있는 메가MGC커피 여름시즌 대표메뉴 수박주스",,http://imagefarm.baemin.com/smartmenuimage/upload/image/2026/4/30/sN44BdAFOMflh_rydiNgtDzE7n3jAWXxLzTthAuw2s-gm1b7chYpdLwsNtd-EAk8QhRQaep1MFNc6dPOYurcanHi0UxQplhnzLf2eQV0HYQ=.jpg
메가MGC커피 배곧한라비발디점,신메뉴,자몽 톡톡 스무디,5000,"톡톡 터지는 자몽 과육을 듬뿍 담아, 자몽 한 알을 그대로 베어 문 듯 상큼함이 입안 가득 퍼지는 자몽 스무디",,http://imagefarm.baemin.com/smartmenuimage/upload/image/2026/4/30/gWODglcV4VimDwEkF1t5W7yPYU5l_sStyPGZwyot1ywvzpHzbpDygjNJDEocB2JDEHpkoxJ4bqnVgxKcAO2mvAdOQXIbQP56omQQpEcN2BU=.jpg
메가MGC커피 배곧한라비발디점,신메뉴,제로 레몬말차 아이스티,3200,"말차와 레몬의 상큼한 조화에 식이섬유 '알파CD'를 더해 부담 없이 산뜻하고 가볍게 즐기는 제로 칼로리, 제로 슈가 아이스티",,http://imagefarm.baemin.com/smartmenuimage/upload/image/2026/4/30/MfuEq1oiBIm6HCDs6k8VUbyIvkITkQxd2GzFFI3bKCy7_6Ap0BozLDE_WpthBkQxzYCDmGMABwSPMOcl0Ptp2u81_t1-r7z8s9C8XjdJTPY=.jpg
메가MGC커피 배곧한라비발디점,신메뉴,팥빙 젤라또 파르페,5800,"다시 만나는 여름, 컵빙이 돌아왔다 쫀득한 팥 젤라또와 팥, 떡, 바삭한 믹스씨리얼이 조화를 이루는, 우유빙수의 풍미를 한컵에 담은 여름 시즌 한정 파르페.",,http://imagefarm.baemin.com/smartmenuimage/upload/image/2026/4/30/9zl7fSKluy44oaaNxQQ3dA2sPB-vQJss3DL29vOBEkYHb0BYPbnIqgYNFoqkkg6MRMIBPPamWtVhD0qsXKmi6RQYc8AmOhZd3VtKMDWv1t8=.jpg
메가MGC커피 배곧한라비발디점,신메뉴,말차 젤라또 팥빙 파르페,5800,"이번엔 말차다 달콤쌉싸름하고 깊은 말차 젤라또에 팥, 떡, 바삭한 믹스씨리얼이 어우러진, 말차 우유빙수의 풍미를 한 컵에 담은 여름 시즌 한정 파르페",,http://imagefarm.baemin.com/smartmenuimage/upload/image/2026/4/30/EMWfs2ty4TMDQGILt-SBxEPzsZD3XAzSSk7K0ootbnOn6hYptQO5ZLJqWZUkuv5DgHOUP5RAaAbM2yERVrJPkgqNE--kUaKLd-ZKDSbpKIg=.jpg
메가MGC커피 배곧한라비발디점,신메뉴,저당 꿀배 XO야쿠르트,4700,"저당으로 부담은 덜고, 새콤달콤한 맛은 더 풍부하게 꿀처럼 달콤한 배의 시원하고 깨끗한 단맛에 설탕 당류 지방 3 ZERO 야쿠르트 XO 2병이 들어간 리프레쉬 한 잔",,http://imagefarm.baemin.com/smartmenuimage/upload/image/2026/4/2/UfqULIz5CSzdcQ8Uku-09j84bEEmMDmJjk5L3Lrzv27G3CgYrM1arDk_9571lomFlnNss4JMojeiOqrKnbErPHR8Xb6K920JvHmbbh_4tDs=.jpg
메가MGC커피 배곧한라비발디점,신메뉴,딸기라떼,4700,딸기과육이 풍부히 느껴지는 스테디 셀러 산뜻하고 달콤한 딸기가 가득해 부드러운 우유와 어우러져 더욱 기분 좋게 즐기는 아이스 라떼,,http://imagefarm.baemin.com/smartmenuimage/upload/image/2026/1/15/TmY5mZVZON7WVEsk9N0lqrwBWWDbTE1-BZjPCBrRvJfWdjC1mOdhAZYiGM_vSTl3jvKsyD5Nb2X5h6ZB6XGzz2PeR_8KmsLSRFNqRlW1_OI=.jpg
메가MGC커피 배곧한라비발디점,신메뉴,밀크쉐이크,3700,우유 그대로의 부드러움에 달콤함을 더해 꾸덕하고 진~한 풍미를 느낄 수 있는 겨울시즌 한정 밀크쉐이크,,http://imagefarm.baemin.com/smartmenuimage/upload/image/2025/12/12/MO9koNRMx_TX3KqwqHb0KANrhFzgRy2ovEETfueRBhaCWTVKLQpFON26dfX9lWezmUhpgeRR7QWvqSw6phzG6M2YPHwMrfCeVJoqqtniE_w=.jpg
메가MGC커피 배곧한라비발디점,신메뉴,딥치즈 불고기 베이크,4900,바삭한 치즈가 올려진 빵 속 달콤 짭쪼롬한 불고기에 부드러운 체다치즈가 더해져 한 입 베어물면 입안 가득 풍미가 퍼지는 겨울시즌 한정 디저트,,http://imagefarm.baemin.com/smartmenuimage/upload/image/2025/12/12/S3H6QFo3trnpVbwKvVBmDyYBq1l-Ed95_Qv5lNkhT6hHs0tJ7p3fPHaRTVldxT-KM_wrzyzLttIzKtG1s04GCc4mekb2dyzN7icHrBS3rvA=.jpg
메가MGC커피 배곧한라비발디점,신메뉴,요거젤라또 씨리얼 초코베리믹스,4900,"초코쉘을 입힌 기존 요거트 젤라또에, 팥빙에서 즐기던 바삭한 믹스씨리얼을 베리믹스와 함께 듬뿍 더한 시원바삭 요거볼
(요거젤라또+믹스씨리얼+초코쉘+트리플믹스베리 조합)",,http://imagefarm.baemin.com/smartmenuimage/upload/image/2025/9/15/VrCUJP71JRxQ1Rg_GLcV3qhmfflpB5oV0gArqVZy6dqf7BsmCMDU53zleiewPQSfcYigwZbXPG6F47Rc4s0KOCrby2dSJPT7rwX0n8KUxRA=.jpg
메가MGC커피 배곧한라비발디점,신메뉴,요거젤라또 초코베리믹스,4900,"초코쉘을 입힌 요거트 젤라또에 세가지 달콤상큼 베리와 초코링, 고소한 그래놀라를 더한, 시원달달 요거볼",,http://imagefarm.baemin.com/smartmenuimage/upload/image/2025/9/4/K5FzvWyP6MJu9KG7YbE6TAKzSwzdzBg63Rzq-ljTa6OO0VTrG5dRsePLwwWniQ6gqL3GUdaDdTaz1foV4fcR3XvsQ0OXr9FTK1JZDler790=.jpg
메가MGC커피 배곧한라비발디점,신메뉴,초코젤라또 말차라떼,5400,"진하고 꾸덕한 초코 젤라또를 제주산 고품질 말차, 쌉싸름한 블렌딩 커피와 함께 즐기는 말차 에스프레소 라떼",,http://imagefarm.baemin.com/smartmenuimage/upload/image/2025/8/7/qiEVUbFIVUoXXSGeBUxhxtoPMqPc5kx5Hv3cD-t5-fV9ZgMKMPcsC5QLdi0AVhLvA5K18cMBE4fczld8S-W6Vofz7jN0xNikisSH7O-Ej2w=.jpg
메가MGC커피 배곧한라비발디점,신메뉴,멕시칸 미트칠리 핫도그,4600,"부드러운 빵에 뽀드득 통통한 소시지, 매콤한 미트칠리 소스를 더하고 체다치즈, 사워크림과 함께 즐기는 멕시코식 핫도그",,http://imagefarm.baemin.com/smartmenuimage/upload/image/2025/7/3/qAiEDeYt4z0S1lnsZTkWKHixfXDzaTNkG9THzQdw5Qf_wIDjGKPFvTw8yBgNPhFVpZbXhryhk0jeRU4oncnQgwcNNl8zmbSamTW6PM5WgTU=.jpg
메가MGC커피 배곧한라비발디점,신메뉴,메가베리 아사이볼,4900,상큼달콤 아사이볼 속에 세가지의 달콤한 베리와 건강한 그래놀라가 더해져 시원 달달하게 즐길 수 있는 딸기시즌 한정 디저트,,http://imagefarm.baemin.com/smartmenuimage/upload/image/2025/1/16/PJy30htqfncqffaMWCEZc2rnwYkv61zqxPIvQ5rJiv0XR_Uej052_rK_lAUzZ8gFxhNUZX5Vq29ZBB5NOjfT7Nt_EXM4793SwAuk7O2ivgo=.jpg
메가MGC커피 배곧한라비발디점,신메뉴,왕메가초코,5400,부드러운 우유에 진한 초코소스가 어우러져 달콤하게 입맛을 깨우는 왕 메가 사이즈 초코음료,,http://imagefarm.baemin.com/smartmenuimage/upload/image/2024/3/28/UR3DLCEnclOWLj7P7q8sR9VmnUmQBXO813tWgu1RLXGRbbb4GNIHA-Xm3pCa387AAQ4UvIJki2wT6OnbbQLwRPeXW_ZCFkuhNuHTza9G4Sk=.jpg
메가MGC커피 배곧한라비발디점,신메뉴,왕메가아이스티,4900,깊은 맛의 홍차와 달콤한 복숭아의 은은한 향이 어우러진 왕 메가 사이즈 아이스티,,http://imagefarm.baemin.com/smartmenuimage/upload/image/2024/3/28/wQVKLb6nRuZUZIcnehXmr3h79UKjEgmZlH7eNnfH3kZYxT4FDo-rZLNu7FLgPyjyHVWMe71aPExm6EPM5qIrktDHEts8nTsH0BQrSgPXeio=.jpg
메가MGC커피 배곧한라비발디점,신메뉴,제로 복숭아 아이스티,3900,"깊게 우려진 홍차와 은은한 복숭아향의 아이스티를 제로슈가, 제로칼로리로 즐길 수 있는 음료",,http://imagefarm.baemin.com/smartmenuimage/upload/image/2024/3/28/3L4imwx63FapHcrM0HJ-wZ3uWYUqagAs57VMEEiRCezkxRbXHKnpYMppT2-yOFosTxaP-nGFtjrdOjei2pfoJlVH6PjdS-usiv_cPW-ysVQ=.jpg
메가MGC커피 배곧한라비발디점,신메뉴,왕메가카페라떼,5300,진한 에스프레소와 부드러운 우유가 어우러져 고소한 풍미를 완성한 메가MGC커피만의 왕메가사이즈 라떼,,http://imagefarm.baemin.com/smartmenuimage/upload/image/2025/3/20/xpq-RqCbDy6y_fjSYwhZLoBD_QTQ6u871Seg-RmvS4bUVHDIv4Nkly8nyi8st5Sdyv9JezG4CkhyjVdqpDRf1UmXOHBjWZaFB_odWZw1_8A=.jpg
메가MGC커피 배곧한라비발디점,신메뉴,왕메가사과유자차,5400,애플티의 향긋함과 유자청의 상큼달콤함을 느낄 수 있는 메가MGC커피만의 왕메가사이즈 과일티,,http://imagefarm.baemin.com/smartmenuimage/upload/image/2025/3/20/3yn-iP85JT8B7hDnFzlrE6ZdWmepCOeMJiYhcFy6qOBUV6Jh2tTKBo8weSh5uFSjRKxldLMgqlFY9uZuBbSa8Eq7b2sH28JGa96AXyPSF4I=.jpg
메가MGC커피 배곧한라비발디점,신메뉴,치즈 품은 감자빵,4900,풍미 깊은 치즈와 포슬포슬한 감자를 가득 담아 낸 쌀가루로 만든 건강한 빵,,http://imagefarm.baemin.com/smartmenuimage/upload/image/2025/3/20/0LFRz1gbes6afsi8je0Y8gtgKvokKV-5d3nCQQ1IvNzPe227C_G_v-FhZm5bLmbV2OiNI5E6tewroaepUJfqQi47Tagp9R_VVQanmDEq7hQ=.jpg
메가MGC커피 배곧한라비발디점,신메뉴,와앙메리칸 뽀득 핫도그,4600,부드러운 빵 속에 뽀득뽀득 통통한 훈연향 소시지를 넣은 와앙 큰 아메리칸식 핫도그,,http://imagefarm.baemin.com/smartmenuimage/upload/image/2025/1/9/8nD17STX5RNSNQYHydaN9zciRSvcKfjB6FLEY2N9Gukp_yHeP_af2ME1Ujgm_wr9SRP1hPLXOslmE9BPwY8gm0g5DbHaCtjI1Fjm2GflC_I=.jpg
메가MGC커피 배곧한라비발디점,신메뉴,(ICE)할메가미숫커피,4100,곡물의 향이 고소한 미숫가루와 달달한 믹스커피의 황금비율 조합,,http://imagefarm.baemin.com/smartmenuimage/upload/image/2024/9/5/ZkZErzoj_-k8_NELBNeZ_fq27vndsl-Z6KUE6jvNB6O96LaGdm3Byab522LJbFblsnnw1qI5wZfK_k-hb9a4_bGyjnjGAO_ZevVUbETOFss=.jpg
메가MGC커피 배곧한라비발디점,커피,(ICE)할메가커피,3000,우리 할머니께서 즐겨드시던 달달한 믹스 커피 스타일로 만든 메가MGC커피만의 시원한 커피 음료,,http://imagefarm.baemin.com/smartmenuimage/upload/image/2023/9/7/XTYxU8D5ru8xERuv8Q_nGwtQqY6pckvlnIgsFKM_qcYzWIoFmYm7N_4_3iXMGjyCUxHnjPiH_SZoCRYw1RLD5CTw9nHeUiNM4p2lLm4Hzhg=.jpg
메가MGC커피 배곧한라비발디점,커피,(ICE)왕할메가커피,4300,우리 할머니께서 즐겨드시던 달달한 믹스 커피 스타일로 만든 메가MGC커피만의 메가사이즈 커피 음료,,http://imagefarm.baemin.com/smartmenuimage/upload/image/2023/9/7/pHbAGjPdZo7wmyoVWIPa0JK-X1Er71UHCEDm9n9B3x7z8nhNIuVh2GywxFVfdBGtqHaPeLZRWwNpyRGqtzmOO4Sig1s54SoQD8ywiW8RL4w=.jpg
메가MGC커피 배곧한라비발디점,커피,(ICE)메가리카노,4000,대용량 1L 아이스 아메리카노~,O,http://imagefarm.baemin.com/smartmenuimage/upload/image/2024/3/28/8CsObuLkuMrDWOrREdkcpwWmYWlfI17xflcueqovqDu5twGh02ahesy0CRuqQucN69lZtZJY8f3PK7Z2uvqwSntmQabGRJTm4ArIOZgPQ2w=.jpg
메가MGC커피 배곧한라비발디점,커피,(HOT)아메리카노,2200,"(기본 2샷) 메가MGC커피 블렌드 원두로 추출한 에스프레소에 물을 더해, 풍부한 바디감을 느낄 수 있는 스탠다드 커피",,http://imagefarm.baemin.com/smartmenuimage/upload/image/2024/6/14/dSD5PDtxR3lyFWJixlb7rtCHsj3nRwRdqWCfxak4UeBo9GVO-jcAVJlEhJSQm6Tbt0ee4h2ehKit2OzgNRW8Ewu-rg-UP6YC-NrOxLdUThA=.jpg
메가MGC커피 배곧한라비발디점,커피,(ICE)아메리카노,2500,"(기본 2샷) 메가MGC커피 블렌드 원두로 추출한 에스프레소에 물을 더해, 풍부한 바디감을 느낄 수 있는 스탠다드 커피",O,http://imagefarm.baemin.com/smartmenuimage/upload/image/2024/3/28/YCTJRzZzLM3VeSgEAlQ7tuV1LyTaKOPLh4wLzRd-ZcC9nkv9nASXJa5yQB-IAKa4DRwGWjXtk_kvwXu_8qLUHieWowmfXWcQz1r7kUVl28o=.jpg
메가MGC커피 배곧한라비발디점,커피,(HOT) 헛개리카노,3400,국내산 헛개수와 메가MGC커피만의 아메리카노를 더해 고소한 맛이 조화로운 블렌딩 커피,,http://imagefarm.baemin.com/smartmenuimage/upload/image/2025/3/20/yHKiitGVKZDmDw_-aJrjoMR4SgrCUos1k8iSSXk3foMHpbuBxJ9_GW3rVjXpFIpZVsYBGtxv5Ki17HvmTwYdqCSOgwUndes4aqiewPv9tmE=.jpg
메가MGC커피 배곧한라비발디점,커피,(ICE) 헛개리카노,3400,국내산 헛개수와 메가MGC커피만의 아메리카노를 더해 고소한 맛이 조화로운 블렌딩 커피,,http://imagefarm.baemin.com/smartmenuimage/upload/image/2025/3/20/ImQ5tPNk0JcxDRPqJwVNFmsefUOUEpN4aG1cuwCPDsRD5NpUHjmoMFczbKPtn-2TpiBygoga-qiIJnGz78G7JHjA5EgAkHX9acfkFZ-cWsI=.jpg
메가MGC커피 배곧한라비발디점,커피,(ICE)왕메가 헛개리카노,4400,국내산 헛개수와 아메리카노를 블렌딩해 고소한 맛이 더욱 커진 왕메가사이즈 커피,,http://imagefarm.baemin.com/smartmenuimage/upload/image/2025/3/20/qNdW5Ud-ZBVlPxXx64zgX7_yWvY-E9vElWviGuvTeDM3jq362kh0JeQ7xURqnvIMYmLYlJf2CDk9nLrJGTHhKZ2Gk0e7JJczsORnG6ONxoU=.jpg
메가MGC커피 배곧한라비발디점,커피,(HOT)헤이즐넛아메리카노,3700,아메리카노에 헤이즐넛의 강렬한 향과 달콤함을 담아 향긋하고 부드럽게 즐기는 커피,,http://imagefarm.baemin.com/smartmenuimage/upload/image/2024/6/14/7V0TAZIKA1267ZNhJ3t-0K_Svegy-u-52wOqkHXXrV2H2hDmaa9MWdjjp_1GhPnAXj18mFDSEughXNFVUbGfWwRbLBTGDEnmeqSa0NIMlgY=.jpg
메가MGC커피 배곧한라비발디점,커피,(ICE)헤이즐넛아메리카노,3700,아메리카노에 헤이즐넛의 강렬한 향과 달콤함을 담아 향긋하고 부드럽게 즐기는 커피,,http://imagefarm.baemin.com/smartmenuimage/upload/image/2024/3/28/cKMztbK7XLq3ioWnlAZfusbQM8ns3lNOswhrFvWF8cWavxKHiqpyecdqTWQZeQxWGwk6ouTFBxUQxbN-z1p_mmKXDGxe3SIEcfzxPzQAw-w=.jpg
메가MGC커피 배곧한라비발디점,커피,(HOT)바닐라아메리카노,3700,바닐라의 향과 달콤함을 아메리카노에 부드럽게 어우른 커피,,http://imagefarm.baemin.com/smartmenuimage/upload/image/2024/6/14/2TDbjsz85evdHbyKWrCnuPXSJiM1NTO5KlciwQINPKSk_ES9zC_HCUJXI727eQS0hxRi_PwBeFU9omti6jL8nrS13YdBbd19wMWA2SM0h74=.jpg
메가MGC커피 배곧한라비발디점,커피,(ICE)바닐라아메리카노,3700,바닐라의 향과 달콤함을 아메리카노에 부드럽게 어우른 커피,,http://imagefarm.baemin.com/smartmenuimage/upload/image/2024/3/28/Dyyg4M-TuivICWG0DzT1ddRM09n5YcVJ2akSZ6euV73MqNAsuaXN3ZH-bdZoiUW_o4mHBw8PzCeRTfcsyGD6iyUDGc5D0S6sGKF7LhbLOSQ=.jpg
메가MGC커피 배곧한라비발디점,커피,(HOT)꿀아메리카노,3700,아메리카노의 묵직한 바디감에 달콤한 사양벌꿀이 소프트하게 어우러진 커피,,http://imagefarm.baemin.com/smartmenuimage/upload/image/2024/6/14/E_GI92IP8MDF0elc9TmEzBRGL_vtqWqvSkDy5JkoyyFio9bCJHsVCc_HUhU70aVpW4uhJe739fNUoG9cDTHXvILR1vXqffvibQ8PI8L6L5k=.jpg
메가MGC커피 배곧한라비발디점,커피,(ICE)꿀아메리카노,3700,아메리카노의 묵직한 바디감에 달콤한 사양벌꿀이 소프트하게 어우러진 커피,,http://imagefarm.baemin.com/smartmenuimage/upload/image/2024/3/28/ZmB0jjto-EMFila3QBgFbfkvrWYtDsAfoWhgXSjDWojj6mwWAyozF37O1nH6NGCFmg2UaH0eXzz_fbSQlzNC39VbfMefxnduP7B390G2Ixs=.jpg
메가MGC커피 배곧한라비발디점,커피,(HOT)카페라떼,3900,진한 에스프레소와 부드러운 우유가 어우러져 고소한 풍미를 완성한 라떼,,http://imagefarm.baemin.com/smartmenuimage/upload/image/2024/6/14/e6nWNm2hOvNX9cRnTGmvoZ6IzAZXg4aT6xMgmwEMj_FH-_YH5QM9BQo3yqlxp0Q-zUYjqDEYn4hJnAJnO-YJalXA6583v8ByAdw9PdxMZg0=.jpg
메가MGC커피 배곧한라비발디점,커피,(ICE)카페라떼,3900,진한 에스프레소와 부드러운 우유가 어우러져 고소한 풍미를 완성한 라떼,,http://imagefarm.baemin.com/smartmenuimage/upload/image/2024/5/9/FCC2nEv-cy9xNWmbf8NL6SANmU7AR2ktB4k9WymJ1QqPZLwU_H5GK2Tw44izYI-QSR3nsERjpF9NOd1b2QtQPfhsYsJ9oFDGtrnDEXA96_I=.jpg
메가MGC커피 배곧한라비발디점,커피,(HOT)헤이즐넛라떼,4400,부드러운 카페라떼에 헤이즐넛의 강렬한 향과 달콤함을 담아 향긋함을 더한 라떼,,http://imagefarm.baemin.com/smartmenuimage/upload/image/2024/6/14/rgFIKA76rYbztL5hz_ET9M8uaeuiC2N_Jq7lXs0DwCU0i2eaoZU5k0PdJfs0yx72vIvFGIvffvq1GQvocJOQsPKk0gHr_M7AFCKihRhxSTE=.jpg
메가MGC커피 배곧한라비발디점,커피,(ICE)헤이즐넛라떼,4400,부드러운 카페라떼에 헤이즐넛의 강렬한 향과 달콤함을 담아 향긋함을 더한 라떼,,http://imagefarm.baemin.com/smartmenuimage/upload/image/2024/5/9/jMRcX9xf_commN4yBBz-BtxLq7VZFYmRoFryZ_tRPKfRbOdBnBjP6xZr4Lxui5oEYMd3fou6LciSlzRJ1YnHcORBCLwNr3JXjO9D2r_Gqy0=.jpg
메가MGC커피 배곧한라비발디점,커피,(HOT)바닐라라떼,4400,바닐라의 짙은 향과 풍부한 폼 밀크의 조화가 인상적인 달콤한 라떼,,http://imagefarm.baemin.com/smartmenuimage/upload/image/2024/6/14/FK_ItzAlwFMUqZr9oyC_XN_DmRgsUlxTyYvRgD4_psmJvYhV1HpfKjhLMeeBowZnA-2IJiykoGFw6v23zVGZvl0nxDLHaofDqoZL8gTtBIc=.jpg
메가MGC커피 배곧한라비발디점,커피,(ICE)바닐라라떼,4400,바닐라의 짙은 향과 풍부한 폼 밀크의 조화가 인상적인 달콤한 라떼,,http://imagefarm.baemin.com/smartmenuimage/upload/image/2024/5/9/uEqU4V9G546DSKlY-BefMiyymtAt7A0MmhcMGTP3WwTYD1iw7sOp_CNnC6KK6pQsGm0LyHiFf6GL07hiNfnLpSSCuMJtZyB5iLjf0V25fw4=.jpg
메가MGC커피 배곧한라비발디점,커피,(HOT)카라멜마끼아또,4700,폼 밀크 속에 진한 에스프레소와 달콤한 카라멜을 가미해 부드럽게 즐기는 커피,,http://imagefarm.baemin.com/smartmenuimage/upload/image/2024/6/14/Lbh3H-R9tIREruhkEin5YPhKG9X5ZEU4Tw8ayHWkfecFwHXe5xtuTzG31MHFLtS1YAkTFGq1Cr2YSeKwvAyeL5es7XF4SA9WZC7-_b0we50=.jpg
메가MGC커피 배곧한라비발디점,커피,(ICE)카라멜마끼아또,4700,폼 밀크 속에 진한 에스프레소와 달콤한 카라멜을 가미해 부드럽게 즐기는 커피,,http://imagefarm.baemin.com/smartmenuimage/upload/image/2024/6/4/ZP_gZJTGqfnSMl9HwVW0o6RZR3nByKXXdFMvsU2fWI8yWxSeQF8K2iDOgaXfp9jKwgbEuzDpd1CsB7ZSpk0EXcL999TEuA-TgfP01DAjoXU=.jpg
메가MGC커피 배곧한라비발디점,커피,(HOT)카페모카,4900,"초코를 만나 풍부해진 에스프레소와 고소한 우유, 부드러운 휘핑크림까지 더해 달콤하게 즐기는 커피",,http://imagefarm.baemin.com/smartmenuimage/upload/image/2024/6/14/3drWhW1zSAyeHZwYGsWEJlVl2ba9nkENPyi5Zzn14z_cPTdVTPOf6X9idZkO32MSMZPuUyvSpk9MHye1TcoRlAz6kczY6wKcnS_1ieyVHGY=.jpg
메가MGC커피 배곧한라비발디점,커피,(ICE)카페모카,4900,"초코를 만나 풍부해진 에스프레소와 고소한 우유, 부드러운 휘핑크림까지 더해 달콤하게 즐기는 커피",,http://imagefarm.baemin.com/smartmenuimage/upload/image/2024/9/27/tuLjHc0hz2y94RCd31DnwRK4tjvwczOcHrM-G7VXpxe9ykC8ENqkJpgtVWCeqe_t.jpg
메가MGC커피 배곧한라비발디점,커피,(ICE)큐브라떼,5200,"연유를 섞은 라떼에 에스프레소를 얼린 커피큐브를 올려, 녹을수록 더 진한 커피가 느껴지는 라떼",O,http://imagefarm.baemin.com/smartmenuimage/upload/image/2024/6/4/oIzdaYhQ8HggpGVFaholmFQuAh_6kPOsakrXsoSirkEc423pVbiqZWxuThW5gw4omdwHfUmu9SwL8RkB580Rpf8WrvpuJ_wT8h7EYLLVcco=.jpg
메가MGC커피 배곧한라비발디점,커피,(ICE)라이트 바닐라 아몬드라떼,4900,비건 음료 아몬드브리즈와 칼로리를 낮춘 라이트 바닐라 시럽이 만나가볍지만 부드~러워진 여름시즌 한정 라떼,,http://imagefarm.baemin.com/smartmenuimage/upload/image/2024/7/4/MNYEW4vRV-DFkOiJgotutu_Mblgste4-rZdKoTXAl8dbrch67y8KYiKComMUFI4ARyu8qovykIrxhRezfpGyDbb49KWjUmeKdBQyyMB_uzk=.jpg
메가MGC커피 배곧한라비발디점,커피,(ICE)연유라떼,4900,"향기로운 에스프레소 샷, 부드러운 우유 그리고 달콤한 연유가 조화롭게 어우러진 라떼",,http://imagefarm.baemin.com/smartmenuimage/upload/image/2024/6/4/f8TY5r1HI9eWKCivIyv9vqPFdeyK7tE11TwJ3gNQeCBAUXuWkYGl8KuSvGSZ27vnb6UbRygdz0n7pbmvQ2ScpkHq0zDQ5IS53tAEUgGt-lo=.jpg
메가MGC커피 배곧한라비발디점,커피,(HOT)연유라떼,4900,"향기로운 에스프레소 샷, 부드러운 우유 그리고 달콤한 연유가 상냥하게 어우러진 라떼",,http://imagefarm.baemin.com/smartmenuimage/upload/image/2024/6/14/T0fcCOFTu8MpFhtF7lhXy2vxWWLdE6P2v6uw0iPSX99Czgp5cIJFx0LBoNoJQFkHgqWCv24WNGMhsIvGqfV1OHEFobQNbsaRBW31REsEYxc=.jpg
메가MGC커피 배곧한라비발디점,디카페인,(ICE)디카페인 메가리카노,5500,메가MGC커피 디카페인 아메리카노를 '960ml' 더 크고 가볍게 즐길 수 있는 대용량 커피,,http://imagefarm.baemin.com/smartmenuimage/upload/image/2024/3/28/x7nUb0kciADVxM_achO01I65GqnNNZ4pGjqLhNpKjT4h9K-xhdR8ngUDyMrN64znetnV9GSWSlfrTa3yUnnBAblyvtmVjom19s1-se3jTAI=.jpg
메가MGC커피 배곧한라비발디점,디카페인,(HOT)디카페인 아메리카노,3500,"향과 풍미 그대로 카페인만을 낮춰 민감한 분들도 안심하고 
매일매일 즐길 수 있는 디카페인 커피",,http://imagefarm.baemin.com/smartmenuimage/upload/image/2024/6/14/skVc7BWchEyb2Ca5Dn40iuEta-_8W6qkJ7LnoJPNVULktE3wPVaHmaQWuNiW6m99n3dQ69qDz1t1S258f5OGhn_a21mDE9PNPqf4qI95JB0=.jpg
메가MGC커피 배곧한라비발디점,디카페인,(ICE)디카페인 아메리카노,4000,"향과 풍미 그대로 카페인만을 낮춰 민감한 분들도 안심하고 
매일매일 즐길 수 있는 디카페인 커피",,http://imagefarm.baemin.com/smartmenuimage/upload/image/2024/3/28/1fNtPohtW9nOlB5FBEDYUDRi4VQq4tYID6XyaFPctUwQbTDlyno6XGd84zXVgooCgxPivwYyvsdLQMpwV0NiF_nABZ3dri3ou_XkS2k8M9Y=.jpg
메가MGC커피 배곧한라비발디점,디카페인,(HOT)디카페인 헛개리카노,4400,국내산 헛개수와 메가MGC커피만의 디카페인 아메리카노를 더해 고소한 맛이 조화로운 블렌딩 커피,,http://imagefarm.baemin.com/smartmenuimage/upload/image/2025/3/20/5GxlWbLUyuE7woSQDlofHujRBmBcrrzqK9t-Un1T5pmfsUPgHA2pi5I0Y-oJWZSOJLvvm6RDXueN_kRzPdlHdVMImLA5q7dkRWNOmAElLhw=.jpg
메가MGC커피 배곧한라비발디점,디카페인,(ICE)디카페인 헛개리카노,4400,국내산 헛개수와 메가MGC커피만의 디카페인 아메리카노를 더해 고소한 맛이 조화로운 블렌딩 커피,,http://imagefarm.baemin.com/smartmenuimage/upload/image/2025/3/20/2fcU8MkE2bijqf2d8X1sIR2hlqEHWaspib5PhMT1_Y9jx7jKiIzKgLLaBnwCoN3xJPGNWiFK7VDuQytLYBGsWk3NUAdKA_pF3zbcN3kPOIs=.jpg
메가MGC커피 배곧한라비발디점,디카페인,(ICE)디카페인 왕메가헛개리카노,5900,국내산 헛개수와 디카페인 아메리카노를 블렌딩해 고소한 맛이 더욱 커진 왕메가사이즈 커피,,http://imagefarm.baemin.com/smartmenuimage/upload/image/2025/3/20/YXNAzS4U-xa9RmTwtU2OnWzFGnrwYXpyobQjkI3EVV0EuZiTmkkv5vuithkRT81yOmVxcMZ4PUVQCmfteuqfPKErn8poSNObSmqpWPw7Xto=.jpg
메가MGC커피 배곧한라비발디점,디카페인,(ICE)디카페인 왕메가카페라떼,6900,디카페인 에스프레소와 부드러운 우유가 어우러져 고소한 풍미를 완성한 메가MGC커피만의 왕메가사이즈 라떼,,http://imagefarm.baemin.com/smartmenuimage/upload/image/2025/3/20/KuUe3gLNCjF6o_UCfqT3x_-LqDCv1aLvaGNYCIO3CBPN3CZsPU5FhkH0lsDkVY9z9q30tkyuV7MX3Mg5SeQnysV0EmohpGPVnbGYFpfRKsM=.jpg
메가MGC커피 배곧한라비발디점,디카페인,(ICE)디카페인 라이트바닐라아몬드라떼,5900,비건 음료 아몬드브리즈와 칼로리를 낮춘 라이트 바닐라 시럽이 만나 가볍지만 부드러워진 디카페인 식물성 라떼,,http://imagefarm.baemin.com/smartmenuimage/upload/image/2025/11/6/NsSstOq2-J945QP86fn8hZn7yb-HNr4VsFU9QpONQbXHOyzySzTlS4Yh38_bKX8mD6M97yWsLaJ3ePPxcCP9JK0mCWla-GD8qRI_Yh0nxG8=.jpg
메가MGC커피 배곧한라비발디점,디카페인,(HOT)디카페인 꿀아메리카노,4700,디카페인 아메리카노의 묵직한 바디감에 달콤한 사양벌꿀이 소프트하게 어우러진 커피,,http://imagefarm.baemin.com/smartmenuimage/upload/image/2024/6/14/ckhw4zNVGZ7KVqLgj-SoGm2FLb8kjh8a8UyamYbhoazvRQdYgHHSsBNF2qfEYJTCgssRBFqyJeARO_2LYVPoc_5LW83uyOSEDijWkNTJHH4=.jpg
메가MGC커피 배곧한라비발디점,디카페인,(ICE)디카페인 꿀아메리카노,4700,디카페인 아메리카노의 묵직한 바디감에 달콤한 사양벌꿀이 소프트하게 어우러진 커피,,http://imagefarm.baemin.com/smartmenuimage/upload/image/2024/3/28/Vrld1P_KUtkVvRIKlWeYojBJagmEv1Hv8JJzGoNjExJqWdQyY0Xl_N5BAOgAuKNgL9g34dOL6FGttcrg9SUw2y-5KPTMOqNfkJp03O1tgag=.jpg
메가MGC커피 배곧한라비발디점,디카페인,(HOT)디카페인 헤이즐넛아메리카노,4700,"디카페인 아메리카노에 헤이즐넛의 풍성한 향과 달콤함을 담아 
향긋하고 부드럽게 즐기는 커피",,http://imagefarm.baemin.com/smartmenuimage/upload/image/2024/6/14/mkVt_DBWr2NNiDWVD2-UnsrRykuVHieCG4LsSQbSxPae775K5boIDvSdHvqzbujUwc4nR-2GXVjvYr45Rxlz-5VSZd4cF8h3_Is7jrqG4Ww=.jpg
메가MGC커피 배곧한라비발디점,디카페인,(ICE)디카페인 헤이즐넛아메리카노,4700,"디카페인 아메리카노에 헤이즐넛의 풍성한 향과 달콤함을 담아 
향긋하고 부드럽게 즐기는 커피",,http://imagefarm.baemin.com/smartmenuimage/upload/image/2024/3/28/kodu_amIhA-DPPD0ARhxINv3sSkIl3ahnS7B1-XP-eavWRiDJG8QzlnusnvmgQfvUBi8O9QMZt61dmqrfHtaxuX8YlJPh8SAKHKV0CXJsoc=.jpg
메가MGC커피 배곧한라비발디점,디카페인,(HOT)디카페인 바닐라아메리카노,4700,디카페인 아메리카노에 바닐라의 부드러운 향과 달콤함을 조화롭게 담아낸 커피,,http://imagefarm.baemin.com/smartmenuimage/upload/image/2024/6/14/KOUNG1AwU4Bp5u274fI9yucuZArTSi14yaDJv9Eag5wURNEQu5Hl-uHbGluk90URHcGpQ4Zv8XM2ZdZGIxkDwjhPCTieUUjiwJHb-vYduYc=.jpg
메가MGC커피 배곧한라비발디점,디카페인,(ICE)디카페인 바닐라아메리카노,4700,디카페인 아메리카노에 바닐라의 부드러운 향과 달콤함을 조화롭게 담아낸 커피,,http://imagefarm.baemin.com/smartmenuimage/upload/image/2024/3/28/l_GDxsvo7ZLpGyTMLKgsslNn0ipMaIdBTLYI6_rZ3psN6uBB4w6c8ZPHi1od2f8NbXupJtjRCpDNRQoSfgTWH1dt6kApw29_Nnq6M5tNzh0=.jpg
메가MGC커피 배곧한라비발디점,디카페인,(HOT)디카페인 카페라떼,4900,디카페인 에스프레소와 부드러운 우유가 어우러져 고소한 풍미를 완성한 라떼,,http://imagefarm.baemin.com/smartmenuimage/upload/image/2024/6/14/7mDig55TZN1lcsoJ-RtyBp8h6fwX8x10l6mLBWNsSaF3zF9MbjSGFDAyYT3OOJ2g34YWZ8X1WVrEuBPC5mmFHhlX6bA1vsMTW68ceG2nJZI=.jpg
메가MGC커피 배곧한라비발디점,디카페인,(ICE)디카페인 카페라떼,4900,디카페인 에스프레소와 부드러운 우유가 어우러져 고소한 풍미를 완성한 라떼,,http://imagefarm.baemin.com/smartmenuimage/upload/image/2024/5/9/QntryCSa9sk__4ok4k_F3T16oUnJfmzCwrxdeydE6VOqte6trGa-J_ue6u1uKAS6qUrHhMzRXWSgwmMT8lz78q4qI9DhmJK1BazdMD0CdEI=.jpg
메가MGC커피 배곧한라비발디점,디카페인,(HOT)디카페인 바닐라라떼,5400,디카페인으로 즐기는 바닐라의 짙은 향과 풍부한 폼 밀크의 조화가 인상적인 달콤한 라떼,,http://imagefarm.baemin.com/smartmenuimage/upload/image/2024/6/14/H0IV-4CWmFlw_X8XBGBCR5wybYN7GK0sL3PkngYmd8XIvAIeWOwHpTIjqBHWhBupU7WxktxEUHMloUXB1jjsn2iVA3_vH2dOmLlCv1ZNNRw=.jpg
메가MGC커피 배곧한라비발디점,디카페인,(ICE)디카페인 바닐라라떼,5400,디카페인으로 즐기는 바닐라의 짙은 향과 풍부한 폼 밀크의 조화가 인상적인 달콤한 라떼,,http://imagefarm.baemin.com/smartmenuimage/upload/image/2024/5/9/wzK-IiDULmS6NiyITNJoJ7i_25IopEooO_h5TodWSoQhph-7wLbxx3IQARP8rYpbtj68Gmd6KcyVK4C02PROQDfYh0DPvy2XDKsVtbO12uI=.jpg
메가MGC커피 배곧한라비발디점,디카페인,(HOT)디카페인 헤이즐넛라떼,5400,"부드러운 카페라떼에 헤이즐넛의 풍부한 향과 달콤함을 담아 향긋하게 즐길 수 있는 
디카페인 라떼",,http://imagefarm.baemin.com/smartmenuimage/upload/image/2024/6/14/VHTcXWLo_t9G0SDMMt_T35FyoixHt0i1xUBpHHtO1jn1VdqHj4zI98jFY3rNde6Lz4hNIDI2QXMLq4ji5lc2xqjPlDGMDy8dOgPlC7z9lE4=.jpg
메가MGC커피 배곧한라비발디점,디카페인,(ICE)디카페인 헤이즐넛라떼,5400,"부드러운 카페라떼에 헤이즐넛의 풍부한 향과 달콤함을 담아 향긋하게 즐길 수 있는 
디카페인 라떼",,http://imagefarm.baemin.com/smartmenuimage/upload/image/2024/5/9/jdQ4VQ9Xn-5iJZyX33VisJB3iCrv9x0pEI1bmqTK870RR2ohU6p5Rx5CRQyYDRouNVSsaGqtXwHBFKgkwPUenMHH8UNgl67MXipvkQhaQSA=.jpg
메가MGC커피 배곧한라비발디점,디카페인,(HOT)디카페인 카라멜마끼아또,5700,폼 밀크 속에 진한 디카페인 에스프레소와 달콤한 카라멜을 가미해 부드럽게 즐기는 커피,,http://imagefarm.baemin.com/smartmenuimage/upload/image/2024/6/14/UxQLNgZsnHypXltzlOv6456wc0saPL5alF4IGVraqH25iR2XX7pepVNYQ0lBUVwVSaJZRC4MMhmIZAbzIClr8CGHWBS1T7ucYet2WtkFCgQ=.jpg
메가MGC커피 배곧한라비발디점,디카페인,(ICE)디카페인 카라멜마끼아또,5700,폼 밀크 속에 진한 디카페인 에스프레소와 달콤한 카라멜을 가미해 부드럽게 즐기는 커피,,http://imagefarm.baemin.com/smartmenuimage/upload/image/2023/1/19/ZDloHWlQmeNoVePMrRUWuLNtXLdsIpT_YM1daMq2vK3qDC-Z2aObAtFIrfKXz7Y2QdbfL5mgM4spJQ3P7lb2jK40jtE4QSkPmd8Vkfh3O34=.jpg
메가MGC커피 배곧한라비발디점,디카페인,(HOT)디카페인 카페모카,5900,"초코를 만나 풍부해진 디카페인 에스프레소와 고소한 우유, 
부드러운 휘핑크림까지 더해 달콤하게 즐기는 커피",,http://imagefarm.baemin.com/smartmenuimage/upload/image/2024/6/14/Ml6EzntvSbRQFFE_bj6OCj0UfNLtm8E9DQEgUfbhY_VPOkujs_txNHz5T7MWe7lhmdNuppQCc5K8wnWbuuh5DK4C1fnkK9CmtX4L4mNzuyA=.jpg
메가MGC커피 배곧한라비발디점,디카페인,(ICE)디카페인 카페모카,5900,"초코를 만나 풍부해진 디카페인 에스프레소와 고소한 우유, 
부드러운 휘핑크림까지 더해 달콤하게 즐기는 커피",,http://imagefarm.baemin.com/smartmenuimage/upload/image/2023/1/19/JA9HhCKEnY2DwfC4tba2Cmih2go7T6aWoPJLgPSgM5Mcg6mABbHhPInKaHoIx57AIcfXiB2VSM_HZ1CbrRRC3gm_X3ZH-VTDB87ewQQF-Ds=.jpg
메가MGC커피 배곧한라비발디점,디카페인,(ICE) 디카페인 연유라떼,5900,"디카페인 에스프레소 샷, 부드러운 우유 그리고 달콤한 연유가 조화롭게  어우러진 디카페인 라떼",,http://imagefarm.baemin.com/smartmenuimage/upload/image/2024/6/4/FVFUpwTG4iiT6isAdlbl3_RMM_Sf7T-f3hjAsvs9sauUZQXVBYtXMkSm_LSOn-QiLlnTPZlMZkJTclG9v2o4UhyQTkYu40-RmF2bG8E4Saw=.jpg
메가MGC커피 배곧한라비발디점,디카페인,(HOT)디카페인 연유라떼,5900,"디카페인 에스프레소 샷, 부드러운 우유 그리고 달콤한 연유가 조화롭게 어우러진 라떼",,http://imagefarm.baemin.com/smartmenuimage/upload/image/2024/6/14/i0PLW15wSa3tU2BAembTyPPwJoE53qxRRv7v7ZEvWU4rF2d3HeKaioXNeQ_GZm_n34WSgBygRsDrrr65vujOp5bLwzd-sgxOoCr2lgaLITM=.jpg
메가MGC커피 배곧한라비발디점,콜드브루,(HOT)콜드브루오리지널,4500,차가운 물에 장시간 우려내 깔끔한 목넘김을 느낄 수 있는 콜드브루,,http://imagefarm.baemin.com/smartmenuimage/upload/image/2024/6/14/KM0IQkTvYPk8UgQfkDC4PkVepH46mfU5-SvQ53TcAQlRtWBcq_oLHMhifSzvGgtqrvj61yej0-MzlEoC_E_7qFB9Vr1_hLuvE09BGN0jXP0=.jpg
메가MGC커피 배곧한라비발디점,콜드브루,(ICE)콜드브루오리지널,4500,차가운 물에 장시간 우려내 깔끔한 목넘김을 느낄 수 있는 콜드브루,,http://imagefarm.baemin.com/smartmenuimage/upload/image/2024/6/4/wBZMMZKr_-1d-niKysrpJKafXiKnikZcy7K9TugujVdD48H0Zu_izdy7_AJZ3zX0i6Em4ARnPcUgrjtHiePXurHzUYDh6A3yLb35_gX2qp8=.jpg
메가MGC커피 배곧한라비발디점,콜드브루,(HOT)콜드브루라떼,5000,"콜드브루에 고소한 우유를 섞어, 깔끔함과 부드러움을 잡은 콜드브루 라떼",,http://imagefarm.baemin.com/smartmenuimage/upload/image/2024/6/14/c4P5gfFHdeR6AS8mOvVeXNXIBpLEXqF_eiPhg-8qOUviI9V_OcECnouHen1Smf8bDAVENf9N63FYLYkXj1a-OBhc1XQaqCaiS56SWhFymAI=.jpg
메가MGC커피 배곧한라비발디점,콜드브루,(ICE)콜드브루라떼,5000,"콜드브루에 고소한 우유를 섞어, 깔끔함과 부드러움을 잡은 콜드브루 라떼",,http://imagefarm.baemin.com/smartmenuimage/upload/image/2024/9/27/Og6mGDoYAqw8RLQyF9uj21A8urCmzSVt6Z2TksfJ3TgJfmhiWU0MjsJUsejC5G1B.jpg
메가MGC커피 배곧한라비발디점,콜드브루,콜드브루상품용,22000,1L 콜드브루 원액입니다.,,http://imagefarm.baemin.com/smartmenuimage/upload/image/2024/8/27/FWHRpfVZhJAHGYPyXcUgA1OBlHGvHP6Cy7IBNQQMl-261FUrjfF42H6ZjNKeBvy4.jpg
메가MGC커피 배곧한라비발디점,콜드브루,(HOT)콜드브루디카페인,4500,"카페인을 줄였지만, 원두 본연의 향미를 풍부하게 살려 맛을 잡은 콜드브루 디카페인",,http://imagefarm.baemin.com/smartmenuimage/upload/image/2024/6/14/ZPGPcFHZcWodTdirR5LTP6bOvRRrGTsSE6Rc6YEKc2Nb-7lk3i8xmLVbURrj70N54G6iAgm7hObGMMI3A2T_uuBaPHATsfp6f77FzpD93QI=.jpg
메가MGC커피 배곧한라비발디점,콜드브루,(ICE)콜드브루디카페인,4500,"카페인을 줄였지만, 원두 본연의 향미를 풍부하게 살려 맛을 잡은 콜드브루 디카페인",,http://imagefarm.baemin.com/smartmenuimage/upload/image/2021/6/10/GOxgpn2ByDSUxg9suVMs8k9ajfm47K7hu678chtz7PhI424ONVC_KDsueF6vZVUN.jpg
메가MGC커피 배곧한라비발디점,콜드브루,(HOT)콜드브루디카페인라떼,5000,"고소한 우유를 섞어, 커피향에 부드러운 풍미를 가미한 콜드브루 디카페인 라떼",,http://imagefarm.baemin.com/smartmenuimage/upload/image/2024/6/14/Gj_Chm58Nd7GjIolW8kE0FVRdyq2PgtyFzqbloy9NWCcZfvBQeZPnqe1ZbDzwZz2BzdoTEa_dzztS3Adauw9RIcZI7uY--N58w_CCii79mo=.jpg
메가MGC커피 배곧한라비발디점,콜드브루,(ICE)콜드브루디카페인라떼,5000,"고소한 우유를 섞어, 커피향에 부드러운 풍미를 가미한 콜드브루 디카페인 라떼",,http://imagefarm.baemin.com/smartmenuimage/upload/image/2021/6/10/GOxgpn2ByDSUxg9suVMs8pTWPvW9Ovj10Bf-RPqRniUCgwPxMPhvsKlOvSae0-XF.jpg
메가MGC커피 배곧한라비발디점,콜드브루,콜드브루디카페인상품용,22000,1L 콜드브루디카페인 원액입니다.,,http://imagefarm.baemin.com/smartmenuimage/upload/image/2024/8/27/jDcumZh-WFJH6CmPBXX5VrINyx4D6qLckp0R5wdPT2ItzofId09Wkjjo6nBqbZNB.jpg
메가MGC커피 배곧한라비발디점,스무디&프라페,코코넛커피 스무디,5800,바삭하고 고소한 코코넛 칩을 올리고 쌉싸름한 커피와 달콤한 코코넛이 조화로운 스무디,,http://imagefarm.baemin.com/smartmenuimage/upload/image/2023/5/4/NTpYj9oh5Um6UHul3OWZzFprw4rYvtemcJziGdtRtPOsa6qWqB1w_63yns2wqEG-WY9yvMLcMU193Nqo7YbZrMFs-4qIcjZwRlktoz-GWUI=.jpg
메가MGC커피 배곧한라비발디점,스무디&프라페,초코허니퐁크러쉬,4900,리얼 벌꿀이 들어가 더 달콤한 허니퐁시리얼과 달콤한 초코가 만나 시원하게 즐기는 달달한 프라페,,http://imagefarm.baemin.com/smartmenuimage/upload/image/2024/6/4/hYknmTYOCwRzKtEmdJa-DSKiBsJDkaWcQXkkVc7gS-mHJOHbqQKtgKdHNab5cON7qSq5p7wluB5_kefkkHnDG2MyXM43I99Ja-cH22FqrPY=.jpg
메가MGC커피 배곧한라비발디점,스무디&프라페,플레인퐁크러쉬,4900,"우유와 퐁시리얼, 얼음을 함께 갈아 시원하게 즐기는 달달한 프라페 음료",,http://imagefarm.baemin.com/smartmenuimage/upload/image/2024/6/4/sgtWxTqzKESS26TloH6u7CcY17wFD-Loe3qS1Mn2zBsbUwSWoyW_mSRSEEy23W-foxo0e6_EZBXGgv4KIVTKOSlRizrCQNMUNFaajdobQZY=.jpg
메가MGC커피 배곧한라비발디점,스무디&프라페,딸기퐁크러쉬,4900,"우유와 퐁시리얼, 상큼한 딸기를 믹스하고, 얼음을 함께 갈아 시원하게 즐기는 달달한 프라페 음료",,http://imagefarm.baemin.com/smartmenuimage/upload/image/2024/6/4/DeN6uRIN4aUl2HWiiGTw0yn58G2XQh9u4Ij_-d_h525x2dxahmN3EWAO5ptIIDUWWGbwx8JOXyrLC-iKol5wceMs-6Kdt52xOrN0I6b7kHY=.jpg
메가MGC커피 배곧한라비발디점,스무디&프라페,바나나퐁크러쉬,4900,"우유와 퐁시리얼, 부드러운 바나나를 믹스하고, 얼음을 함께 갈아 시원하게 즐기는 달달한 프라페 음료",,http://imagefarm.baemin.com/smartmenuimage/upload/image/2024/6/4/DXCQhFQE2VSkHvOn7FKj-guRISl2yEGm7Ki4PNqls5nk99hT9M6_LWGn-iWxEbgTR_8QVbTi9ImtK79k5TDCOkp5lZ0LWmd8nSXX4tTUYMs=.jpg
메가MGC커피 배곧한라비발디점,스무디&프라페,쿠키프라페,4900,"오레오의 특유의 맛과 부드러운 우유, 그리고 바닐라 향의 조화를 느낄 수 있는 메가MGC커피 베스트 메뉴",O,http://imagefarm.baemin.com/smartmenuimage/upload/image/2024/6/4/U3ulgBShL7iWWeL9sUQuH6K12z3mAsge8cbMZKo9yZTDqwRPY9bwhauQJtab1s1rcjSWMf2FqPsSMIHS09PYMOrriyv9PISYavAYKP1oD00=.jpg
메가MGC커피 배곧한라비발디점,스무디&프라페,딸기쿠키프라페,4900,달콤하고 부드러운 밀크베이스에 상큼한 딸기시럽과 바삭한 쿠키카 어우러진 프라페 위에 휘핑과 쿠키크런치를 토핑한 음료,,http://imagefarm.baemin.com/smartmenuimage/upload/image/2024/6/4/p3UbVRXvqEAY_o01G7QMlK9l00vBM7fVbMZROa3og3KtYVMVFo6cv1YGNPVOC9ZzzQzTOfev9wRSOgZbzDf7OcYceljLAkqV782u7NSRNXM=.jpg
메가MGC커피 배곧한라비발디점,스무디&프라페,민트프라페,4900,"진한 민트향과 초콜릿 칩이 가득 들어있는 메뉴로, 큰 인기를 얻고 있는 메가커피 베스트 메뉴",,http://imagefarm.baemin.com/smartmenuimage/upload/image/2024/2/15/s40-WVmHyMarCYQZQlJJh47fn7oOD3qioJnH-fPNn9k5MNcp0v9QcXQoIliiy5U4i2Is2Y3YYKKUkw70oqauccR1Nlpkwd4QxKlrCFGDAJo=.jpg
메가MGC커피 배곧한라비발디점,스무디&프라페,리얼초코프라페,4900,진한 초코소스와 바닐라향이 더해져 먹는 재미가 있는 달콤한 프라페,,http://imagefarm.baemin.com/smartmenuimage/upload/image/2024/5/9/HYAGIStr8O_o5OEr-tqaZ_Gl2PQaohiYQ3GeHTY8zFgPUThDQy6XGWimvx4KT7dNZEQ8nBZfnvPDPymWFaPGrTgImBi78ZMAP7giRzzc3NE=.jpg
메가MGC커피 배곧한라비발디점,스무디&프라페,녹차프라페,4900,녹차의 진한 맛이 우유와 휘핑크림을 만나 달콤하고 부드러운 맛을 내는 메뉴,,http://imagefarm.baemin.com/smartmenuimage/upload/image/2026/3/25/C37po66-jmQcIkfDoVq0l6haWx6aqULj0Qkg-U-vyku79zc64dP2SiEMRL_PpFIZA5FkFSSzNSHnJYT0mVsGDr26k4cesriLC-MaTmNqtPM=.jpg
메가MGC커피 배곧한라비발디점,스무디&프라페,커피프라페,4900,에스프레소 커피 향이 가득한 시원한 프라페,,http://imagefarm.baemin.com/smartmenuimage/upload/image/2024/5/9/fMbT2xfOQMs5JbOKa_FoErvyXXsmfiXlx2rg0wi1eZesdoqmE_z5dlMTFNu7fatYoZhF-3c-McuoLj0J43-7qgMVmufgw3y4Nr0TSQMto6k=.jpg
메가MGC커피 배곧한라비발디점,스무디&프라페,귤톡톡젤리스무디,4900,톡톡 터지는 상큼한 귤의 과육과 몽글한 젤리식감이 매력적인 상큼한 스무디,,http://imagefarm.baemin.com/smartmenuimage/upload/image/2025/3/20/cGy7VRUN-u_nxDNaCmB9JXezm-ZCpW_OvFtFTQHQKrimc4ivn1SMno89uLFI3sQUDzpF-JZFTE5ICfuYcgBdBbYLNcewfy-UCFWSwLeWqpg=.jpg
메가MGC커피 배곧한라비발디점,스무디&프라페,골드망고스무디,4900,황금빛 골드망고가 진하게 느껴지는 부드럽고 상큼 달콤한 스무디,,http://imagefarm.baemin.com/smartmenuimage/upload/image/2024/3/28/HiO3XBKPvdwpdb5KMjSaqE3QoIN0irt1rCHHZKaJK_5-dLm2wkKrbN79gwNxPhknwvu9dLBD79QMQhQp4w0XOAhw8R3A7Bk8ua_BkQ7Xl18=.jpg
메가MGC커피 배곧한라비발디점,스무디&프라페,블루베리요거트스무디,4900,새콤달콤한 블루베리와 산뜻한 요거트가 만나 조화로운 스무디,,http://imagefarm.baemin.com/smartmenuimage/upload/image/2025/3/20/O-Dgf-apoZOKt5Trw4HerxwcXImNLzLHub3ZkKche6LxGs3xv6IjpzcNeXXdP14xUptpnBZ19IP_UI9lDUW85r97yDDYQiZgnLkJ49vIogo=.jpg
메가MGC커피 배곧한라비발디점,스무디&프라페,플레인요거트스무디,4900,"요거트의 진한 맛을 그대로 살린 메뉴로, 인기가 좋은 스무디",,http://imagefarm.baemin.com/smartmenuimage/upload/image/2024/6/4/UnFlDthRpNWFGRZJBeuqCvOn1r72i_l-APyuLfUoCNzYQ_mdtvcPkMIfr8w48cf_ePx71gpvlCEAeLDJds1MphXhsyeAsov3cTozMYzIsaw=.jpg
메가MGC커피 배곧한라비발디점,스무디&프라페,망고요거트스무디,4900,열대 과일인 망고의 달콤하고 진한 맛을 극대화 시킨 시원한 메가MGC커피 인기메뉴,,http://imagefarm.baemin.com/smartmenuimage/upload/image/2024/6/4/8_0Zp8hYrzvjMLfJYJR9NkMWn0XIYLub1kzIoFq2HPkF40vClyct3m-EXZZJtqW9UJzl6gY6UEOc4sfaSq0xCe8JKGT6en5dFn1uSUA1GEg=.jpg
메가MGC커피 배곧한라비발디점,스무디&프라페,딸기요거트스무디,4900,남녀노소 누구나 좋아하는 딸기와 상큼한 요커트가 조화롭게 어우려진 메뉴,,http://imagefarm.baemin.com/smartmenuimage/upload/image/2024/6/4/VIencBIHXO0PFoISrd3E6BuAlNr8Dq4grCUxC63Pf6Cg0OyE_606mrV2U5cR4OWI1dnn8UXNKb4vabkbPp3OGe1kwwfC88_Kn5JPKQor2cs=.jpg
메가MGC커피 배곧한라비발디점,에이드&주스,딸기바나나주스,5000,"상큼한 딸기와 부드러운 바나나가 만나, 새콤달콤한 매력이 살아 있는 과일 음료",,http://imagefarm.baemin.com/smartmenuimage/upload/image/2024/6/4/IqQXs5tV39WaUp1dxfsOP7aFtnyNGZonm_woowR2GCDfQjBXnhBAZi_3iLB5pLI0FyOB71ffQnLQkFPtCu7Bj8A5GN8xJZD-JHgk_mNnzT8=.jpg
메가MGC커피 배곧한라비발디점,에이드&주스,딸기주스,5000,탱글하게 살아 있는 딸기 과육의 상큼함을 만끽할 수 있는 과일 음료,,http://imagefarm.baemin.com/smartmenuimage/upload/image/2024/6/4/fiAyoicvvkXHyKuOXHZSoy6RXDkSVKG8HW23wcQcZEjIrqM95YjoRnT7tRtjFbBTx0YQfaQl9IwWXyfE1S6GbCHl2oVBwdwULpIres3bh9Q=.jpg
메가MGC커피 배곧한라비발디점,에이드&주스,블루베리플럼주스,5000,"새콤달콤한 블루베리와 식이섬유가 풍부한 플럼, 프리바이오틱스를 더해 건강한 블렌딩 주스",,http://imagefarm.baemin.com/smartmenuimage/upload/image/2025/3/20/TLOV3-h60DDOqfv9HJZAHlrUoNed20v1QHkRzfNnxn7PBuo6x06Pttk9ivYlRajpaVFjueMcGJCZX7PzBb6swv7D37g_0m6U1pOrPeG7dPE=.jpg
메가MGC커피 배곧한라비발디점,에이드&주스,골드키위주스,5000,상큼달콤한 프리미엄 골드키위에 밀크씨슬을 더해 일상의 활력을 선사하는 건강한 블렌딩 주스,,http://imagefarm.baemin.com/smartmenuimage/upload/image/2025/3/20/78ESCqbt13HDRlBvesQntTC1IQYcLUhoT6svdqDn87lILR15qQG0ZWEBCiCAKIKf7CDBajE6ULgjiiPxq4I8uzKc9CDeg-bnaQXN12bzDmk=.jpg
메가MGC커피 배곧한라비발디점,에이드&주스,체리콜라,4300,"체리의 새콤함에 콜라의 청량함을 더해, 남녀노소 좋아하는 에이드",,http://imagefarm.baemin.com/smartmenuimage/upload/image/2026/1/26/0n8OMt8tMcq02EI9MdRke80NnuyB_Jo_GG3FEstD6fUz6CarDmHIAI0c9wCS4X4QFFu8y7nRKKHZkQzVjSvy7vqLwQhrAKUbCuMTkB5BsaE=.jpg
메가MGC커피 배곧한라비발디점,에이드&주스,제로 부스트 에이드,4000,"지친 현대인들에게 필요한 한 잔의 에너지 타우린 1,000mg이 들어가 활력이 충전되는 에너지드링크맛 제로 칼로리 에이드",,http://imagefarm.baemin.com/smartmenuimage/upload/image/2025/3/20/VjJDxfn_lR7rEmq1pOkKP1lWuie2NtKbMAZlAdzQOc9QA2msFHuxMCGUBgDqQ1Bw68NN6mu7zD6gA1ajX9KYwG7yU-Gu4_wDxmwADrSaSjM=.jpg
메가MGC커피 배곧한라비발디점,에이드&주스,레몬에이드,4500,레몬의 상큼함과 달콤함 그리고 탄산의 청량감을 즐길 수 있는 음료,,http://imagefarm.baemin.com/smartmenuimage/upload/image/2024/6/4/ZXA4tkJN3DGmd9pEouXYjWfl2TKE78CqY79KorHMio41Ud-MoEFkEGSf0Mvu52WFf8LdhcLQe7mDWreKW0bozEHT-ibG26bJWcXPFqnhmUI=.jpg
메가MGC커피 배곧한라비발디점,에이드&주스,블루레몬에이드,4500,레몬의 상큼한 맛과 블루큐라소의 진한 향 그리고 탄산의 청량감을 높여주는 음료,,http://imagefarm.baemin.com/smartmenuimage/upload/image/2024/6/4/8wdjlF4OEZ_pyFUlX9iqcXPoeKI9185m-HsM6MK2Ty1bWpSYztP0SsMWmBSf_xdIjb-GV0KQqtvDlxG5NRn0y5nD-t3H0l3NHCYPinSc4U8=.jpg
메가MGC커피 배곧한라비발디점,에이드&주스,자몽에이드,4500,자몽의 쌉싸름한 맛과 상큼함을 동시에 느낄 수 있는 음료,O,http://imagefarm.baemin.com/smartmenuimage/upload/image/2026/3/25/5lRtLLtoQL_HFUZJqjUdpzTSKIEOFNHHly88bsDpQWhTK8uRQYT377LwM8u6LA2hs4llgfm3jr1LG3cXuSmQ1t9L4wrXSSU9_i1CZPZLnjM=.jpg
메가MGC커피 배곧한라비발디점,에이드&주스,청포도에이드,4500,청포도의 상큼함과 달콤함을 느껴보세요,,http://imagefarm.baemin.com/smartmenuimage/upload/image/2024/5/9/2andKV291hDArTBXIpwbjNiSznZWH2ogHB2uVGqLzBxfzBq6wb3K8P-dV_VgsXOXvVLKnln_s5PzBoCH6RTUp59JlaWsynIbQcm6zddkWnc=.jpg
메가MGC커피 배곧한라비발디점,에이드&주스,메가에이드,4900,레몬의 상큼함 라임의 특유한 향 그리고 자몽의 달콤함과 쌉싸름한 맛을 느끼 수 있는 메가MGC커피 베스트 메뉴 메가에이드,,http://imagefarm.baemin.com/smartmenuimage/upload/image/2024/6/4/Q5tENzcXDDCQPunmkxMh0zRh1M6aTmE4fgUkIKwO2o98x3SgB2RMzC_NAruu_Go2FqbzfUgEmV8LQTW5rGOgJk5KKODLdlggg-euHjS611g=.jpg
메가MGC커피 배곧한라비발디점,음료,(ICE)오레오초코라떼,4900,달콤한 초콜릿의 풍미와 아삭한 오레오 살아있는 아이스 초코음료,,http://imagefarm.baemin.com/smartmenuimage/upload/image/2024/6/4/CLscCTM4lF9wK3TGC-_jXsHmtqrIlkXoC_FXGf3wGw48qJ7XXhFRrOSpdw42naxfqrBRcg8pEm5kI0ixqAI2BsDprk8EYNL0lsH-dqSj9HU=.jpg
메가MGC커피 배곧한라비발디점,음료,핫초코,4500,부드러운 우유에 진한 초코소스가 어우러져 달콤하게 입맛을 깨우는 초콜릿 음료,,http://imagefarm.baemin.com/smartmenuimage/upload/image/2024/6/14/eCnZ0fbfWdqBGmqe9ULnebNqFFYFglMg_4mzIYhBO6dvQMk0YlRDm7kn5SFb08R4AbIdUSBUvlJAE-k1jCEQt9qDmUHabFjH-ZlpvaUy2hI=.jpg
메가MGC커피 배곧한라비발디점,음료,아이스초코,4500,부드러운 우유에 진한 초코소스가 어우러져 달콤하게 입맛을 깨우는 초콜릿 음료,,http://imagefarm.baemin.com/smartmenuimage/upload/image/2024/3/28/AffY9Ui4NN306YYX3OBdSquPY0830jqFA-BeVjBXiemNaSH9dRTN4oVxbQ-3zWXfDQ3bHS3N_LTUnpl4_oxqmPA4wFQa9qvD8fx4rpsZ1fw=.jpg
메가MGC커피 배곧한라비발디점,음료,(HOT)토피넛라떼,4800,달콤 고소한 토피넛에 부드러운 우유가 더해진 라떼,,http://imagefarm.baemin.com/smartmenuimage/upload/image/2024/6/14/7_7I2nWlmKPeIqCQmBmijHfPY4NqZcesLkOUIhL_Abs8GiPJOsSMsB9JmFiFxl1jsZOOhzm1lNggFR5t4YmcXG1NARCNk-Qh7DiLTSoaF0U=.jpg
메가MGC커피 배곧한라비발디점,음료,(ICE)토피넛라떼,4800,달콤 고소한 토피넛에 부드러운 우유가 더해진 라떼,,http://imagefarm.baemin.com/smartmenuimage/upload/image/2024/6/4/UJOYDOT1iVtRIRIVY7h21MUqhpyOxo1PA4sALQZc3QIkgzM2w_cbxc2gYuf-LsKTbKRgJgb7g0yTTcsAiwncesJ1qhjWLajW7UMIcEaekjM=.jpg
메가MGC커피 배곧한라비발디점,음료,(HOT)로얄밀크티라떼,4700,"부드러운 우유에 은은한 홍차를 부어, 보드랍고 향긋한 한 모금을 완성한 라떼",,http://imagefarm.baemin.com/smartmenuimage/upload/image/2024/6/14/bBwH5weMkSR6z4aEgl0sLyxyYYLw9HDgqL_ZnN4MYwm7oE9dWWP3FFv9S80APSLDNm8nHxWPMUjXqv02s-GjNkPqQJGa7KXXe4nWhLUmtCg=.jpg
메가MGC커피 배곧한라비발디점,음료,(ICE)로얄밀크티라떼,4700,"부드러운 우유에 은은한 홍차를 부어, 보드랍고 향긋한 한 모금을 완성한 라떼",,http://imagefarm.baemin.com/smartmenuimage/upload/image/2024/6/4/5nZcFQdOlYmvaX8uIPAekIDCD0KClKNoepVf7WMw8k89Q7Y1kU-vsz-YF2YclnQgRvGUwzoaCus6Zmw9QabBOQaM426wQXu9ndAgd9nJ1oU=.jpg
메가MGC커피 배곧한라비발디점,음료,(HOT)녹차라떼,4500,향긋한 녹차에 우유를 더해 입 안에 부드러운 푸릇함을 선물하는 라떼,,http://imagefarm.baemin.com/smartmenuimage/upload/image/2024/6/14/IpLtr10JuJMHs6UVu1LP39fuTmOZLfHnysQrk2aTy6x_s7ny80dJPJS3_cwTDTdGEVMZSkHLRc0OBDpg1IAQaQVywcqwqa1XkGd4_CFjrac=.jpg
메가MGC커피 배곧한라비발디점,음료,(ICE)녹차라떼,4500,향긋한 녹차에 우유를 더해 입 안에 부드러운 푸릇함을 선물하는 라떼,,http://imagefarm.baemin.com/smartmenuimage/upload/image/2024/6/4/1uddJztS6QEfLq2NH_rAW0IzUNeEBLgiKKrA7JqBR3V_tmW371jQgIvUVRi8JE1qsUaw2Bj8A43kVbxv6C1vjXh0S1fmLPoTHnWruUTwO9c=.jpg
메가MGC커피 배곧한라비발디점,음료,(HOT)곡물라떼,4300,곡물에 우유가 더해져 고소하게 즐길 수 있는 음료,,http://imagefarm.baemin.com/smartmenuimage/upload/image/2024/6/14/s1JoYM41s3UL9d9duiITlpRveqNJ9ZPoKCEPqBrIl7pogOcgO_re_UGmwib4k61BQArOgxfhJzOrHfJG1zh2Quux7j-vNGZWgk4EBSH0V-0=.jpg
메가MGC커피 배곧한라비발디점,음료,(ICE)곡물라떼,4300,곡물에 우유가 더해져 고소하게 즐길 수 있는 음료,,http://imagefarm.baemin.com/smartmenuimage/upload/image/2024/6/4/ZvwaiPsQ9NyHmmWoDrxj_iVxE4CnYGE6SyshuCHQZk84mFHRHb-ksl9hnQdeuD5UqOmQfmjCgZEeGCZ4k4PlpgujzoYO_DT-vZidL4eZDoQ=.jpg
메가MGC커피 배곧한라비발디점,음료,(HOT)고구마라떼,4500,달콤한 고구마와 부드러운 우유의 만남. 남녀노소 좋아하는 인기메뉴,,http://imagefarm.baemin.com/smartmenuimage/upload/image/2024/6/14/cdhTq5oFedoZrolvgZxoH4WnPfYvQxK1fW7CizE1VmUIz90UXIgBv0ZQgU0DVaCmpu-XNsp29DLxNa5MOQkarAzbVmkVeBCc9vFLZprVfhQ=.jpg
메가MGC커피 배곧한라비발디점,음료,(ICE)고구마라떼,4500,달콤한 고구마와 부드러운 우유의 만남. 남녀노소 좋아하는 인기메뉴,,http://imagefarm.baemin.com/smartmenuimage/upload/image/2024/6/4/ot1EO578pwS6sD5O4MLPwLfbmAYDCW-Lfq8fOUKOKhskKGgcwbPkFg061K5BrPrfHe2Xg4_aYVzJz4Lv1Eu9DVWJy0OIQ5-Q65zgWPrTDQw=.jpg
메가MGC커피 배곧한라비발디점,음료,(ICE)흑당버블라떼,4700,모리셔스의 진한 흑당이 들어간 라떼에 쫀득한 버블을 넣어 먹는 즐거움을 전하는 라떼,,http://imagefarm.baemin.com/smartmenuimage/upload/image/2024/6/4/z1NoRdTofJclMTopMiVplDN_6dJxrRaK4i3Grg5Uv7m-3RqS1pP5LOhp1nJ-rA65qA81nu_nmhaA6WKw8wkSQjfkYd0F4mw3yyUl2eTOOrg=.jpg
메가MGC커피 배곧한라비발디점,음료,(ICE)흑당버블밀크티라떼,4800,홍차의 깊은 맛과 향긋함을 더한 흑당버블밀크티,,http://imagefarm.baemin.com/smartmenuimage/upload/image/2024/6/4/xK7cnG4T8IfWhkGDuVomAPVDk6x6h1M9C8kSP3LyplfwBHaogVd_lxqB1rSdoI_y16Y0pUCI209CL3MMHcBQkrp5hrVKSK-idKMwlSdBn2k=.jpg
메가MGC커피 배곧한라비발디점,음료,(ICE)흑당라떼(펄X),4300,모리셔스의 진한 흑당과 부드러운 우유가 달콤하게 조화를 이루는 라떼,,http://imagefarm.baemin.com/smartmenuimage/upload/image/2024/6/4/JZ1v49xs3cLAzISRCEs6xask0E5eapzo8ZJCBcgBnKazBtBqLipOaYBgtJNRLd6HspNDpAVLEjlHeBkdIrHmjJ9fs3uxmJb4gYUls4uGs50=.jpg
메가MGC커피 배곧한라비발디점,음료,(ICE)흑당밀크티라떼(펄X),4500,달콤한 흑당과 타바론 얼그레이 홍차를 넣은 밀크티 라떼,,http://imagefarm.baemin.com/smartmenuimage/upload/image/2024/6/4/DmXLWIIWB1_6yywJHwfhPRn9hlK8d4due2jKiN3fk_XxgsnwfIttVvSGO8HPz5a4m34Om_7QXvud0nHhbE1vKOLPJBU1ZaN2u6f_vdTlxR4=.jpg
메가MGC커피 배곧한라비발디점,티,복숭아아이스티,3800,홍차의 깊은 맛과 풍부한 복숭아 향이 어우러진 달콤한 여름철 인기 음료,O,http://imagefarm.baemin.com/smartmenuimage/upload/image/2024/3/28/hFZfNE45RMxnk9kn5zbdC6V2UcrsA-6W3dG2hoWBmGYsDJy2xfn_bOhFVVKMBj6m17_bVH0SzJE51sj9oCMayKKDu63hIRTCDrobrLPQ8KU=.jpg
메가MGC커피 배곧한라비발디점,티,(HOT)사과유자차,4500,애플 티의 향긋함과 유자청의 상큼함이 어우러진 과일 티,,http://imagefarm.baemin.com/smartmenuimage/upload/image/2024/6/14/IQzkyuSvf9uYWOlitBKrve9psGpHikZLFJWkXdtxlq1_5JvnKj-kXxPhqOkjtxIiSol9W6mxky1kMqLXJ0SIWWc8aL5fiawESQWws1Lsa5Y=.jpg
메가MGC커피 배곧한라비발디점,티,(ICE)사과유자차,4500,애플 티의 향긋함과 유자청의 상큼함이 어우러진 과일 티,,http://imagefarm.baemin.com/smartmenuimage/upload/image/2024/6/4/PyQzngk8ggsOC87jw3q-nLcdOuQl8Y4sOvp6qLG897jS15jXH5M3t2ONNT9v3BlxwypU_SWVovKGGR9YBLjn0BotM8P_p8-SgfRSZ7eLT84=.jpg
메가MGC커피 배곧한라비발디점,티,(HOT)허니자몽블랙티,4700,달콤한 꿀청에 재운 자몽에 홍차의 부드러움을 어우른 상큼한 과일티,,http://imagefarm.baemin.com/smartmenuimage/upload/image/2024/6/14/9duwCk5Eis2jdoy6uwulJ6vH775tKK34N1_ormnXTrYYfjZo8TQa_gQPhRBCoy9o3ImtElZzi0XgasSmYVitxrNACEtOU1gIN0gdmQ2Dt8o=.jpg
메가MGC커피 배곧한라비발디점,티,(ICE)허니자몽블랙티,4700,달콤한 꿀청에 재운 자몽에 홍차의 부드러움을 어우른 상큼한 과일티,,http://imagefarm.baemin.com/smartmenuimage/upload/image/2024/6/4/lkXrVZtrIjXL5jbPXM504l7ZVxfXHtd_aqrN5gcl4FmSdvjespVbe3jvpJhM54ciQu171bRy86SlKuxtBGQ1Hzk3bbWR_-NXTuN9Bi15BF8=.jpg
메가MGC커피 배곧한라비발디점,티,(HOT)상큼 리치티,4900,"하얀 눈 속을 달리는 빨간 코 루돌프와 닮은 리치티. 리치, 라임, 망고스틴 베이스에 레드 커런트, 로즈마리를 더한 상큼한 과일티",,http://imagefarm.baemin.com/smartmenuimage/upload/image/2024/11/7/Oxu-kKWbsW50XTxuqnZ3gV1IQETV6AziBkVm-gkMVbmcdAO0sv-9IF-SdA1dlAsW0PAyd1kKpcVElqzpIFuIm0g6KAeHmCFFMGP8BOoLMzU=.jpg
메가MGC커피 배곧한라비발디점,티,(ICE)상큼 리치티,4900,"하얀 눈 속을 달리는 빨간 코 루돌프와 닮은 리치티. 리치, 라임, 망고스틴 베이스에 레드 커런트, 로즈마리를 더한 상큼한 과일티",,http://imagefarm.baemin.com/smartmenuimage/upload/image/2024/11/7/tC3cB13LSFazAIVHpH6MeBKVDkQ4hsj6pObgrIxxN_tymweTCRyWQeNgtmmyL5PMCLEPgBlG7HG0nXhaZ2CHsmmPg9UWucEtR5a0fjeRTMI=.jpg
메가MGC커피 배곧한라비발디점,티,(HOT)자몽차,4300,달콤쌉싸름한 자몽의 조화로운 맛을 한 잔 가득 느낄 수 있는 과일티,,http://imagefarm.baemin.com/smartmenuimage/upload/image/2024/6/14/M7XaI7am_xsI6xkOvy47y5DMDv1SUeddVHeXr8fs_LTes1yQ11N8mXm1hfP96sCzyL7gTWWifYKqoEGPwq_PzRqo575Nu9lJTS9jrFfGUuQ=.jpg
메가MGC커피 배곧한라비발디점,티,(ICE)자몽차,4300,달콤쌉싸름한 자몽의 조화로운 맛을 한 잔 가득 느낄 수 있는 과일티,,http://imagefarm.baemin.com/smartmenuimage/upload/image/2024/6/4/zP6WP2bGSz12K70xdLt4EafXJRsmcSLChU--eRbBKPZqX1uA53UYKucF0YbC6f_o84j-m_sA_wQVObkpQxBckSNWKgmnNDmZfzKB3iVq8lM=.jpg
메가MGC커피 배곧한라비발디점,티,(HOT)유자차,4300,비타민이 가득 든 상큼달콤한 유자를 듬뿍 넣어 향긋한 즐거움을 전하는 과일티,,http://imagefarm.baemin.com/smartmenuimage/upload/image/2024/6/14/FOMm6mm39zlzNczKUXz12LVa2t7h5gxWp-ScWSk02qzmL0CfCz6G-zCD10idDU8DMTZwcqCidGZU38FPIl6n7I5albspg17KuP4PO_sb4C4=.jpg
메가MGC커피 배곧한라비발디점,티,(ICE)유자차,4300,비타민이 가득 든 상큼달콤한 유자를 듬뿍 넣어 향긋한 즐거움을 전하는 과일티,,http://imagefarm.baemin.com/smartmenuimage/upload/image/2024/6/4/bDmWbkUvhJI6dwog3U1vO5P6rmli8g3eLugj5hIanmZuqVTom1PKR3u02QHoG_Zj3RuQG3FHj7_6qf08ytrgy8em4kCcc1cBkp169YXFv18=.jpg
메가MGC커피 배곧한라비발디점,티,(HOT)레몬차,4300,새콤한 레몬의 맛과 향을 오롯이 살린 과일티,,http://imagefarm.baemin.com/smartmenuimage/upload/image/2024/6/14/wsz5AP253xHopKa63ZZYWoR_pgV786wW54xNtwtuWxQgBFBrKx_RW71STCAdfPS557RbK8LAiMdVrKvYWixhZQXwFxqDYZP6dCcERhylP5o=.jpg
메가MGC커피 배곧한라비발디점,티,(ICE)레몬차,4300,새콤한 레몬의 맛과 향을 오롯이 살린 과일티,,http://imagefarm.baemin.com/smartmenuimage/upload/image/2024/6/4/gOr0iRzIzfby7xTx1iXF7RUzmjKtL7K-s8vNeYPiX3arfO_9f-2pH5ucqF0eo09x7WTm0dd9hKgFEGK0t79a_TWllUoNEmPvYFnX7gfmmWU=.jpg
메가MGC커피 배곧한라비발디점,티,(HOT)녹차,3500,고소한 감칠맛과 목 넘김이 부드러운 국내산 녹차,,http://imagefarm.baemin.com/smartmenuimage/upload/image/2024/6/14/Itrsrt4eAgEgJR6BivC9e90ESV-iZRq3RCxWECetz5IkJRrFuMxJ_Y1dqeuoOSLwPLxp3erUe8zgkEm1uPyEgMTyRRG7GfAalbPFlWKVdog=.jpg
메가MGC커피 배곧한라비발디점,티,(ICE)녹차,3500,고소한 감칠맛과 목 넘김이 부드러운 국내산 녹차,,http://imagefarm.baemin.com/smartmenuimage/upload/image/2024/9/27/9hDYlB3brlT0s2cVM9sH65SlMTy82WREQNS6v2PXIczfTBBcSOC2dvRvSC4P6j2T.jpg
메가MGC커피 배곧한라비발디점,티,(HOT)캐모마일,3500,특유의 풀내음을 통해 마음을 진정 시켜주는 마일드한 허브차,,http://imagefarm.baemin.com/smartmenuimage/upload/image/2024/6/14/lJpBG9a5cI1FgRPz0sH227oHCUrFFcUTKPTLOc_8E4wEevBXCF0NjKMfEYVoMyFYHXqhMwaj26rVz8oUx-m46Ic0A-IWCo0XvQ_8VHaucwk=.jpg
메가MGC커피 배곧한라비발디점,티,(ICE)캐모마일,3500,특유의 풀내음을 통해 마음을 진정 시켜주는 마일드한 허브차,,http://imagefarm.baemin.com/smartmenuimage/upload/image/2024/6/4/6iZcXaap6Bb5XmF1c67fow_s1bGjtA-17rTXjO7x0dxRMy_Mr3mL3KPzw7E5sUcGZttO6o0sgfhJGur8uq4pTezMN5j68QhKG6TQCPoVQlY=.jpg
메가MGC커피 배곧한라비발디점,티,(HOT)페퍼민트,3500,입 안 가득 깔끔한 청량감으로 기분까지 상쾌한 허브차,,http://imagefarm.baemin.com/smartmenuimage/upload/image/2024/6/14/3Vj9IJvzr8jKZ0QHHyOt7XNi7D_xa3RoO6UKXgNqvgCjqMPfjvgJNZj6qwR7L8-R3J-G2lQoTXkpOfLqWSrF--m0rEpVR48ZK5_QtqmhcrI=.jpg
메가MGC커피 배곧한라비발디점,티,(ICE)페퍼민트,3500,입 안 가득 깔끔한 청량감으로 기분까지 상쾌한 허브차,,http://imagefarm.baemin.com/smartmenuimage/upload/image/2024/6/4/MOdjfaLH_HCrAOi1FxDlLP50omDldL8x1tN2uOZaqmC56rpv_tj0CjfER33Cq4xi2f5tjAIg6u_m8nKwr1BFtynwKw47c37F1iRCcM9lWdc=.jpg
메가MGC커피 배곧한라비발디점,티,(HOT)얼그레이,3500,홍차의 진한 향과 본연의 부드러움을 느낄 수 있는 허브차,,http://imagefarm.baemin.com/smartmenuimage/upload/image/2024/6/14/0DdJKuR5TgZzQTZjRM8y46cIYBpZnEmcWFSQcjWTOg3QM1MOY0nctLnpJg8VpQGnMw13wg1EM_EkO3byAszHAM_KT0ckUDXdrzz5jap2Hkc=.jpg
메가MGC커피 배곧한라비발디점,티,(ICE)얼그레이,3500,홍차의 진한 향과 본연의 부드러움을 느낄 수 있는 허브차,,http://imagefarm.baemin.com/smartmenuimage/upload/image/2024/6/4/eVwf9hdU-A0TEEfRrlZ3THCgCum9Pa1pU4bMHEvdaR8x0TNIiR9rJC-tWf0QpgjavwaKTrxTKMYQZJdc9XXgvHq6rXxDbG3mXAunO4vqlbs=.jpg
메가MGC커피 배곧한라비발디점,디저트,크로크무슈,4800,부드러운 빵에 햄과 치즈를 넣어구운 고소한 프랑스식 샌드위치,,http://imagefarm.baemin.com/smartmenuimage/upload/image/2024/11/12/0Nq1HmwRMPEDT73vUe277uWYHBYOLN-Bbtzv_JdY4v8YaoBM7Ma4vl5tzntMlbBMpK46UYw1RCt25Sf7HbLoRzfLl1q-LWWKGjUifvDiffM=.jpg
메가MGC커피 배곧한라비발디점,디저트,감자빵,4500,쌀가루가 들어가 쫀득한 빵에 구운 감자를 으깨 넣어 포슬포슬한 감자 본연의 풍미가 살아있는 진짜 감자빵,,http://imagefarm.baemin.com/smartmenuimage/upload/image/2025/9/15/2ea5FVRintWNWdtiHcejVYws6XHL4Abich2vdbfdRD6--DRYIBtSeNBTeBOeJhbb_E4kGDP9ulsh_s376K7IZoC9rP3fymYUy6KzPGtT8mI=.jpg
메가MGC커피 배곧한라비발디점,디저트,메가쿠키(마카다미아),2500,고소한 마카다미아를 넣어 만든 메가MGC커피 시그니처 쿠키,,http://imagefarm.baemin.com/smartmenuimage/upload/image/2020/12/12/eqD440tv2rasx7j4U4sMvSP_4aFt7OT3PE4BJ69e_z-OlasX4RRnsl2Avi7pPkxs.jpg
메가MGC커피 배곧한라비발디점,디저트,메가쿠키(초코칩),2500,진한 초콜릿칩을 넣어 만든 메가MGC커피 시그니처 쿠키,,http://imagefarm.baemin.com/smartmenuimage/upload/image/2020/12/12/eqD440tv2rasx7j4U4sMvZ2nHKD0zf6WGJM-MczuXYmJ0_eZRc5fuVdhw2t9JnUX.jpg
메가MGC커피 배곧한라비발디점,디저트,엠지씨네 메가칩,2500,엠지씨 이름을 걸고 만들었다 메밀로 만든 짭짤 고소한 김맛 건강스낵,,http://imagefarm.baemin.com/smartmenuimage/upload/image/2025/5/27/AJFLFwzkhaSJWreWCYaun53mseq8UPNx0AVbMJjzL1qwPCNR5I1G6olhGFjiMUxuBQD95Njf0xM8LsujhVX0tnngoEAYH9y_g1H4yJPNmZg=.jpg
메가MGC커피 배곧한라비발디점,디저트,치즈케익,4500,진한 치즈의 맛을 달콤하고 부드럽게 느낄 수 있는 케이크,,http://imagefarm.baemin.com/smartmenuimage/upload/image/2024/7/24/9QiZf_XtVwUBsnSQea0fnURgxE84vupl2kKu-acgMfLY3LElU_Y9zTsnROhtLKMQSdthaSeEYP5h7XffmC0zQsyEn6CXsHFCceQCRLjtccw=.jpg
메가MGC커피 배곧한라비발디점,디저트,초코무스케익,4500,달콤한 초콜릿 본연의 맛을 더 진하게 느낄 수 있는 케이크,,http://imagefarm.baemin.com/smartmenuimage/upload/image/2020/10/13/1d46iR65M88OWdjE8z7ZAm7nELABHuertWVurDucEooPWiU6b-AEAy-zsvNs-AYx.jpg
메가MGC커피 배곧한라비발디점,디저트,티라미수케익,4500,부드러운 치즈 맛과 코코아의 조화로운 향으로 호불호 없이 즐기는 케이크,,http://imagefarm.baemin.com/smartmenuimage/upload/image/2020/10/13/1d46iR65M88OWdjE8z7ZAkLExG2S8GffHz5hw36TYp-kpsE3SwJnkv18aLBoFUgl.jpg
메가MGC커피 배곧한라비발디점,디저트,유니콘프라페마카롱,2700,메가MGC커피 인기메뉴인 유니콘 프라페를 디저트화하여 만든 마카롱,,http://imagefarm.baemin.com/smartmenuimage/upload/image/2020/12/12/eqD440tv2rasx7j4U4sMvUvR2dPfSsotfuXaWhKr8BdJsJET4CjA-R8G2f5oSelh.jpg
메가MGC커피 배곧한라비발디점,디저트,메가초코마카롱,2700,메가MGC커피 시그니처 메가초코를 모티브로 만든 초코 마카롱,,http://imagefarm.baemin.com/smartmenuimage/upload/image/2021/10/7/85LGtYCGcx8ssKplCSYo1pE1FJd14_3XL89d905AKTIZ0ehUcq9OnUZUIJ0wqhCF.jpg
메가MGC커피 배곧한라비발디점,디저트,딸기요거트마카롱,2700,딸기요거트 스무디를 연상하게 하는 상큼한 마카롱,,http://imagefarm.baemin.com/smartmenuimage/upload/image/2021/10/7/85LGtYCGcx8ssKplCSYo1ikfE7tB2SgO_4IOVOCQjpXULGOgEX1OBaH2luY7iPrc.jpg
우지커피 배곧한라비발디점,호주의 라이프 스타일을 우지커피에서,딥 플랫화이트(SMALL SIZE),4000,우지커피의 스페셜티 원두와 시그니처 밀크를 결합하고 호주식 플랫화이트 감성을 담아 더욱 깊은 풍미로 즐기는 스몰 사이즈 딥 카페라떼,,http://imagefarm.baemin.com/smartmenuimage/upload/image/2026/6/24/7iqbd7hCffpXZIPjSwcYvVTq-4fKYIzrSsCufRyYpEPrJgAzqxyusLfmiMwxudmJkhnne__BtGBcqWl3a63Ujo64IXM0vZPJmJnMwjHwpJU=.jpg
우지커피 배곧한라비발디점,호주의 라이프 스타일을 우지커피에서,디카페인 딥 플랫화이트(SMALL SIZE),5000,우지커피의 디카페인 원두와 시그니처 밀크를 결합하고 호주식 플랫화이트 감성을 담아 더욱 깊은 풍미로 즐기는 스몰 사이즈 디카페인 딥 카페라떼,,http://imagefarm.baemin.com/smartmenuimage/upload/image/2026/6/24/Q-k622uuqGMJSxAK-BC0CmgNClsFSOvIOeUpJsm7816sTg7o0iYbKd2eaHu5arz_vKL7bn-rMqm1PaJoNeLhsiJOykBq_eHU-PRBMm8gl5Y=.jpg
우지커피 배곧한라비발디점,호주의 라이프 스타일을 우지커피에서,쿨피치스,5000,"달콤상큼한 복숭아 과육과 은은한 요구르트 향이 어우러진, 상큼하고 청량한 여름 시즌 음료
매운 음식과 함께 더욱 맛있게 즐겨보세요",,http://imagefarm.baemin.com/smartmenuimage/upload/image/2026/6/24/jP8q3rsWJnOkOy8qBOp4SgdZJryfgLetdF-K3jW5fazEIWCkEF05P4AiSiK2LWQPj2xG-Q6Ba1xY_zCmI8d9pG8eKn29uzgQB1Uy34OraKo=.jpg
우지커피 배곧한라비발디점,호주의 라이프 스타일을 우지커피에서,"쿨피치스 (1L, 보틀 미포함)",6400,"달콤상큼한 복숭아 과육과 은은한 요구르트 향이 어우러진, 상큼하고 청량한 여름 시즌 대용량 음료
매운 음식과 함께 더욱 맛있게 즐겨보세요",,http://imagefarm.baemin.com/smartmenuimage/upload/image/2026/6/24/-k7p6re1gmwzDoefujx1-qzhMm_hT5SvU7x42RnSxJSCnbejGtHwg01BI1N7amhp3DfkxKesfYqyUBjDh33T8Up4giRZBylPuVxHM6Jg1GY=.jpg
우지커피 배곧한라비발디점,호주의 라이프 스타일을 우지커피에서,쿨피치스 (보틀포함),7900,"달콤상큼한 복숭아 과육과 은은한 요구르트 향이 어우러진, 상큼하고 청량한 여름 시즌 대용량 음료
매운 음식과 함께 더욱 맛있게 즐겨보세요",,http://imagefarm.baemin.com/smartmenuimage/upload/image/2026/6/24/0gdhPA9n8xcrLac9a4SWj3jgIn_FfG5VdyKtno3Cc4nwJDzQkMBciXpdNjSC922C_rk2DmXJDVLw7oJTNbRckWoY3b25dNbqIs30ooPekJo=.jpg
우지커피 배곧한라비발디점,호주의 라이프 스타일을 우지커피에서,쿨파인스,5000,"새콤달콤한 파인애플 과육과 은은한 요구르트 향이 어우러진, 상큼하고 청량한 여름 시즌 음료
매운 음식과 함께 더욱 맛있게 즐겨보세요",,http://imagefarm.baemin.com/smartmenuimage/upload/image/2026/6/24/ID0dNZKowcqC9vIt6r9JR9mhtvIDLbnSXdmBqSYYv2eUIr6VqxkrYDXjET8ylgvXX2Ol325QsmEphSaIT_O4QSxBe2Vcmty3tBv9OzRVVdE=.jpg
우지커피 배곧한라비발디점,호주의 라이프 스타일을 우지커피에서,"쿨파인스 (1L, 보틀 미포함)",6400,"새콤달콤한 파인애플 과육과 은은한 요구르트 향이 어우러진, 상큼하고 청량한 여름 시즌 대용량 음료
매운 음식과 함께 더욱 맛있게 즐겨보세요",,http://imagefarm.baemin.com/smartmenuimage/upload/image/2026/6/24/Lehoi9JisDRMLI3tQOsyRPuphsPtBCNlEeHtekUh9EAeMB5rK03lQx1zjREkO7HcN65guMzuxxbiDbya13WGUke_S3r7YFfWdFhYjE5VPmI=.jpg
우지커피 배곧한라비발디점,호주의 라이프 스타일을 우지커피에서,쿨파인스 (보틀포함),7900,"새콤달콤한 파인애플 과육과 은은한 요구르트 향이 어우러진, 상큼하고 청량한 여름 시즌 대용량 음료
매운 음식과 함께 더욱 맛있게 즐겨보세요",,http://imagefarm.baemin.com/smartmenuimage/upload/image/2026/6/24/djVhLCxIeqgDNjqW56_Q7QPnqKbEYxy1XWw1wEJ6KlnodHynFtBQmPhl24A9mC73TaZAjdCLUPAEJrADsNfnVBeZV5zYh15TrlUbHJtw4fA=.jpg
우지커피 배곧한라비발디점,입 안 가득 즐기는  우지커피 여름시즌메뉴,리얼수박주스,6000,"달콤하고 시원한 수박을 통째로 갈아 더욱 진하고 
신선한 100% 수박주스 우지커피만의 레시피로 
수박의 향과 맛을 풍성하게 느낄 수 있는 
여름 NO.1 메뉴",,http://imagefarm.baemin.com/smartmenuimage/upload/image/2026/5/7/1nV_1OWx5N25oT_diaNs6zmOcWgABV7FyPFti26VqElN3aK7cV8l-guB-p-3GnYwReMnTMZ3-_fruhS6cQRsru6mQldw7cHZSkqR3w3DojM=.jpg
우지커피 배곧한라비발디점,입 안 가득 즐기는  우지커피 여름시즌메뉴,리얼수박주스(1L),8500,"달콤하고 시원한 수박을 통째로 갈아 더욱 진하고 
신선한 100% 수박주스 우지커피만의 레시피로 
수박의 향과 맛을 풍성하게 느낄 수 있는 
1.1L 대용량 수박주스",,http://imagefarm.baemin.com/smartmenuimage/upload/image/2026/5/7/tztLWalWe3qiYjQNsZ0DvpW1ttn5Z1YwrG21COuLk2_b66RFARrHF-JrHV1ntccsrz9U6yQO02zDlTO5KXgNlbXy-yev48ZHlWfO0yMfIIo=.jpg
우지커피 배곧한라비발디점,입 안 가득 즐기는  우지커피 여름시즌메뉴,"리얼수박주스(1L, 보틀포함)",10000,"달콤하고 시원한 수박을 통째로 갈아 더욱 진하고 
신선한 100% 수박주스 우지커피만의 레시피로 
수박의 향과 맛을 풍성하게 느낄 수 있는 
1.1L 대용량 수박주스",,http://imagefarm.baemin.com/smartmenuimage/upload/image/2026/5/7/ohEBZHn10-fC7Pe7ycKSJCZ21eXSnx1aW9fEqeFXSyC5DJD9mxqlbKjQTJ-YKVfgrLpqRpj-I8Gt4dWAeo3UAhe1wYKXvMaRcWGoZVsV0Ws=.jpg
우지커피 배곧한라비발디점,입 안 가득 즐기는  우지커피 여름시즌메뉴,수박 캐모마일 자몽 리프레쉬티,6300,"수박의 청량함과 캐모마일의 은은한 향, 
포멜로의 산뜻함, 자몽의 상큼함이 어우러져
입안에서 상쾌하게 퍼지는 맛
가볍게 즐길 수 있는 리프레쉬 블렌딩 티",,http://imagefarm.baemin.com/smartmenuimage/upload/image/2026/5/7/-1OVBMmbGjTdJgDzcY48ofETkqWl-8ODxg1ZoYcZy3VkdeGQQM2Ak9xjf7DPSvSzHmGbElN-7HFMo6XbYMekeEwagzwmSROrYPndVl3uDzc=.jpg
우지커피 배곧한라비발디점,우지커피 시그니처 메뉴,송파라떼(HOT),4900,"우지커피만의 시그니처 곡물베이스를 사용해
은은한 단맛과 감칠맛, 묘한 고소함과 향미가
느껴지는 라떼 우지커피의 출발점인
'송파'에서 이름을 따온 시그니처 커피",,http://imagefarm.baemin.com/smartmenuimage/upload/image/2025/10/29/aU2OVDPVX_1rtlRgMkQqn8xZ5YeJvqaVPqQ3orsHRvDHwTieK-Ky3yVTFExLHXzuziAglYOcm8Tx0SNCEpzL20VH4jEipxX2ny7mNN1pwcU=.jpg
우지커피 배곧한라비발디점,우지커피 시그니처 메뉴,송파라떼(ICE),4900,"우지커피만의 시그니처 곡물베이스를 사용해
은은한 단맛과 감칠맛, 묘한 고소함과 향미가
느껴지는 라떼 우지커피의 출발점인
'송파'에서 이름을 따온 시그니처 커피",,http://imagefarm.baemin.com/smartmenuimage/upload/image/2025/10/29/aU2OVDPVX_1rtlRgMkQqn8xZ5YeJvqaVPqQ3orsHRvDHwTieK-Ky3yVTFExLHXzuziAglYOcm8Tx0SNCEpzL20VH4jEipxX2ny7mNN1pwcU=.jpg
우지커피 배곧한라비발디점,우지커피 시그니처 메뉴,디카페인 송파라떼(HOT),5900,"우지커피만의 시그니처 곡물베이스를 사용해
은은한 단맛과 감칠맛, 묘한 고소함과 향미가
느껴지는 라떼 우지커피의 출발점인
'송파'에서 이름을 따온 시그니처 디카페인 커피",,http://imagefarm.baemin.com/smartmenuimage/upload/image/2025/10/29/ooS-6i_DksjH7p2LWurjUls40LwTF1bN2hDI7BEAu7H6dfTRdz4jpeUDK2bVis5kVLyYVEb66r0NKozL9WHKCAyOL_277Bsdx6gmN08gyMg=.jpg
우지커피 배곧한라비발디점,우지커피 시그니처 메뉴,디카페인 송파라떼(ICE),5900,"우지커피만의 시그니처 곡물베이스를 사용해
은은한 단맛과 감칠맛, 묘한 고소함과 향미가
느껴지는 라떼 우지커피의 출발점인
'송파'에서 이름을 따온 시그니처 디카페인 커피",,http://imagefarm.baemin.com/smartmenuimage/upload/image/2025/10/29/ooS-6i_DksjH7p2LWurjUls40LwTF1bN2hDI7BEAu7H6dfTRdz4jpeUDK2bVis5kVLyYVEb66r0NKozL9WHKCAyOL_277Bsdx6gmN08gyMg=.jpg
우지커피 배곧한라비발디점,우지커피 시그니처 메뉴,클래식도넛(2ea),3500,"포슬한 식감의 도넛에 시나몬슈가를 입혀,
한국의 전통적인 디저트인 꽈배기의
맛으로 재해석한 따듯한 핫도넛",,http://imagefarm.baemin.com/smartmenuimage/upload/image/2025/10/29/qYWmifocwm2m3eJrIWlmjmDKlVreqV-dCzGoBXQPBrzvhSfXr6OwRtoCoLjWTFXA9-fBZrmAhy46F0a-57D7FEQyPZCWqOS0JfRE_m3y59c=.jpg
우지커피 배곧한라비발디점,우지커피 시그니처 메뉴,클래식도넛(4ea),5300,"포슬한 식감의 도넛에 시나몬슈가를 입혀,
한국의 전통적인 디저트인 꽈배기의
맛으로 재해석한 따듯한 핫도넛",,http://imagefarm.baemin.com/smartmenuimage/upload/image/2025/10/29/qYWmifocwm2m3eJrIWlmjmDKlVreqV-dCzGoBXQPBrzvhSfXr6OwRtoCoLjWTFXA9-fBZrmAhy46F0a-57D7FEQyPZCWqOS0JfRE_m3y59c=.jpg
우지커피 배곧한라비발디점,우지커피 시그니처 메뉴,글레이즈도넛(2ea),3500,"폭신한 도넛에 달콤한 슈가코팅을 더해
한국의 전통적인 디저트인 맛탕의
맛으로 재해석한 글레이즈도넛",,http://imagefarm.baemin.com/smartmenuimage/upload/image/2025/10/29/SMs4s8Y4UJoc0RY8gmT_jq6NQ0WTVdyck3Kvkq8tKISV7IYUCLkQmwAqo8z_MrX2tkFXmPq7_mSBUJ9Zy8XBBl6FNf5FXa_pvIJ1FNz87xI=.jpg
우지커피 배곧한라비발디점,우지커피 시그니처 메뉴,글레이즈도넛(4ea),5300,"폭신한 도넛에 달콤한 슈가코팅을 더해
한국의 전통적인 디저트인 맛탕의
맛으로 재해석한 글레이즈도넛",,http://imagefarm.baemin.com/smartmenuimage/upload/image/2025/10/29/SMs4s8Y4UJoc0RY8gmT_jq6NQ0WTVdyck3Kvkq8tKISV7IYUCLkQmwAqo8z_MrX2tkFXmPq7_mSBUJ9Zy8XBBl6FNf5FXa_pvIJ1FNz87xI=.jpg
우지커피 배곧한라비발디점,플랫사이즈 에스프레소 음료,피넛크림라떼(ONLY ICE),5800,(SMALL SIZE) 우지커피만의 시그니처 라떼. 고소하고 달콤한 땅콩크림과 진한 에스프레소로 빨대없이 즐기는 라떼디저트처럼 즐길 수 있는 시그니처커피,O,http://imagefarm.baemin.com/smartmenuimage/upload/image/2024/8/9/-G9oVRCLJrE7HmQYDuF2_zZuwMpWthnRu1VCtctQelgWsmWEc77JS4qGjhMPha0nVM_rU04Ry39dg8xBpYlAfSYSv9hXLTxN6-4PKq3JVbs=.jpg
우지커피 배곧한라비발디점,플랫사이즈 에스프레소 음료,커피오렌망(ONLY ICE),4700,(SMALL SIZE) 상큼함과 부드러운 에스프레소와 이색적인 만남으로 이루어진 플랫커피,,http://imagefarm.baemin.com/smartmenuimage/upload/image/2024/8/9/nPAxUpT1aCCnH8yvGnV4sUUZO0jKr6ScvKIBe9McUNIc40htWfmDWU7ROWWnPbeITNTicxJ5Mm-pI2v7JS0DePaUZMMyC0vT7xrfNqYIgJs=.jpg
우지커피 배곧한라비발디점,대용량(1.1L) 보틀 음료,할미숫가루 (보틀포함),8500,"여름엔 얼음 동동 미숫가루, 오곡의 고소함과 달콤함이 가득한 할머니가 타주는 손맛 가득 진하고 시원한 미숫가루",,http://imagefarm.baemin.com/smartmenuimage/upload/image/2025/4/29/Y_UqGKJMOaePo1Q2MoslIYHbto41K0-53qr-RBLoFhb_Hqr7bzSuKr5n6pck-uGUL3rLqrq_G4QlWOQuavWJmKOldzV1y2CCUQnSN1-Tuy8=.jpg
우지커피 배곧한라비발디점,대용량(1.1L) 보틀 음료,아메리터 (보틀포함)((ONLY ICE)),5800,3샷이 들어간 1L 대용량 아이스 아메리카노로 더 진하고 풍부한 향을 느낄 수 있는 커피,,http://imagefarm.baemin.com/smartmenuimage/upload/image/2024/11/20/GPL6kH2AB-ZreH-pek56ldGVOXS24QxBNXfYZOXfGsKG8RG_N_Or8wCeylp240RqhRZH28WJvRlq3TmyZDzgoZ9zb2InrQXzsjsz9vnKpDs=.jpg
우지커피 배곧한라비발디점,대용량(1.1L) 보틀 음료,디카페인 아메리터(보틀포함),7300,디카페인 4샷이 들어간 1L 대용량 아이스 아메리카노로 더 진하고 풍부한 향을 느낄 수 있는 디카페인 커피를 보틀로 즐겨보세요,,http://imagefarm.baemin.com/smartmenuimage/upload/image/2025/6/17/BihxtIcKSvZ3iU7I0iSM7JuTwLULOA-3FejvEwiE1aD55n1-yKOYAMcsHSQfGS91zFyoI4nk_8dD3kiR_O3OPPBjv9Ae532b3gfrB9s2rkI=.jpg
우지커피 배곧한라비발디점,대용량(1.1L) 보틀 음료,딥카페라떼 (보틀포함),7300,"우지커피 시그니처 메뉴 딥 카페라떼. 
진한 에스프레소에 우지커피만의 시그니처밀크를 더해
더욱 진하고 고소한 대용량 커피",,http://imagefarm.baemin.com/smartmenuimage/upload/image/2025/6/25/8DrhtaPnXqqnRNyoRvHY70wcqg8WDelc3iwTBrlWM3KQn7I0-aGc2xamkIfUqC7F_3Tweqf7kjCw2RSlxpoTeOlWdggxgaEIuK9vGA41KHM=.jpg
우지커피 배곧한라비발디점,대용량(1.1L) 보틀 음료,디카페인 딥카페라떼 (보틀포함),8800,우지커피 시그니처 메뉴 딥 카페라떼. 진한 디카페인 에스프레소와 우지커피만의 레시피로 만든 숙성우유가 만나 더욱 진하고 고소한 디카페인 커피,,http://imagefarm.baemin.com/smartmenuimage/upload/image/2025/6/25/QIvFNZAg8L11KlW8QxHc0zA6E4ULbILenfk30AemlM0VqAOqPCHEoG0253MR3F0dKFcUsxGVrfSoSxSmwog4t3XQozTg5LYWob00NRi2nnw=.jpg
우지커피 배곧한라비발디점,대용량(1.1L) 보틀 음료,카페라떼 (보틀포함),7300,진하고 깊은 에스프레소에 신선하고 고소한 100% 원유를 더해 더욱 맛있는 커피,,http://imagefarm.baemin.com/smartmenuimage/upload/image/2025/6/25/pWCwS6-mCm_b6NHB5ZydHoF_QvOPbjbfrl8aeyThEDWvChFYjH94CtQEIh4sC_RGgaFH5dFqcXI8jdoQJv3Y7ykDJffuzKoHm8zon-StowU=.jpg
우지커피 배곧한라비발디점,대용량(1.1L) 보틀 음료,디카페인 카페라떼 (보틀포함),8800,진한 디카페인 에스프레소에 신선하고 고소한 100% 원유를 더해 더욱 맛있는 디카페인 커피,,http://imagefarm.baemin.com/smartmenuimage/upload/image/2025/6/25/L5EO3A_RcgqUN5puPNDWo2VvtxsrDyJ8Fj4on9OEzeLNnUDgyQpKsyh7lixIPK8peDbIGjx2O4_I2aszxHfc9e4TcU_8viQFxDthoclSjTo=.jpg
우지커피 배곧한라비발디점,대용량(1.1L) 보틀 음료,바닐라라떼 (보틀포함),8500,"부드러운 라떼에 진한 바닐라의 맛과 향을 더해
기분좋은 달콤함을 즐길 수 있는 대용량 커피",,http://imagefarm.baemin.com/smartmenuimage/upload/image/2025/6/25/dOrHQ6bWPS371f98GhHXWeuHLi9Z7czwaNRgH_nhVmWiVkHwL5EKxarfHfttBLM7MCms6iQ-Kj0v3h1vPjvPzjQ2A7iZGNHAynwOj5favFY=.jpg
우지커피 배곧한라비발디점,대용량(1.1L) 보틀 음료,디카페인 바닐라라떼 (보틀포함),10000,부드러운 디카페인 라떼에 진한 바닐라를 넣어 기분좋은 달콤함을 즐길 수 있는 디카페인 커피,,http://imagefarm.baemin.com/smartmenuimage/upload/image/2025/6/25/aQFXI830qzV_uCU6xSLGKeqmJtwA5j_mAzTy-GnPGFN67a-WCPxvCuk12pHYCqemmwzFdNHkl-FiQyTK_c7YLK1DKmKoOV_QFpYsw_KCidg=.jpg
우지커피 배곧한라비발디점,대용량(1.1L) 보틀 음료,우지믹스커피 (보틀포함)((ONLY ICE)),6500,둘.둘.셋 추억의 그 커피 진하고 달달한 믹스커피 스타일의 1.1L 대용량 사이즈 커피,,http://imagefarm.baemin.com/smartmenuimage/upload/image/2024/11/20/lTfbsQCDyw8jTGVgnmiCstIJd6uTOLXsNxiWsVUCwcrng4wComaLsUaPXnKh2gm7Zgzl59Ge2NEfGTjgEK1XFyZJJGc2gz0yL8PJ5OINuOk=.jpg
우지커피 배곧한라비발디점,대용량(1.1L) 보틀 음료,초코라떼 (보틀포함)((ONLY ICE)),8000,진한 다크초콜릿과 부드러운 우유가 어우러져 달콤함이 가득한 1.1L 대용량 사이즈 초코라떼,,http://imagefarm.baemin.com/smartmenuimage/upload/image/2024/11/20/SJ0NLJAIYSEZ1J5a66FWq7IeQnacsPR-gVGzsDqX2_fvv4paix6uLrMwdzOfHqQQpLewquLlClTbAqz1ya32P-mHhcXvGMT2WybZkeqpSOI=.jpg
우지커피 배곧한라비발디점,대용량(1.1L) 보틀 음료,리얼딸기라떼 (보틀포함)((ONLY ICE)),7800,신선한 우유에 달콤한 딸기를 듬뿍 넣어 딸기 과육이 가득한 1.1L 대용량 사이즈 딸기라떼,,http://imagefarm.baemin.com/smartmenuimage/upload/image/2024/11/20/Gx60gYDJc_YEsK-XhaVHdjxDVIA0TxcNRedPL6z8L14zOeu-jAM75hFbY3QVopgKYUVTmDIzeCLXika2LuPd25NTLV8q8suboTmYceNbZ1s=.jpg
우지커피 배곧한라비발디점,대용량(1.1L) 보틀 음료,복숭아아이스티 (보틀포함)((ONLY ICE)),7000,새콤달콤 복숭아의 상큼함과 홍차의 깔끔함이 어우러진 1.1L 대용량 사이즈 아이스티,,http://imagefarm.baemin.com/smartmenuimage/upload/image/2024/11/20/kRvfm_kwRKaKyHiqulU-l7_4GH8DY8GL_EfJwN2l7miUEALSO-hsbKGWp_tujMsmfUpZ2FC9iLPZSpI3NBp8a50QoE-mPtSzusnCTWijuDY=.jpg
우지커피 배곧한라비발디점,대용량(1.1L) 보틀 음료,석류아이스티 (보틀포함)((ONLY ICE)),7000,새콤달콤 석류의 상큼함과 홍차의 깔끔함이 어우러진 1.1L 대용량 사이즈 아이스티,,http://imagefarm.baemin.com/smartmenuimage/upload/image/2024/11/20/_F3A3txNdwR9Odd8G9zHCIpJeaCXYJtV1Ue_J50TTBKMa3pz8zbhonbtnFygOl6H1aPxcCMH2rAqdDlqEMqVYqLNJM9Pa6wkf1y-Vgn2YVQ=.jpg
우지커피 배곧한라비발디점,커피,아메리카노,2800,에스프레소에 물을 혼합한 커피 우지커피만의 균형잡힌 밸런스와 신선하고 진한 애프터테이스트가 특징인 커피,,http://imagefarm.baemin.com/smartmenuimage/upload/image/2024/8/9/4Qhu1zf8e3nJQztO_GkEy6MphoxpyoOpKmrkoSk55ezfgPnVh0tk7S1cKz3HvcmQfz9tUFWazQeGzBMP6PDJrCT8TQUv2PAJsalT4t6gyBI=.jpg
우지커피 배곧한라비발디점,커피,"아메리터 (1L, 보틀 미포함)(ONLY ICE)",4300,3샷이 들어간 1L 대용량 아이스 아메리카노로 더 진하고 풍부한 향을 느낄 수 있는 커피,,http://imagefarm.baemin.com/smartmenuimage/upload/image/2024/8/9/g36FD9NB6ZwfDJwC7WYCjQRmiD-cA2L9ZbKiLGRJtLAdyeJ05W11g2v0AJsmdWWGqntYNm5hw2R99n_4MXL5PfIkPBKL8YW_HLD0UH-RaBQ=.jpg
우지커피 배곧한라비발디점,커피,헤이즐넛 아메리카노,4200,진한 아메리카노에 헤이즐넛시럽을 더해 더욱 깊고 달달한 헤이즐넛 맛을 즐길 수 있는 커피,,http://imagefarm.baemin.com/smartmenuimage/upload/image/2024/8/9/vzpIQW2evXSO7XW3rG2ephQSBg285mzun1vfgjmzOQiQwZ_MlakiKNoHzGRgFJTRHucPc5y2cTPaoJrtzu9V-HTI46A4XGLyfDYmNalInm4=.jpg
우지커피 배곧한라비발디점,커피,제로 헤이즐넛 아메리카노,4400,"당류 0g. 제로 헤이즐넛 아메리카노
헤이즐넛의 향과 풍미는 그대로 살린 
부담없고 가벼운 헤이즐넛 아메리카노",,http://imagefarm.baemin.com/smartmenuimage/upload/image/2025/6/25/SmUTtwcCgYxFyW-QB6_PS-oIQwfWVHjmn5kawLAWOcti8Av7A_hkTR84WKMSlD9a0UjiT2QEUvrR-N8wSix_MeUJf5gnGbBO9UucrRmOxc8=.jpg
우지커피 배곧한라비발디점,커피,피칸 아메리카노,4200,진한 아메리카노에 피칸시럽을 더해 더욱 깊고 고소한 피칸 맛을 즐길 수 있는 커피,,http://imagefarm.baemin.com/smartmenuimage/upload/image/2024/8/9/4wklNAF1mi_fL_7-5-ymElzq9UqEW1KMhZb5eFJ1E9gIQWdvmah8SM8I25sYM8dqUzjdTxItQ6cM5yN1EVEhhrYtkfV3rJrdN4tcBo_tjeQ=.jpg
우지커피 배곧한라비발디점,커피,꿀 아메리카노,4200,진한 아메리카노에 달달한 벌꿀을 더해 자극없이 편안하게 달콤함을 즐길 수 있는 커피,,http://imagefarm.baemin.com/smartmenuimage/upload/image/2024/8/9/g-3ShMe2Lhv8u8DXTyT_U7Yw07lFTr5fK56F5RSPP9TBlRmUPiIxOXmj-cmLLW4YlZnJlwhir7pk_o85vPqFFiHhR2a5EQ0A0T7DPPCu8yQ=.jpg
우지커피 배곧한라비발디점,커피,[SIGNATURE] 딥카페라떼,4300,우지커피 시그니처 메뉴. 진한 에스프레소와 우지커피만의 레시피로 만든 시그니처밀크가 만나 더욱 진하고 고소한 커피,O,http://imagefarm.baemin.com/smartmenuimage/upload/image/2024/8/9/bfLhFmi1O6ADe2uCFfCDBhv0IRdtUuJcB_kIaQIVF2aQYFgb8mbS8-DJdkPoe_mh6AdZPG6Xj0lllV30q9iaXnV0Mx2PJ2v5ijx6cmPBLbI=.jpg
우지커피 배곧한라비발디점,커피,"딥카페라떼 (1L, 보틀 미포함)",5800,"우지커피 시그니처 메뉴 딥 카페라떼. 
진한 에스프레소에 우지커피만의 시그니처밀크를 더해
더욱 진하고 고소한 대용량 커피",,http://imagefarm.baemin.com/smartmenuimage/upload/image/2025/6/25/seChlIv36_58iRF2GJqiWBMcnhtoF6q1vc8H_BqtUMkoxUBjnYZFwYbUMWMgW0JSUqp3R_gzi7gM4j6rqalOqzXnfi1GosVRkdALGBj-1_4=.jpg
우지커피 배곧한라비발디점,커피,카페라떼,4300,진한 에스프레소에 신선하고 고소한 100% 원유를 더해 더욱 맛있는 커피,,http://imagefarm.baemin.com/smartmenuimage/upload/image/2024/8/9/2318Qd0hc2DZpmnUgTK36uTISfCGw_KK0Bpy6uWB6XHJzEfl-HOkZWZ5vtLv5V4RXeyiUesmlHfgMelH_TtPHTMzJ0Pkw89LvP9TLU_E0Vg=.jpg
우지커피 배곧한라비발디점,커피,"카페라떼 (1L, 보틀 미포함)",5800,진하고 깊은 에스프레소에 신선하고 고소한 100% 원유를 더해 더욱 맛있는 커피,,http://imagefarm.baemin.com/smartmenuimage/upload/image/2025/6/25/P2Q6gtTNRuTyoKcsKq35C0eIQw5IYAQ85Jjyx2AqQBJcoI35VRa-i3jFc1gmLpnrHusCHxZ6dBMuJqWAWwuSsShBGxbjY06vAmeeW80pYs0=.jpg
우지커피 배곧한라비발디점,커피,바닐라라떼,5000,부드러운 라떼에 더욱 진한 바닐라를 넣어 기분 좋은 달콤함을 즐길 수 있는 커피,,http://imagefarm.baemin.com/smartmenuimage/upload/image/2024/8/9/4AvdXGUtG0rfOzEydq3WiTNo_feZfvcEmWWDPnta0lyXhCfamtF1Fgb8QYei_GLRNX7RG09CjTwDtdgPTR563NInZQfffxz93SfVmaXm6DU=.jpg
우지커피 배곧한라비발디점,커피,라이트 바닐라라떼,5400,"열량 30% 다운. 
칼로리는 낮추고, 바닐라의 달콤함과 
부드러움은 그대로 살린 라이트 바닐라라떼",,http://imagefarm.baemin.com/smartmenuimage/upload/image/2025/6/25/7sqA0fKFVIBEilRYEyf8SQV9WVTuLFfVwMZVJp9QQrowAjck53uaI0dEXPt89ZWX6EPF1mdQrvSeQ3XxgEewEcrcxYkswtZQPtgd6-OPOX0=.jpg
우지커피 배곧한라비발디점,커피,오모테산도커피,5800,도쿄에서 유명한 커피메뉴를 우지커피의 레시피로  재해석하여 화산처럼 버블이 생기는 신기한 비주얼의  아이스 초코 카푸치노 부드러운 초코와  커피의 조화가 좋아 누구나 즐길 수 있는 맛의 커피메뉴,,http://imagefarm.baemin.com/smartmenuimage/upload/image/2025/8/27/ABT1UtMqjQmCOTy49pl31AEA4oeytFVP7baxDPRqJC32rTrJYidvhiDTXo9Uu1_MNsDDnXCfkk4hmwmuFaPraiu2B6tr3ScRvXfR1u3e8jg=.jpg
우지커피 배곧한라비발디점,커피,레모니카노 (ONLY ICE),5000,"깊고 진한 에스프레소에 상큼한 레몬을 더해 
깔끔하게 즐기는 레몬 아메리카노.
피곤할 때 상쾌함과 비타민으로 에너지 충전.",,http://imagefarm.baemin.com/smartmenuimage/upload/image/2025/6/25/T2TFfEGfvf6rOkaC-m12Z-E6dN5vqCfOSLxBpE9QgzxFovjUx2ffC3gO5BQTva4FYn4-4Tpkwt91RuXAVRLEwNAhVN_vJWNuMFQ3HEmvpFo=.jpg
우지커피 배곧한라비발디점,커피,"바닐라라떼 (1L, 보틀 미포함)",7000,"부드러운 라떼에 진한 바닐라의 맛과 향을 더해
기분좋은 달콤함을 즐길 수 있는 대용량 커피",,http://imagefarm.baemin.com/smartmenuimage/upload/image/2025/6/25/a7Vlu4wQeSQ4fXtvKtkLJhGUWAdZ9cXcRgPXaiEb9jGFc4npVHRW6_wSpCA59OashmI_cLf3r6wCPnm82O40cAmcmU6FgAF6e4o9priTSFc=.jpg
우지커피 배곧한라비발디점,커피,헤이즐넛 라떼,5000,부드러운 라떼에 더욱 진한 헤이즐넛을 더해 기분 좋은 달콤함을 즐길 수 잇는 커피,,http://imagefarm.baemin.com/smartmenuimage/upload/image/2024/8/9/qE9JfKOjiv4xseN2P0PvMTUcz8cD2TE2L8dj8b9JEvcLyMVzeuzUU85uJv3-TAAc3yt83-UmCqMMKpwYhLLdPBohkNB-keyBzGF7YyziNFk=.jpg
우지커피 배곧한라비발디점,커피,카라멜 마끼야또,5000,달콤하고 진한 카라멜과 에스프레소를 섞어 부드러운 우유거품 위에 부어 만드는 인기 메뉴,,http://imagefarm.baemin.com/smartmenuimage/upload/image/2024/8/9/EUs4cJ7oI3wsxbA-DYpyf1GDw181KOl7DhskGtsT0LM1xgGSfX-uBTAicq0vzU4cxsYrucmrgFc0IT2w9CD0_ofZ_TIGQIngigiz04Ywsho=.jpg
우지커피 배곧한라비발디점,커피,카푸치노,4500,진한 에스프레소에 부드러운 우유거품을 올려 카페라떼보다 더욱 진하고 풍성한 거품을 즐길 수 있는 커피,,http://imagefarm.baemin.com/smartmenuimage/upload/image/2024/8/9/4WsDys2AUEtcMRTgD5xEoyQ_-HrjPbOLs8YfrdAkcfLH648ZkSB2fZBRuiXdKhCZCS97v79f95t2D3xdaFqLOkQ_2QU-WRH8mcvx03gbEJQ=.jpg
우지커피 배곧한라비발디점,커피,시나몬슈가 카푸치노,5000,부드러운 거품이 특징인 카푸치노에 시나몬슈가의 달콤함을 더해 더 맛있게 즐길 수 있는 커피,,http://imagefarm.baemin.com/smartmenuimage/upload/image/2024/8/9/z1YaVmrFDwoGeY4ZtPjHNTyazhh4TXlGO1WhvE8Q2wPEgIKlPrD6nqjuTQuRcjAQ9poQBVMHzeAMS0yOJAuPadsPQSF5AHwPs2SDUSNjkqk=.jpg
우지커피 배곧한라비발디점,커피,카페모카,5700,고소하고 부드러운 카페라떼에 진하고 달콤한 다크초콜릿을 넣어 휘핑크림을 올린 커피,,http://imagefarm.baemin.com/smartmenuimage/upload/image/2024/8/9/KbbH4PvHJWx_8GvDuroLuVEBRKxq3NyIDK3UHjKXBEUv2zAmrwNOKsFi3VA9SIopSIL-TOjIu7Z3venhzmn_5U8_HccciHKskEuh4Iuib_M=.jpg
우지커피 배곧한라비발디점,커피,헤이즐넛 카페모카,5700,고소하고 부드러운 카페라떼에 향긋한 헤이즐넛을 넣어 휘핑크림을 올린 커피,,http://imagefarm.baemin.com/smartmenuimage/upload/image/2025/4/9/7vCLsAMRw7d9DlaC-wB8wG3_Bp1MjQQi5fr9CqN1jT9sHoWMjAIZoIwpGC3wY-Z3WdCNjjwmb_lop_ygzmLr1wOs2VtoJk4OrGlQahPKR14=.jpg
우지커피 배곧한라비발디점,커피,화이트초코 카페모카,5700,고소하고 부드러운 카페라떼에 진하고 달콤한 화이트 초콜릿을 넣어 휘핑크림을 올린 커피,,http://imagefarm.baemin.com/smartmenuimage/upload/image/2024/8/9/sukuH_gB3EOkyWS9fIpn30LxZH0muoqz7xhO1jdF7oBc9fCLiWx8p8GzbabR3TikaRWRree6v5nl1IOxy47JSPuay6hJ8WITwxk3Ef0z-4A=.jpg
우지커피 배곧한라비발디점,커피,피칸 라떼,5000,부드러운 라떼와 고소한 피칸이 만나 달콤한 견과류의 맛을 즐길 수 있는 커피,,http://imagefarm.baemin.com/smartmenuimage/upload/image/2024/8/9/XdMfl5jZcfUXkUtNaPE4DaZVvZAaQzVStgG38wphibeg-jPMjkl_FsgM52swPls8xDqmBr8fQYnCpYCf7p5nMbOPAJJS2GmaWa0tDW28bLE=.jpg
우지커피 배곧한라비발디점,커피,꿀 카페라떼,5000,부드러운 라떼에 달콤하고 진한 벌꿀을 넣어 더욱 맛있게 즐길 수 있는 커피,,http://imagefarm.baemin.com/smartmenuimage/upload/image/2024/8/9/lQvCL4A8g1ZJP8miTYaOg1XTc6DkBuOfuJqgwgdhtzU3yIYBfxYla71cEtJu21Ls3nCo9Bz1aYwAn4UyOTGa2lOHw8U4Zk_fmcBMvMOacgM=.jpg
우지커피 배곧한라비발디점,커피,연유 라떼,5000,부드러운 라떼에 부드러운 연유를 더해 기분좋은 달콤함을 즐길 수 있는 커피,,http://imagefarm.baemin.com/smartmenuimage/upload/image/2024/8/9/ghdGxVZFWggCO-qIZXqm-psmrPOjEfGkXyFnfigulpXFpfSWZMaI1RDjGoBFcpyIYL60tU9HX4xsOGMofDIXI4FYKuhaqhyM6WqmjdC-94Q=.jpg
우지커피 배곧한라비발디점,커피,연유 큐브라떼(ONLY ICE),5600,부드럽고 달콤한 연유라떼에 우지커피 모양의 커피 큐브를 더해 얼음이 녹아도 진하게 즐길 수 있는 달콤한 라떼,,http://imagefarm.baemin.com/smartmenuimage/upload/image/2024/8/9/kMU9M5_EF5kMZBfw_4ofTDYOReb0rommL9MBAfPuJDeyPSCt6wIlhU-eadKMaM_pXK0k43pUw-si-QhI7G6K1-Tcp38-DzhHDtxInwTsvxQ=.jpg
우지커피 배곧한라비발디점,커피,고구마카페라떼,5800,달콤한 고구마를 듬뿍 넣어 진한 고구마의 풍미와 에스프레소의 조화를 즐길 수 있는 라떼,,http://imagefarm.baemin.com/smartmenuimage/upload/image/2024/12/20/Y392hz9Fg8u9Kc4EE7vk8ccD6JMzEdcRE3R_VKl7sdndq0quSFvG-F4sI5kDjesQ9dqeR_NSvchGCFzup9HgJ7ZaTnuOFTNZjDGeYY7ND4o=.jpg
우지커피 배곧한라비발디점,커피,우지믹스커피(ONLY ICE),4200,"둘.둘.셋 추억의 그 커피, 대중적으로 즐길 수 있는 진하고 달콤한 믹스커피",,http://imagefarm.baemin.com/smartmenuimage/upload/image/2024/8/9/U5JaL0soh2MAAJYwQq_zw5ByR34Isrvgl5bsRIZMmQh0MmKBcLmKxWrsFZcRMxp7y0IbQCExa5YLv6ItKLH2y3tsYbxRcPorS5umr4hJxzU=.jpg
우지커피 배곧한라비발디점,커피,우지믹스커피(1L음료.보틀 미포함)((ONLY ICE)),5000,둘.둘.셋 추억의 그 커피 진하고 달달한 믹스커피 스타일의1L 대용량 사이즈 커피,,http://imagefarm.baemin.com/smartmenuimage/upload/image/2024/11/20/zgCyUfVuOVqRiqMGvTNzfAS7aaWWVzppdRYZVRPD0K08kzTtq2NDkxLJrHFzj1ji7NuG47O3SZ4npyDZLD2nW6NhOEJn9vXbcPsJTo1dPu0=.jpg
우지커피 배곧한라비발디점,커피,에스프레소((ONLY HOT)),2800,향기로운 크레마 층과 균형잡힌 밸런스로 아무것도 혼합하지 않은 커피원액,,http://imagefarm.baemin.com/smartmenuimage/upload/image/2025/2/26/zAg2wlQdYJyH9hTrLBmDZaNdXouFJB7T3p_Om7pt-_t62r9NyoiRHW9Qfge5CBJzLA3ckRdB9n_Jq3yaQaDuIGyRIXr2B79lPDX0Fmx4ubo=.jpg
우지커피 배곧한라비발디점,디카페인 커피,"디카페인 아메리터 (1L, 보틀 미포함)",5800,디카페인 샷이 4샷 들어간 1L 대용량 아메리카노로 더 진하고 풍부한 향을 느낄 수 있는 디카페인 아이스 커피,,http://imagefarm.baemin.com/smartmenuimage/upload/image/2025/6/17/GpBiGwSqGp_CLSYlpYcp6H4XlE56EWqp5KNoqYgLCEgFsbTkHg1E3StNwEVCWm9cj5_ubwO8nglL6k_9TfokdSxyeLhtE5KO6CSys4t3ynA=.jpg
우지커피 배곧한라비발디점,디카페인 커피,디카페인 피넛크림라떼 (ONLY ICE),6800,(SMALL SIZE) 우지커피만의 시그니처 라떼. 고소하고 달콤한 땅콩크림과 진한 에스프레소로 빨대없이 즐기는 라떼,,http://imagefarm.baemin.com/smartmenuimage/upload/image/2025/6/17/5p5pLsPiD9RfCz6JLefLcWFcdFT01WsZMPwqfPSUcfQSTdiCPg5_uAaa_4tRgnBS9co7_w7Au6N1bQe3_bG7KjOpFmXVzbiviB1DVNDqPb0=.jpg
우지커피 배곧한라비발디점,디카페인 커피,디카페인 아메리카노,3800,"디카페인 에스프레소에 물을 혼합한 디카페인 커피, 우지커피만의 균형잡힌 밸런스와 신선하고 진한 애프터테이스트가 특징인 디카페인 커피",,http://imagefarm.baemin.com/smartmenuimage/upload/image/2025/6/17/IEuIwj5x-b_Ya-WlfSnMjnsTTOXCpb1a5IfYekwWkLDnQp1ucpKqkoHXHrAn2GSnaXvI94e-Roo8teIejDVocROmssW9k-y0IUstm297AEA=.jpg
우지커피 배곧한라비발디점,디카페인 커피,디카페인 헤이즐넛 아메리카노,5200,진한 디카페인 아메리카노에 헤이즐넛시럽을 더해 더욱 깊고 달달한 헤이즐넛 맛을 즐길 수 있는 디카페인 커피,,http://imagefarm.baemin.com/smartmenuimage/upload/image/2025/6/17/VZcTo1itR2xqLS4s5O6ur1tSDjXYNEynmHbugmVHYEF9Xf_8-ViQcW4wOk0f_0HwM2FE-zmPoKN89ntLl0C1c_EVUbuTIBdXUaG4hUD7tes=.jpg
우지커피 배곧한라비발디점,디카페인 커피,디카페인 제로 헤이즐넛 아메리카노,5400,"당류 0g. 디카페인으로 카페인 부담은 줄이고, 
헤이즐넛의 향과 풍미는 살린 
부담없고 가벼운 디카페인 헤이즐넛 아메리카노",,http://imagefarm.baemin.com/smartmenuimage/upload/image/2025/6/25/l0R86Q8HpEJS-GIgJsp8Ggn74N0OGP6Cr1RgpFgnuibsvMbL1ryNvXXu6-CtQQur9a_IdG_Pv7VABgE7Wa1C_I6TMFbUSPF1cWgCbKaWALc=.jpg
우지커피 배곧한라비발디점,디카페인 커피,디카페인 피칸 아메리카노,5200,진한 디카페인 아메리카노에 피칸시럽을 더해 더욱 깊고 고소한 피칸 맛을 즐길 수 있는 디카페인 커피,,http://imagefarm.baemin.com/smartmenuimage/upload/image/2025/6/17/r6OnosdflKaz0aS0xq-eZVH68c0zevyua26m3Gs_tafh-Qh9MJx3wRszP8x1uSEaxjvOLlW--0R9Zn8TpC_zbV9japGGQG0yXZP9m3axwqY=.jpg
우지커피 배곧한라비발디점,디카페인 커피,디카페인 꿀 아메리카노,5200,진한 디카페인 아메리카노에 달달한 벌꿀을 더해 자극없이 편안하게 달콤함을 즐길 수 있는 디카페인 커피,,http://imagefarm.baemin.com/smartmenuimage/upload/image/2025/6/17/SBrcMaIbd6eYsNKxLLVT0Kdi0_6H81wNm6eAO_Tz9kpm-bbM_xpaCqUPwiclt92VQOqGzYjeVq_1RtoWNPrRrCHBn_vHoJNr8kVeJWXNRs0=.jpg
우지커피 배곧한라비발디점,디카페인 커피,디카페인 딥카페라떼,5300,우지커피 시그니처 메뉴 딥 카페라떼. 진한 디카페인 에스프레소와 우지커피만의 레시피로 만든 숙성우유가 만나 더욱 진하고 고소한 디카페인 커피,,http://imagefarm.baemin.com/smartmenuimage/upload/image/2025/6/17/dMI2JTEBLhEzklgiTT-vqks4nROBfdpY-bYB7UVzF0KbZspq7TVe-c1nSaACZ7et-Ntou7sUPMpLSkt-cGS3iBU2YKX-HZd3I7mZFpsEBDw=.jpg
우지커피 배곧한라비발디점,디카페인 커피,"디카페인 딥카페라떼 (1L, 보틀 미포함)",7300,우지커피 시그니처 메뉴 딥 카페라떼. 진한 디카페인 에스프레소와 우지커피만의 레시피로 만든 숙성우유가 만나 더욱 진하고 고소한 디카페인 커피,,http://imagefarm.baemin.com/smartmenuimage/upload/image/2025/6/25/zlNSowSkRfoN_ruZO_XTuibFI4k5PaI7CzbZRRPvFNf_0V0PX9hcWxQFAJM-2egfDCwTJKdOnDjIG-jK_d2bKW7pwcj6kom6GOGpO754fZo=.jpg
우지커피 배곧한라비발디점,디카페인 커피,디카페인 카페라떼,5300,진한 디카페인 에스프레소에 신선하고 고소한 100% 원유를 더해 더욱 맛있는 디카페인 커피,,http://imagefarm.baemin.com/smartmenuimage/upload/image/2025/6/17/b-GfiHZqehYk7J02N8gmbetLhPdDb5sEj9H1snj6IBWS1cf2bxf0OL_QYgwgi3TcG4i9vdm0j5kprzVZLan2KrtIMA5ZJbwSFNaIqzTjo3o=.jpg
우지커피 배곧한라비발디점,디카페인 커피,"디카페인 카페라떼 (1L, 보틀 미포함)",7300,진한 디카페인 에스프레소에 신선하고 고소한 100% 원유를 더해 더욱 맛있는 디카페인 커피,,http://imagefarm.baemin.com/smartmenuimage/upload/image/2025/6/25/hG1aMDHs6jMcq2v5V42GQkMBg6if8HWr803R8rzBBWX20XuNDYQYPRicaCVnt6vkk1pjL6DWfDMPlAkVu_oe32TG0Fm4Hk46NJvWwqLbxN4=.jpg
우지커피 배곧한라비발디점,디카페인 커피,디카페인 카푸치노,5500,풍부하고 진한 디카페인 에스프레소에 부드러운 우유거품을 올려 카페라떼보다 더욱 진하고 풍성한 거품을 즐길 수 있는 디카페인 커피,,http://imagefarm.baemin.com/smartmenuimage/upload/image/2025/6/17/d48skhaHGN9eheRXxFYwwhaCAgbs3pobotIuQPIoA5l5FQm1cEGAdiHbjLR4Mn4BjKwHvUa8BwD3VqWOSRomKWboTu5FYwOCwd1nMBYAdIw=.jpg
우지커피 배곧한라비발디점,디카페인 커피,디카페인 시나몬카푸치노,6000,부드러운 거품이 특징인 카푸치노에 시나몬슈가의 달콤함을 더해 더 맛있게 즐길 수 있는 디카페인 커피,,http://imagefarm.baemin.com/smartmenuimage/upload/image/2025/6/17/D-OF08eS5aqT5oAVEN-o_9NlTDTJf81vYzBBfguojxuLrzL5CpW9dQhGH5SJL0wLuQE2LzJoadeOh2R88AONkZOUJ9IipMD98eMABz3ZDwY=.jpg
우지커피 배곧한라비발디점,디카페인 커피,디카페인 피칸 라떼,6000,부드러운 디카페인 라떼와 고소한 피칸이 만나 달콤하고 향긋한 디카페인 커피,,http://imagefarm.baemin.com/smartmenuimage/upload/image/2025/6/17/TlrKoN1V3Zt8XZGvdqtauKqJ5o2E_92DoKkrZJOU3lMsDxFvKZXkf44HbhvWtrNJBx7U-hQL7EOK7NUeD7N4Uuv4nqrzuapl55p3jbaaqlQ=.jpg
우지커피 배곧한라비발디점,디카페인 커피,디카페인 헤이즐넛 라떼,6000,부드러운 디카페인 라떼에 향긋한 헤이즐넛을 더해 기분좋은 달콤함을 즐길 수 있는 디카페인 커피,,http://imagefarm.baemin.com/smartmenuimage/upload/image/2025/6/17/KbSbHEkdhXRLjvDTfzePeCxCkf7c4rbM5a0lpxrdZNLz6PA4w5XTu4QEF75d4F5HH9TTL6OM44LoMQOn_-zpzaNBEiZiQ8DdWrisx1QHM30=.jpg
우지커피 배곧한라비발디점,디카페인 커피,디카페인 꿀 카페라떼,6000,부드러운 디카페인 라떼에 달콤하고 진한 벌꿀을 넣어 더욱 맛있게 즐길 수 있는 디카페인 커피,,http://imagefarm.baemin.com/smartmenuimage/upload/image/2025/6/17/GZXxCI0icMc2TElftKBxylgKJU9ErYMPLKolGYyjsI9cXLMa2VZ6oJUust1Jna5f7cxeBRgOSfW2ffZtf0LKvHKEPund-5U3WfzGtOuUVlY=.jpg
우지커피 배곧한라비발디점,디카페인 커피,디카페인 바닐라 라떼,6000,부드러운 디카페인 라떼에 진한 바닐라를 넣어 기분좋은 달콤함을 즐길 수 있는 디카페인 커피,,http://imagefarm.baemin.com/smartmenuimage/upload/image/2025/6/17/7BovKEhS3ORRcSOMJ_jUzx70uk9r8AMG4CmpfbzkWFrxGNXopEUN9USrkOFKqUUwM2gHV0qDck-xEY2byBEb1_kYH9uF5L50Fgkro215kBc=.jpg
우지커피 배곧한라비발디점,디카페인 커피,"디카페인 바닐라라떼 (1L, 보틀 미포함)",8500,부드러운 디카페인 라떼에 진한 바닐라를 넣어 기분좋은 달콤함을 즐길 수 있는 디카페인 커피,,http://imagefarm.baemin.com/smartmenuimage/upload/image/2025/6/25/7eAzZlDa-ce35uEf1aftAleOcUKBwPnaC010JytRQ9-Q13x-NwUL3J26bOUg8mxNmAVcgVBSPSWOFRl2yNBE2M-tQcwCYDTuGgs-JDWaGPg=.jpg
우지커피 배곧한라비발디점,디카페인 커피,디카페인 라이트 바닐라라떼,6400,"열량 30% 다운. 
칼로리는 낮추고, 바닐라의 달콤함과 
부드러움은 그대로 살린 
디카페인 라이트 바닐라라떼",,http://imagefarm.baemin.com/smartmenuimage/upload/image/2025/6/25/TEp11eY-i3uY58g9zAiXQfU6NOt4v1K_P03rGrR2T6gVVzxkG-oB5mvAPgq2zsYr3NTYKqUcR2oxUEO1R424MzsTyauFiXCl6o6xT-Fa2ig=.jpg
우지커피 배곧한라비발디점,디카페인 커피,디카페인 카라멜마끼아또,6000,달콤하고 진한 카라멜과 디카페인 에스프레소를 섞어 부드러운 우유거품 위에 부어 부드럽고 달콤하게 즐길 수 있는 디카페인 커피,,http://imagefarm.baemin.com/smartmenuimage/upload/image/2025/6/17/iIrnjVmNX9D18HW__ODmZv6xPsAvr5ik5D-4HkV5EV27MhjTD_GKGaTwfOS3qaqm7fFvQyk3uNUSFXMcg0NCYLoQO9B5YA73LRDvaaN3W6Q=.jpg
우지커피 배곧한라비발디점,디카페인 커피,디카페인 연유라떼,6000,부드러운 디카페인 라떼에 부드러운 연유를 더해 기분좋은 달콤함을 즐길 수 있는 디카페인 커피,,http://imagefarm.baemin.com/smartmenuimage/upload/image/2025/6/17/hdb-9abF8AtQf06NjuI2HkCC7N2xzYxqUuHJHYEDoBR_L1QJB2cPs6TJ9WYc6CMh1BAqrpbszASParHLiHuui4O_bcA_Dp-U0Ys04lafVZY=.jpg
우지커피 배곧한라비발디점,디카페인 커피,디카페인 카페모카,6700,"고소하고 부드러운 디카페인 카페라떼에 진하고 달콤한 다크초콜릿을 넣고, 휘핑크림을 더해 달콤하게 즐길 수 있는 디카페인 커피",,http://imagefarm.baemin.com/smartmenuimage/upload/image/2025/6/17/hBVg8CGk_YaAFaixChVsS93Bqp8APoQgOP6s9fvfsQ4LPZL5q5yFLc38RejZMsq1KkmQUDywrUr1Cfz84Opm4z-AGTi58BDy5D5DtrEt_VU=.jpg
우지커피 배곧한라비발디점,디카페인 커피,디카페인 민트 카페모카,7300,시원하고 상쾌한 민트초코와 고소하고 부드러운 디카페인 카페라떼에 초코휘핑크림을 올린 디카페인 커피,,http://imagefarm.baemin.com/smartmenuimage/upload/image/2025/6/17/fWJHd7vUr-56sPvxzpTcP98cZ6uTERpFDLvJVfXRFGJrt3EREBpz-fHtxzcrpJp_z97YOGgXBOwmQx7Gz1Sknh1O-dPruKXPDw6mUZwNmXE=.jpg
우지커피 배곧한라비발디점,디카페인 커피,디카페인 헤이즐넛 카페모카,6700,고소하고 달콤한 디카페인 카페모카에 향긋한 헤이즐넛을 넣어 휘핑크림을 올린 디카페인 커피,,http://imagefarm.baemin.com/smartmenuimage/upload/image/2025/6/17/QfSobeuYtkh2RDKem_xj0eF-GfrGi1rcgsI5-Iu8aIjkpuwiWS6mFvvhH07sPmPgHWs86q8L-7pkglbxvggW5bEbin4pLwim1SXgg9BqsMg=.jpg
우지커피 배곧한라비발디점,디카페인 커피,디카페인 화이트초코 카페모카,6700,고소하고 부드러운 디카페인 카페라떼에 진하고 달콤한 화이트 초콜릿을 넣어 휘핑크림을 올린 디카페인 커피,,http://imagefarm.baemin.com/smartmenuimage/upload/image/2025/6/17/Nmktme9NItW7LYxpYBIUvKpmzCjeMkNPxz0FDw-XPyx1dDI9haZJvMeOADyb6gKYJ_dT5O6I_C6sS9QlSH1jH5KR76QhMZnsjzm8esIJ3Rs=.jpg
우지커피 배곧한라비발디점,디카페인 커피,디카페인 고구마카페라떼,6800,달콤한 고구마를 듬뿍 넣어 진한 고구마의 풍미와 디카페인 에스프레소의 조화를 즐길 수 있는 디카페인 라떼,,http://imagefarm.baemin.com/smartmenuimage/upload/image/2025/6/17/ydpWzW1G0JknNrSTCO0x3d5BH95Tb6F8LUU7Jv-5HAmxRf52glJLMjKHI9TDGeZfkimlKifop-WKatxiXzAY4KP42XIxgRkCF4svX2dpyRI=.jpg
우지커피 배곧한라비발디점,디카페인 커피,디카페인 에스프레소,3800,향기로운 크레마 층과 균형잡힌 밸런스로 아무것도 혼합하지 않은 디카페인 커피원액,,http://imagefarm.baemin.com/smartmenuimage/upload/image/2025/6/17/h6s9WbozhQsdbvJDSmflzhRAukoi_NAyvm_xonBms3y6RSYRP5xqNpOCCTXn_APhIHDKArPap-WIM6jonRiZagqLLgj9AEpWXYtmv9yh6R4=.jpg
우지커피 배곧한라비발디점,콜드브루,라이트 바닐라크림콜드브루,6400,"열량 30% 다운. 
칼로리는 낮추고, 바닐라의 달콤함과 
부드러움은 그대로 살린 라이트 바닐라크림콜드브루",,http://imagefarm.baemin.com/smartmenuimage/upload/image/2025/6/25/Dr0gkdgLooHFTDX4n8_JLc323WJWR3Q1e7jtpNxkq2yXg2ERfdIt6QtUC82gdVbIoFPrxAclAnQGSU8E1chwH9HM1liRE9ilo8yFH3jcEzI=.jpg
우지커피 배곧한라비발디점,콜드브루,연유크리미슈페너,6300,"부드럽고 달콤한 바닐라크림과 깔끔한 콜드브루, 
묵직한 연유의 만남. 첫 입부터 마지막까지 
부드러운 맛으로 즐길 수 있는 크림라떼",,http://imagefarm.baemin.com/smartmenuimage/upload/image/2025/4/29/I4moWk9-MHVQ94Vnae4cDw5fxRKKrkjZ8nZ8sRgj07A62H6yiWjxF9H5hrVFDADcuumjMIh1J46sh7U1wOQp7Eo9AYakIaX1gvzAzMXiczU=.jpg
우지커피 배곧한라비발디점,콜드브루,바닐라크림 콜드브루 라떼(ONLY ICE),6300,바닐라크림 베이스를 이용하여 깔끔하면서 달콤한 콜드브루를 새롭게 즐길 수 있는 라떼,,http://imagefarm.baemin.com/smartmenuimage/upload/image/2024/8/9/TDph5jVzYbVs12HWKlH5MEMcCgnq_TywjC8Z-JtGuFEed57eaJtRHTwGZQabIPJuitqFTfvGQaLcrwkniCmBX67vXVnOwEPGP-6hVRvzQFI=.jpg
우지커피 배곧한라비발디점,콜드브루,말차 콜드브루 라떼(ONLY ICE),6300,깊고 진한 말차 베이스를 이용하여 쌉싸름하면서 달콤하게 즐길 수 있는 콜드브루 라떼,,http://imagefarm.baemin.com/smartmenuimage/upload/image/2024/8/9/Orb5DBKFNDgKrzRP7UuI35FS7GaDR8qajcuRdBjvJGKY7kPER6TDGU4keYSCedK4nwJmWwyTUazWrTXkb61G2eJtTPA53ZLp7aZ1xKQwx7A=.jpg
우지커피 배곧한라비발디점,콜드브루,콜드브루 커피,5300,차가운 물에 장시간 침출하여 깊은 풍미로 더욱 부드럽게 즐길 수 있는 커피,,http://imagefarm.baemin.com/smartmenuimage/upload/image/2024/8/9/Ovv7N_TPPiWT4q6rWXMRyrYKFKqgjV7PsgA0agyNlC9R38onTmvQx9MD_zaQh_MWS-ZBXvgttWRnXksBX1YlAyi-T5FyHuoCC23tb3aie6s=.jpg
우지커피 배곧한라비발디점,콜드브루,콜드브루 라떼,5700,장시간 침출한 콜드브루의 깊은 풍미에 우유의 신선함과 고소함이 더해진 커피,,http://imagefarm.baemin.com/smartmenuimage/upload/image/2024/8/9/wcRgW96bWrKhUNWOnP3hTbspYyPMamyfPPVXZazQ-AW124OuI10vftwhPydAiTK-R3kBVHpW3zNoKmBltSaqJIGX3sIjtxatoMfl-pwsMSo=.jpg
우지커피 배곧한라비발디점,디카페인 콜드브루,디카페인 라이트 바닐라크림 콜드브루,6400,"열량 30% 다운. 칼로리는 낮추고, 바닐라의 달콤함과 부드러움은 그대로 살린 디카페인 라이트 바닐라크림 콜드브루",,http://imagefarm.baemin.com/smartmenuimage/upload/image/2025/6/25/bI57YTvlY4crfgq02N4rHRsfoWPWwMacnYvLW-F0lh_mv5EQDmuyuT8eZhnGCsb3TBZoend6uTdend-N9ce5AIlF7VOPyAi8C-8BnI94YYU=.jpg
우지커피 배곧한라비발디점,디카페인 콜드브루,디카페인 연유크리미슈페너,6300,"부드럽고 달콤한 바닐라크림과 깔끔한 콜드브루, 묵직한 연유의 만남. 첫 입부터 마지막까지 부드러운 맛으로 즐길 수 있는 디카페인 크림라떼 (295ml)",,http://imagefarm.baemin.com/smartmenuimage/upload/image/2025/6/17/Xfgke3iGsMswC_Fy8lY-eB_ou3Wg5wHQO1YE1YJrWlYToId4cHZQotA9gRcbO_ZizN2nH-FcIviSZ530jCjF3lCIvJ07tA8ulU-9_e4s4-0=.jpg
우지커피 배곧한라비발디점,디카페인 콜드브루,디카페인 바닐라크림 콜드브루,6300,바닐라크림 베이스를 이용하여 깔끔하면서 달콤한 콜드브루를 새롭게 즐길 수 있는 디카페인 라떼,,http://imagefarm.baemin.com/smartmenuimage/upload/image/2025/6/17/5iSDEa2X9Oow90vqzvpZTTj-G1crKyVkSOV7KntKQOpjvZ2l88nSpmvySbvv8JqwC-hG9IKEfq9i5We2q8niFRBz85RDCg6Pon_hGXFIZw0=.jpg
우지커피 배곧한라비발디점,디카페인 콜드브루,디카페인 말차 콜드브루라떼,6300,깊고 진한 말차 베이스를 이용하여 쌉싸름하면서 달콤하게 즐길 수 있는 디카페인 콜드브루 라떼,,http://imagefarm.baemin.com/smartmenuimage/upload/image/2025/6/17/3gv3tr9kVR6Nrgg7kkP4vT0KCAICfZFYsXM3DiKzA5_wYs90Bo1IkpZjqTZrQpXFc8z9wiqTAlAig2IDjYJsgBT8qHA-hBFSvGplRLhbsTw=.jpg
우지커피 배곧한라비발디점,디카페인 콜드브루,디카페인 콜드브루 커피,5300,차가운 물에 장시간 침출하여 깊은 풍미로 더욱 부드럽게 즐길 수 있는 디카페인 커피,,http://imagefarm.baemin.com/smartmenuimage/upload/image/2025/6/17/VaAEhvJcmzlWlIqnuO3iK4BKl8mXyPIwfnAyuYOeZWiygqU9JRl3ebD9Deps7mRoNhuAJay2LlXP8iCpmHw6_H0BtO0PoTAy915TnubQCM4=.jpg
우지커피 배곧한라비발디점,디카페인 콜드브루,디카페인 콜드브루 라떼,5700,차가운 물에 장시간 침출한 콜드브루의 깊은 풍미에 우유의 신선함과 고소함이 더해진 디카페인 커피,,http://imagefarm.baemin.com/smartmenuimage/upload/image/2025/6/17/Opk9GJor8D2w73SyjdPx88XK6S7cQJ9EOnMar0n00an2XwYoPKQc3j4Nw4iFKhRzw-oxCwx0W9LlSIQKbvtlUjf0J2_2dccmk7ZpcIU6IzQ=.jpg
우지커피 배곧한라비발디점,논커피,우지 딥 말차라떼,6000,2025년 젠지 세대를 사로잡은 말차 프리미엄 제주 말차에 우지커피만의  시그니처밀크를 더한 진하고 깊은  말차라떼,,http://imagefarm.baemin.com/smartmenuimage/upload/image/2025/8/27/dRxtbmvCaxRJ9H5ZzyQJEo_rvjCRMcAfeZPwZ7SL95xyajISPfS9lpey9K2fpr8_74Amdm6JRPAkcSA58mxX3B_n0clXahzGiJD9gsNRIXs=.jpg
우지커피 배곧한라비발디점,논커피,리얼 딸기라떼(ONLY ICE),5200,신선한 우유에 딸기 과육을 듬뿍 넣어 식감이 좋은 새콤달콤 딸기 라떼,,http://imagefarm.baemin.com/smartmenuimage/upload/image/2024/8/9/laWAyGyx1g0Q-ye68hap2lIeYlTGFh50bI5BvscQ1tpAvs5TD-9bXEwMwVl4BCkSOpCsyEsDVnxRMXVM8nDB5diZCMXKpw9h_kqbAMDCBJg=.jpg
우지커피 배곧한라비발디점,논커피,"리얼딸기라떼 (1L, 보틀 미포함)((ONLY ICE))",6300,"신선한 우유에 달콤한 딸기를 듬뿍 넣어 
딸기 과육이 가득한 1L 대용량 사이즈 딸기라떼",,http://imagefarm.baemin.com/smartmenuimage/upload/image/2024/11/20/Tl6MMdAmVxhS7onKuIlhxCRnQ8k5c0NIze9fsrmXYyZYWSJfGrVf25bEBbDrJ_hVBhcl3oQ4b0qkihH7LeTEM8a4CdZTXOSGHKjhi57-TyQ=.jpg
우지커피 배곧한라비발디점,논커피,할미숫가루,5000,여름엔 얼음 동동 미숫가루. 오곡의 고소함과 달콤함이 가득한 할머니가 타주는 손맛가득 진하고 시원한 미숫가루,,http://imagefarm.baemin.com/smartmenuimage/upload/image/2025/4/29/wUL8uunIlqHsc_u32qsL94E76qyutW1nuBAvffTUKLig7g8qcSCy-Q6CftHw20qBsWEUBi9tjmb8EmZ9tnHSTqotYn9f0sSe7Ygh8VLcFcI=.jpg
우지커피 배곧한라비발디점,논커피,"할미숫가루 (1L, 보틀 미포함)",7000,여름엔 얼음 동동 미숫가루. 오곡의 고소함과 달콤함이 가득한 할머니가 타주는 손맛가득 진하고 시원한 미숫가루,,http://imagefarm.baemin.com/smartmenuimage/upload/image/2025/4/29/bxqrJGE0sqKlt8EzuXgIb4AXjxO1BcRCKI8tJfgW4EpPt8eoI3xf9HD_lXPTMZ0j7iqBZ0JO01pPGI-v-g4fCpNEmGkwfaK6iKfd-hZ9WW0=.jpg
우지커피 배곧한라비발디점,논커피,리얼 블루베리라떼(ONLY ICE),5500,신선한 우유에 리얼 블루베리 과육을 듬뿍 넣어 식감이 좋은 새콤달콤 블루베리 라떼,,http://imagefarm.baemin.com/smartmenuimage/upload/image/2024/8/23/_vIxdbrIKMmhSqZSdvbs1qN0aHE-29KFvoqFbtKBAkFXwzMqri-yTVnS1Cd5MKalSGBrehfPqRD25tTTcVv6YRVU7r71rEpp3UWcTgXLYGU=.jpg
우지커피 배곧한라비발디점,논커피,토피넛 라떼,5300,버터향이 은은하게 느껴지는 토피와 고소한 견과류의 풍미가 어우러진 라떼,,http://imagefarm.baemin.com/smartmenuimage/upload/image/2024/8/9/3wi4FpxWqLiofrcfza5zaQUhQC-u4QAjzaD-tH-kOmt5ncZZpTahW-ZqJp_8osBYxcNAlBrqfhY9lIczZb_naPK_-R644m6vaf8gmmT-ocA=.jpg
우지커피 배곧한라비발디점,논커피,녹차라떼,5200,그린푸드의 대표 녹차~ 본연의 깜끔하고 진한 맛의 쌉싸름한 맛이 특징인 라떼,,http://imagefarm.baemin.com/smartmenuimage/upload/image/2024/8/9/mTlIpcJcX1RXCYFQ385kMt13XOuuOU3qOxeiZvM8ujqNS31UWiqKOIwu0Qat1Jyv6MzO_ktekbPhzKplktdmhv9LXRNW_3Ilo8aDYIvGDsQ=.jpg
우지커피 배곧한라비발디점,논커피,고구마라떼,5000,달콤한 고구마를 듬뿍 넣어 더욱 진한 고구마의 풍미를 즐길 수 있는라떼,,http://imagefarm.baemin.com/smartmenuimage/upload/image/2024/8/9/wgi_DvTPHjsKSf3Qx5Se-nbZnq0xeGD32kGa7Zzdpoy3ZMYHybtACHKXQhtJZAojQRRDT14zcLEVgxrKP3EMbxJ3K74u7Q13_5dToduVQoU=.jpg
우지커피 배곧한라비발디점,논커피,곡물라떼,4500,든든하고 포만감이 가득한 곡물과 부드러운 우유가 더해져 한끼식사로 제격인 라떼,,http://imagefarm.baemin.com/smartmenuimage/upload/image/2024/8/9/_nMMdzJ5nh3nTAPCKtTTc_XJ9CgMDbWABbS_rITA-LrqPabmGKjcIQ5Ohetu5zRpOaPb-2nuuTMfcmqksehakbtezMyZ8gDJ9T_ks8tzMaI=.jpg
우지커피 배곧한라비발디점,논커피,밀크티,5200,진한 얼그레이의 향긋함과 부드러운 우유가 더해져 더욱 깊은 풍미를 즐길 수 있는 라떼,,http://imagefarm.baemin.com/smartmenuimage/upload/image/2024/8/9/fNfcbkxdhBi7JvVduQI_8LKtXqhOhph_B2UKpJoCGPzNohLZ6oTcEkuhhLNW7pwTz2Xt6VN7di3lJJghtJmttiOuRFDImbaHgyyJN6IYg20=.jpg
우지커피 배곧한라비발디점,논커피,초코라떼,5000,진한 다크초콜릿과 부드러운 우유가 더해진 초코라떼,,http://imagefarm.baemin.com/smartmenuimage/upload/image/2024/8/9/3O2Gj54k2EEwu8HSbtg96eNvd5ZyWxr3S9NS4L740mwW9JqEBZtYNtq2QxBGxhJORsfo_-id-I7EXeuvG2P0rgq-VDiEuYOudPit-fKuq2k=.jpg
우지커피 배곧한라비발디점,논커피,"초코라떼 (1L, 보틀 미포함)((ONLY ICE))",6500,"진한 다크초콜릿과 부드러운 우유가 어우러져 
달콤함이 가득한 1L 대용량 사이즈 초코라떼",,http://imagefarm.baemin.com/smartmenuimage/upload/image/2024/11/20/ElEaS-EoVeECRzeTf007MvpBubYVc4oNTYzk-4bRL-ORsYCd-maSNWHIrB6ujBslLSb0N4y27riR5sKpbgFjCUSR4tHxWp0Wg8Y-D83z43o=.jpg
우지커피 배곧한라비발디점,논커피,리얼 초코라떼,5700,"진한 다크초콜릿과 부드러운 우유, 달콤한 초코휘핑크림으로 극강의 초코라떼",,http://imagefarm.baemin.com/smartmenuimage/upload/image/2024/8/9/f4BhMaEeCCZIVCb_4ycpCBK4ptfI9LXxh7Lj23pa5XtGRt1Qzqp0ukNvOiS-UOC-HZgvmUfww5JOY1mLpN-HDvhGjpPJSpVf6-dQlvaPnfQ=.jpg
우지커피 배곧한라비발디점,논커피,마시멜로우 초코라떼,5700,달콤한 초코휘핑크림과 폭신한 마시멜로우가 듬뿍 올라간 초코라떼,,http://imagefarm.baemin.com/smartmenuimage/upload/image/2024/8/9/8DlKqDgpuZP1hEsph_d-LRj6IkQD5-tPl7kg_jCA1xJntc4HA6u217DjqXMD2lxnPpcM_Z_aSrLMH2rlzIizLSonqlDDbUmU6iQs5OlMIfs=.jpg
우지커피 배곧한라비발디점,논커피,얼그레이 초코라떼,5400,진한 다크초콜릿과 얼그레이의 향긋함이 조화롭게 어우러진 초코라떼,,http://imagefarm.baemin.com/smartmenuimage/upload/image/2024/8/9/qN9jDVw_xgnaMx-dsCRUFQfRqQp5cdFHIKkaV8cDVmm0LG29XzIoDOS1DAOrSyEqZinXdKzllFdP_GLOkxRjlPlTsanc5bqlJICftlUkFos=.jpg
우지커피 배곧한라비발디점,논커피,민트초코라떼,5400,민초단 모여라~ 입 안 가득 퍼지는 상쾌한 민트와 다크 초콜릿이 씹히는 민트초코라떼,,http://imagefarm.baemin.com/smartmenuimage/upload/image/2024/8/9/h-vV4sjlvtQVFETf5y09r67E5Cn6K9bSCI4qOIpRF1xWth5i5XktcAJ1WUw4NjnWwW-s_Y5IExKmc3_RdG7cl9oyfvjU4M7k4K500tqanr8=.jpg
우지커피 배곧한라비발디점,에이드,레몬 에이드,5000,비타민C가 풍부한 상큼한 레몬에 톡 쏘는 탄산의 청량감이 더해진 에이드,,http://imagefarm.baemin.com/smartmenuimage/upload/image/2024/8/9/Ih5TNVVQd1TaE8ETOGurdbzI6YCjXMgfnBNXLfzdKKIWGoVvjXHk2k6k4FyXNZUHmhzqOMidWucMUogwM1p_E6f9F7UaZgWuUx3pgmIRCmM=.jpg
우지커피 배곧한라비발디점,에이드,자몽 에이드,5000,쌉쌀한 자몽 과육의 톡톡 씹히는 식감과 톡 쏘는 탄산의 청량감이 더해진 에이드,,http://imagefarm.baemin.com/smartmenuimage/upload/image/2024/8/9/bBBGsC_9oj7nvMMGVrp7nKQ9WfasCxYGS9cG4EiyyEiz8LI3ZQpTdJaGVZT41U8r8Du9rbUNT24OMbSjqG0dolWh1jEgpLmt_C_S3dDFg9k=.jpg
우지커피 배곧한라비발디점,에이드,청포도 에이드,5000,새콤달콤 청포도와 상큼한 라임의 콜라보에 톡 쏘는 탄산의 청량감이 더해진 에이드,,http://imagefarm.baemin.com/smartmenuimage/upload/image/2024/8/9/0oe7A2U60zJyt_6uYlGoMllJ4RmHEzeIx5fR-x4sJNjregz9FAkB6Ke-TRlGbrLp6is6Os9hp4Onv37xP8VfSHuzIqzKj3IsvmmL5QPJp40=.jpg
우지커피 배곧한라비발디점,에이드,라임 모히또 에이드 (무알콜),5400,라임의 상큼함과 애플민트의 시원함에 톡 쏘는 탄산의 청량감이 더해진 에이드,,http://imagefarm.baemin.com/smartmenuimage/upload/image/2024/8/9/bvNpVJ-Y9J086rZf72wDywpZRGq1vJqFVivZTYV0lCM3z-dF6Wec0HjBwOVt8ByCW7oS31xoRciHtI0sr5BogI-ki5aOSKkyP4w2TYNDwps=.jpg
우지커피 배곧한라비발디점,에이드,체리콕,4800,추억의 체리콕~ 상큼한 체리와 톡 쏘는 콜라가 만들어낸 환상의 조화,,http://imagefarm.baemin.com/smartmenuimage/upload/image/2024/8/9/MlkN32GxjGx19b2DnMXvAjJlTUDDgZFGl4vQPwb2cdZxE79fhoHgmh1rrcKZ2FtMnQQEuMmAGLZqbnyvHlTs7Vaq8PpiR2tv69DnM20AVCU=.jpg
우지커피 배곧한라비발디점,과일티,우지 말차 유자티,5400,프리미엄 말차의 깊고 쌉쌀한 맛에 유자의 향을 더해  조화로운 맛이 좋아 계속 손이 가게 만드는  우지커피의 프리미엄 아이스 블렌딩 티,,http://imagefarm.baemin.com/smartmenuimage/upload/image/2025/8/27/pYtJFJ4EyhiaG0pE--McR9MNTxRVOGJuFgKprwlTaYL9Dt3LVtbBWwwEbWNiwzTJc-iRmS7lLpu6SAIRCHb5HR4z_-n_hzkHiw4EDyH6uQI=.jpg
우지커피 배곧한라비발디점,과일티,자몽 허니 블랙티,5200,오랜 시간 스테디셀러로 자리잡은 음료로 우지커피만의 해석으로 향긋하고 은은한 맛으로  재탄생한 프리미엄 블렌딩 티,,http://imagefarm.baemin.com/smartmenuimage/upload/image/2025/8/27/b2BnjImlXbX4rZUpva44qmc8rctFQqgj0HJVoVBE6ew4XeF8JvqWQdTEMtT-IEex_a3aj56CBJENnorsLC5HrAgxSj8vB4MPr7-laItCKk8=.jpg
우지커피 배곧한라비발디점,과일티,리얼홍시주스,6000,달콤하고 부드러운 홍시 과육 100% 그대로. 홍시 본연의 맛을 가득 담은 홍시주스,,http://imagefarm.baemin.com/smartmenuimage/upload/image/2025/4/29/skvv2hojPBoqgQ4reRTmPhrMC97MZVH08cPgG6jjGSjZG11DEH6KDmNZajJggs1--2QcaX0n8TD6Zm6f-KkEoY8VQ2-SDGzBAAI5na-lo6I=.jpg
우지커피 배곧한라비발디점,과일티,망고 오렌망(ONLY ICE),5200,"여름 대표 과일 망고, 오렌지, 자몽 삼총사의 만남. 향긋한 얼그레이까지 이루어진 프리미엄 블렌딩 티",,http://imagefarm.baemin.com/smartmenuimage/upload/image/2024/8/9/cZtGTPgWFXboDvcWSClIosCk1_DGzuVdAxbaZmwqGQfrM36ENhpAZg44cl8u8iTxeYHO7Z-q-fMQWSVotBHqeFOMBTs68FOCl0DRJnz2pA8=.jpg
우지커피 배곧한라비발디점,과일티,복숭아 아이스티(ONLY ICE),4500,새콤달콤 복숭아의 상큼함이 진하게 느껴지는 아이스티,,http://imagefarm.baemin.com/smartmenuimage/upload/image/2024/8/9/9BGAjl2DzI4RYvoZedX5xkmQzzgqVATRyQ3-_9ogMT7bHAyklbikzruNzpnXMa2C3JrvhHgPVd8CVJcCkikg2ObO7MnmN8njhhR2_pqDbZE=.jpg
우지커피 배곧한라비발디점,과일티,제로 복숭아아이스티,4500,"당류 0g. 제로 복숭아 아이스티
홍차의 은은한 향과 복숭아의 달콤함은 그대로, 
설탕 없이 즐기는 상큼하고 가벼운 아이스티",,http://imagefarm.baemin.com/smartmenuimage/upload/image/2025/6/25/xMijIlyt9pihj2vy2XnoXPQmlW9Xy39NWvjg2CAdMVssd9WfhL7CSHwGNqLZI__7AwfjAybvsSv-rt-5Nz37aVFF_ejMpuHKDOQxLegkvIE=.jpg
우지커피 배곧한라비발디점,과일티,"복숭아아이스티 (1L, 보틀 미포함)((ONLY ICE))",5500,새콤달콤 복숭아의 상큼함과 홍차의 깔끔함이 어우러진 1L 대용량 사이즈 아이스티,,http://imagefarm.baemin.com/smartmenuimage/upload/image/2024/11/20/8zixQJTE4UOumEenrMzksgppP864f2X7Q2y_YhUxUodf8JeC-sEDXY8s06FO2IdVJHDxcxx0O1rOrhRGbJ9Ubd1v5II8sk2YrPGrCbBzr94=.jpg
우지커피 배곧한라비발디점,과일티,석류 아이스티(ONLY ICE),4500,새콤달콤 석류의 상큼한이 진하게 느껴지는 아이스티,,http://imagefarm.baemin.com/smartmenuimage/upload/image/2024/8/9/uO9xXp6uu6jFA4sV_p2jcN9r74NtO6PEw67ZkPtLJrBz86FPTH-2HDFWKWbUIuu9bK10rNrTSHAuyZao8bpYMnnhjmWMZWgwGd4xusfuV94=.jpg
우지커피 배곧한라비발디점,과일티,"석류아이스티 (1L, 보틀 미포함)((ONLY ICE))",5500,새콤달콤 석류의 상큼함과 홍차의 깔끔함이 어우어진 1L 대용량 사이즈 아이스티,,http://imagefarm.baemin.com/smartmenuimage/upload/image/2024/11/20/iU_qpERrkCu6AlDDTelNZrm-nJM6GoWTrtwAyTqcHE8bbzk-RA83tu7_eJGWKjsGf9d68lBik1ta4KiegpT93Lh3Rr8_fTP4H_jUeqCWw4E=.jpg
우지커피 배곧한라비발디점,과일티,애플 히비스커스,5000,다이어트에 좋은 히비스커스에 달콤한 사과 과육이 더해진 블랜딩 티,,http://imagefarm.baemin.com/smartmenuimage/upload/image/2024/8/9/gxyFiysxtdVXjn_kqdvXqrpF1R4jMEc7riqL_BrRXF5MkvIE1eGSU7BIr8e1p8gpcGCzX5SMFuRbSCcR82PGjU92tGlirrHkcw5nJ_y574o=.jpg
우지커피 배곧한라비발디점,과일티,얼그레이 레몬티,5000,상큼한 레몬과 더한 얼그레이 홍차가 만나 더욱 깊은 풍미를 즐기는 블랜딩 티,,http://imagefarm.baemin.com/smartmenuimage/upload/image/2024/8/9/rG4Brkt5JpwRPyCSxeWRF0DLDU4fNjLhvx7s5XMiSQ7ayW55GPVhcdEsodt0EkEs4nc4d0JNMEmilouU6Ox8ed-G4fOdsdJevQdhBgKSp2U=.jpg
우지커피 배곧한라비발디점,과일티,모히또 레몬홍차 (무알콜),5200,"진한 홍차향과 레몬의 상큼함, 청량한 민트향으로 함께 즐기는 달콤한 블랜딩 티",,http://imagefarm.baemin.com/smartmenuimage/upload/image/2024/8/9/t4cIzR0OgO4HGQwLcN9-7Rvy57CFChmx0XQgahwCApzplAQdqu-V6AQif4nStN9ngILQonAV1oCpLZWOD26fFO9-c-IsBPBTuD7tRl1lClA=.jpg
우지커피 배곧한라비발디점,과일티,레몬 생강차,5000,상큼한 레몬과 혈액순환에 좋은 생강의 맛이 조화롭게 어우러진 블랜딩 티,,http://imagefarm.baemin.com/smartmenuimage/upload/image/2024/8/9/VZtsSqInG8dlqIk37ai-5AngjomcMpiIQwe4da_xfB_Ryez5DHHBKNfYs5u1Mh-BhW20zspymXlzZw2b5upTclzNUalfGmVPhx1asj-j9BA=.jpg
우지커피 배곧한라비발디점,과일티,유자차,4800,비타민C가 풍부한 유자 과육이 듬뿍 들어간 유자차,,http://imagefarm.baemin.com/smartmenuimage/upload/image/2024/8/9/R5SKPzXKwxth-pxyQhkOABPkibEullcC1AvE9d5t8EqFB1CFKv-lGf9WPRc16lyZc0anOk5HIaSRKGZnLfBY0Cj3pt-olWmOXwx41afeoVU=.jpg
우지커피 배곧한라비발디점,과일티,청귤차,4800,감기예방에 탁월한 청귤과육이 듬뿍 들어간 상큼한 청귤차,,http://imagefarm.baemin.com/smartmenuimage/upload/image/2024/8/9/YJbke4MbYcfm0vtejxyE_WtACiZRaFfQNCdWSyrjxtlGXf3IZ9dl-p0y-lpPyMGQwnPfymtCNBAeKxwXM0qMFsaVNhw1pMW5U3Hf2P5MNxg=.jpg
우지커피 배곧한라비발디점,과일티,레몬차,4800,피로 회복에 좋은 레몬 과육이 듬뿍 들어간 새콤하고 달콤한 맛의 레몬차,,http://imagefarm.baemin.com/smartmenuimage/upload/image/2024/8/9/IbMPE9ZA__AOoV7G5v-BGc861cuVhqweRwLQChrQWhQ5yPQgL3eZR7QhPUrpX4q7RQScIn-YY3uqYu5fea4zKIcEY2n_ley3kvguW7K4CDQ=.jpg
우지커피 배곧한라비발디점,과일티,자몽차,4800,혈액순환에 좋은 달콤함과 쌈싸름한 맛의 자몽 과육이 듬뿍 들어간 자몽차,,http://imagefarm.baemin.com/smartmenuimage/upload/image/2024/8/9/7La4Tl2z9q0barwOu9SeAOkrIJNcnVm3v6KgsYXCY-jbWS3iurGoHHB4E15nRrglFdUdIkRY9KefkGer0cFrcWojYtion3txFa5K4DOSJKM=.jpg
우지커피 배곧한라비발디점,과일티,생강차,4800,생강 특유의 알싸한 맛과 향을 지닌 건강한 생강차,,http://imagefarm.baemin.com/smartmenuimage/upload/image/2024/8/9/u0V3SjY_nZx4W8hJFCDjsfHLaWnlCkCTgOHVZHcMwWNNe3RLTCDMsei2w5h0okXZ2OePNP3QaV0tPHzRlsnjONVj6_fT-inqsJZvDxestsk=.jpg
우지커피 배곧한라비발디점,허브티,페퍼민트,4300,집중력 향상에 좋은 멘톨향의 강한 청량감과 상쾌한 향을 즐길 수 있는 티,,http://imagefarm.baemin.com/smartmenuimage/upload/image/2024/8/9/92sTaFwqNiQvhGMXH3MHnVX50Er34Aysq5gDMU5CXh8vqHC5EkQZNDyyL-Aixu0aOczXAYabnV-OatLFp8gMxmuzWc97cIU8Tjc9B7McCsM=.jpg
우지커피 배곧한라비발디점,허브티,캐모마일,4300,마음을 진정시켜주는 특유의 꽃향을 느낄 수 있는 티,,http://imagefarm.baemin.com/smartmenuimage/upload/image/2024/8/9/aQWAVurCIQxFv0IXnvwE52_IvJ7pqanzE-1OMfUjwOL-lon2l582P8ypNjI9Qz6gioXxCeFQGHy9XUQfshonUDgWO-VI6ENcjCxURuJJK14=.jpg
우지커피 배곧한라비발디점,허브티,얼그레이,4300,은은하게 입안에 퍼지는 향긋한 베르가못향을 즐길 수 있는 티,,http://imagefarm.baemin.com/smartmenuimage/upload/image/2024/8/9/IvQkWVELv2aWJ7X8TcCB7WIIAMwfo61pQ6i2fJQ9nDoinrGr6GaJuvG9aaXpgEchumWIozTvlonD5jWMONOFqeIWNCWe5QDqAE0Q0tsS4X4=.jpg
우지커피 배곧한라비발디점,허브티,히비스커스,4300,클레오파트라가 차 또는 약으로 복용하던 다이어트에 좋은 향긋하고 새콤한 허브티,,http://imagefarm.baemin.com/smartmenuimage/upload/image/2024/8/9/p31j4z2rMzhOxePtd0G38CmFuQ7v1Cyx8pDsBec6jcU18pDIVWL2P_cCJmW4XO6rBpE4zJwMLQsl9hKpameem88wJTfw8F_QwRyP4yn46cM=.jpg
우지커피 배곧한라비발디점,베이커리,화이트롤슈,5000,"입에서 사르륵 녹는 달콤한 크림을 듬뿍 넣은 슈에
촉촉한 카스테라가루를 입힌 화이트롤슈",,http://imagefarm.baemin.com/smartmenuimage/upload/image/2025/12/17/LCxRY-YTFjI_X8fllCrkemtsqJRqlFwZHeVl00QYHxapzUuM02BhtJyfQt2bpkr0qWtFcTwmvfD3PQBuRXZse7SA3N_ciIIGVI3_HmCbYOE=.jpg
우지커피 배곧한라비발디점,베이커리,쫀떡소떡피자(치즈페퍼로니),5000,"쫀득한 떡과 탱글탱글한 소시지가 환상의 조화를 
이루는 소떡소떡 위에 고소한 치즈와 짭짤한 페퍼로니, 
옥수수까지 듬뿍 올려 완성한 소떡소떡 피자
건강한 한 끼 식사로 딱인 식사대용 간식",,http://imagefarm.baemin.com/smartmenuimage/upload/image/2025/8/6/WtqTOHEUicKWBQrl_SrohjCVRtmMvWJPJxZAR_tUb6j7ts1xLLGJpoA9FHeuNjilBP9_HR2uB64y4GmHXlXm13hH3siR_9MFMtHmeaqSazE=.jpg
우지커피 배곧한라비발디점,베이커리,슈프림 오트밀 크랜베리 쿠키,2700,"귀리의 고소함과 크랜베리의 상큼함이 어우러져, 
한 입 가득 건강함이 느껴지는 풍성한 맛
쫀득한 식감에 볼륨있는 두께감까지 더해져 
먹는 즐거움이 가득한 오트밀 크랜베리 쿠키",,http://imagefarm.baemin.com/smartmenuimage/upload/image/2025/7/18/4LY8ZFjC2ud6htXufasQsZUIv64-MLQ4d-1V2Oby4NPWQ7DMiQ272d3yCJo_wFh17ewrpeFWFLoGRQopI9ZHtWtLb-GUcHdpgdkg_ugz4Vc=.jpg
우지커피 배곧한라비발디점,베이커리,슈프림 월넛 다크초코 쿠키,2700,"다크 초콜릿의 진한 풍미속에서 호두의 고소함과 화이트 초콜릿의 부드러운 단 맛이 조화로운 쿠키 
쫀득한 식감에 볼륨있는 두께감까지 더해져 먹는 즐거움이 가득한 월넛다크초코쿠키",,http://imagefarm.baemin.com/smartmenuimage/upload/image/2025/10/2/YslM8Qi9EFL9kTwIBRJxpqWey_CL_clKewefLoDLql30lMib0E57ckC3s4e4ucGYdVKjCSAx9LFoJ0ZO6KyJox3o9_9Hn1z0FjPmiDrzZM8=.jpg
우지커피 배곧한라비발디점,베이커리,슈프림 피스타치오 아몬드 쿠키,2700,"고소한 피스타치오와 아몬드가 듬뿍 들어가, 
한 입 베어 물면 진하게 퍼지는 견과류의 풍미
쫀득한 식감과 도톰한 두께감까지 더해져, 
씹을수록 고소함이 살아나는 프리미엄 쿠키",,http://imagefarm.baemin.com/smartmenuimage/upload/image/2025/7/18/XaMRoY59yuVlUSS-OX4VNGYsH3S8jV1X_hVMdCX8-oPy5vH-MGFT7FDdKtDr0Dh6zfi5UAF4vtjeth4RThSRUjAYq9KkZabJHLqNhIDMYCc=.jpg
우지커피 배곧한라비발디점,베이커리,소금빵,4700,"고소하고 담백한 천연 버터와 알프스 소금이
어우러져 부드러우면서도 쫄깃한 식감과
짭쪼름함이 살아있는 소금빵",O,http://imagefarm.baemin.com/smartmenuimage/upload/image/2024/12/20/Y4kPihke2y3U3uuRm3ZMjTyo_sBdT6jeKgE2zFlrKfwkt213WBC8dpSKSuvhLqpFc3mxEYBMyMbB-zwXj7LR3zr0Q0zGWfA_DeukLzhAOj4=.jpg
우지커피 배곧한라비발디점,베이커리,초코쿠키 츄러스,4000,"진하고 달콤한 초코츄러스에 초코쿠키 시즈닝까지 듬뿍
겉은 바삭하고 속은 촉촉하게 구워낸 초코츄러스",,http://imagefarm.baemin.com/smartmenuimage/upload/image/2024/11/20/dTCEdIc9UDOmaGwHhN5OGJl2LL_faf8kWanVgon-okeTED9PH1T0rkuU_kl8xa_fxXM6VkFXl5qSo7zJRejk_X2vYYAtzZiNz0Qu3Vg6JNM=.jpg
우지커피 배곧한라비발디점,베이커리,츄러스,3500,달콤하고 향긋한 시나몬슈가를 듬뿍 묻혀 겉은 바삭하고 속은 촉촉하게 구워낸 츄러스,,http://imagefarm.baemin.com/smartmenuimage/upload/image/2024/6/7/1wgiYfbmQQxa52FWMcRr2ngDNTqBKfQovhyeHGPbYXB7snJFyoYKyUo1ny2bnEKEg7UtrpeZ0aLy1lDFCdkFyFKDBSf4h3S6Aaj6Hj5O0JQ=.jpg
우지커피 배곧한라비발디점,케이크,프렌치 치즈 케이크,5000,폭신하고 사르르 녹는 식감에 진한 치즈맛까지 모두 갖춘 치즈케이크,,http://imagefarm.baemin.com/smartmenuimage/upload/image/2024/10/16/h1vGVs7LnjQKOL3iMw4pQUsdu38Vwp_Bfdttp6un7iniKdoKzC6jAYTH_IFZYAKoyY0c7ILjAE1V5RiyFZ3PB14iHdyAVBrMHOVz5h3zY9I=.jpg
우지커피 배곧한라비발디점,케이크,벨지움 초코무스 케이크,5000,촉촉한 초콜릿 시트 사이 초코무스가 도톰하게 레이어드하여 달콤함을 가득 담은 케이크,,http://imagefarm.baemin.com/smartmenuimage/upload/image/2024/10/16/huXLEER8JPvH8ngbLEvIS1quLGK8ZLa0uCegY1DbUotke4KK5ySnaxk5qvD5XPrQ1OINxLs8AXyUap_3Cb_ef0stDus9tP_j51ZuUGMSPeg=.jpg
우지커피 배곧한라비발디점,케이크,이탈리안 티라미수 케이크,5000,커피를 촉촉하게 머금은 케이크 시트에 부드러운 치즈무스가 레이어드된 고급스러운 풍미가 가득한 티라미수케이크,,http://imagefarm.baemin.com/smartmenuimage/upload/image/2024/10/16/WiSwPUSnmpEI5lD4b_ZAMrX4eC4TgLlDCrRmwgbNYHHdj5h6jqIzpSe_G1pnd10bWNQUPNn8LB862-N9V1B8gUmFFvd2Yu1naz7xuxFH-AM=.jpg
이디야커피 시흥한라비발디점,포켓몬 콜라보,(L)ICED 피카츄 애플베리셔벗,4500,"사과 셔벗의 상큼한 첫 맛 위에 달콤한 딸기 시럽과 진한 바닐라 아이스크림을 더해, 입안 가득 상큼함과 달콤함이 부드럽게 어우러지는 메뉴",,https://naverbooking-phinf.pstatic.net/20260326_32/1774483937751mG7Uu_PNG/image.png?type=f220_220_60_sharpen
이디야커피 시흥한라비발디점,포켓몬 콜라보,(EX)ICED 피카츄 애플베리셔벗,5700,"사과 셔벗의 상큼한 첫 맛 위에 달콤한 딸기 시럽과 진한 바닐라 아이스크림을 더해, 입안 가득 상큼함과 달콤함이 부드럽게 어우러지는 메뉴",,https://naverbooking-phinf.pstatic.net/20260326_36/17744841330868TyS7_PNG/image.png?type=f220_220_60_sharpen
이디야커피 시흥한라비발디점,포켓몬 콜라보,(L)ICED 팽도리 블루애플에이드,4700,"사과의 싱그러운 달콤함과 풍미를 담고, 아삭한 사과 과육을 더해 식감을 살린 뒤 블루시럽으로 그라데이션을 표현해 탄산의 청량감을 강조한 메뉴",,https://naverbooking-phinf.pstatic.net/20260326_241/1774484174433jsT14_PNG/image.png?type=f220_220_60_sharpen
이디야커피 시흥한라비발디점,포켓몬 콜라보,(EX)ICED 팽도리 블루애플에이드,5900,"사과의 싱그러운 달콤함과 풍미를 담고, 아삭한 사과 과육을 더해 식감을 살린 뒤 블루시럽으로 그라데이션을 표현해 탄산의 청량감을 강조한 메뉴",,https://naverbooking-phinf.pstatic.net/20260326_14/17744842122791qbxV_PNG/image.png?type=f220_220_60_sharpen
이디야커피 시흥한라비발디점,포켓몬 콜라보,(L)ICED 두르쿤 애플캐모마일티,4300,부드러운 캐모마일 향을 바탕으로 사과의 싱그러운 맛과 아삭한 사과 과육이 더해져 균형 잡힌 풍미를 느낄 수 있는 블렌딩티 메뉴,,https://naverbooking-phinf.pstatic.net/20260326_92/1774484271815RrGpx_PNG/image.png?type=f220_220_60_sharpen
이디야커피 시흥한라비발디점,포켓몬 콜라보,(L)HOT 두르쿤 애플캐모마일티,4300,부드러운 캐모마일 향을 바탕으로 사과의 싱그러운 맛과 아삭한 사과 과육이 더해져 균형 잡힌 풍미를 느낄 수 있는 블렌딩티 메뉴,,https://naverbooking-phinf.pstatic.net/20260326_194/177448429920820HgA_PNG/image.png?type=f220_220_60_sharpen
이디야커피 시흥한라비발디점,포켓몬 콜라보,(EX)ICED 두르쿤 애플캐모마일티,5500,부드러운 캐모마일 향을 바탕으로 사과의 싱그러운 맛과 아삭한 사과 과육이 더해져 균형 잡힌 풍미를 느낄 수 있는 블렌딩티 메뉴,,https://naverbooking-phinf.pstatic.net/20260326_100/1774484337961f5OyA_PNG/image.png?type=f220_220_60_sharpen
이디야커피 시흥한라비발디점,포켓몬 콜라보,(EX)HOT 두르쿤 애플캐모마일티,5500,부드러운 캐모마일 향을 바탕으로 사과의 싱그러운 맛과 아삭한 사과 과육이 더해져 균형 잡힌 풍미를 느낄 수 있는 블렌딩티 메뉴,,https://naverbooking-phinf.pstatic.net/20260326_209/1774484363495Km5mm_PNG/image.png?type=f220_220_60_sharpen
이디야커피 시흥한라비발디점,포켓몬 콜라보,(L)ICED 이브이 버터스카치슈페너,3900,달콤하고 고소한 버터스카치 크림을 듬뿍 올려 한 모금마다 부드럽고 진한 풍미를 느낄 수 있는 아인슈페너 음료,,https://naverbooking-phinf.pstatic.net/20260326_182/1774484405607ecBlN_PNG/image.png?type=f220_220_60_sharpen
이디야커피 시흥한라비발디점,포켓몬 콜라보,(EX)이브이 버터스카치슈페너,5100,달콤하고 고소한 버터스카치 크림을 듬뿍 올려 한 모금마다 부드럽고 진한 풍미를 느낄 수 있는 아인슈페너 음료,,https://naverbooking-phinf.pstatic.net/20260326_254/1774484432622Uxkm0_PNG/image.png?type=f220_220_60_sharpen
이디야커피 시흥한라비발디점,커피,(L)ICED 아메리카노,3200,"커피 본연의 향과 고소한 견과류, 다크초콜릿 풍미와 깊은 여운이 조화롭게 어우러진 이디야 대표음료",,https://naverbooking-phinf.pstatic.net/20251215_140/1765757867384gU7gR_PNG/%28L%29ICED_%BE%C6%B8%DE%B8%AE%C4%AB%B3%EB.png?type=f220_220_60_sharpen
이디야커피 시흥한라비발디점,커피,(L)HOT 아메리카노,3200,"커피 본연의 향과 고소한 견과류, 다크초콜릿 풍미와 깊은 여운이 조화롭게 어우러진 이디야 대표음료",,https://naverbooking-phinf.pstatic.net/20251215_259/1765757942382U3Xd3_PNG/%28L%29HOT_%BE%C6%B8%DE%B8%AE%C4%AB%B3%EB.png?type=f220_220_60_sharpen
이디야커피 시흥한라비발디점,커피,(EX)ICED 아메리카노,4200,"커피 본연의 향과 고소한 견과류, 다크초콜릿 풍미와 깊은 여운이 조화롭게 어우러진 이디야 대표음료",,https://naverbooking-phinf.pstatic.net/20251215_268/1765758011407XG7fl_PNG/%28EX%29ICED_%BE%C6%B8%DE%B8%AE%C4%AB%B3%EB.png?type=f220_220_60_sharpen
이디야커피 시흥한라비발디점,커피,(EX)HOT 아메리카노,4200,"커피 본연의 향과 고소한 견과류, 다크초콜릿 풍미와 깊은 여운이 조화롭게 어우러진 이디야 대표음료",,https://naverbooking-phinf.pstatic.net/20251215_200/176575804324790L5q_PNG/%28EX%29HOT_%BE%C6%B8%DE%B8%AE%C4%AB%B3%EB.png?type=f220_220_60_sharpen
이디야커피 시흥한라비발디점,커피,(L)ICED 헤이즐넛 아메리카노,3900,헤이즐넛 파우더를 더해 부드럽고 고소한 너트향의 풍성한 여운을 더한 아메리카노,,https://naverbooking-phinf.pstatic.net/20251215_68/1765758121220Xapdo_PNG/%28L%29ICED_%C7%EC%C0%CC%C1%F1%B3%D3_%BE%C6%B8%DE%B8%AE%C4%AB%B3%EB.png?type=f220_220_60_sharpen
이디야커피 시흥한라비발디점,커피,(L)HOT 헤이즐넛 아메리카노,3900,헤이즐넛 파우더를 더해 부드럽고 고소한 너트향의 풍성한 여운을 더한 아메리카노,,https://naverbooking-phinf.pstatic.net/20251215_78/17657581880562thTx_PNG/%28L%29HOT_%C7%EC%C0%CC%C1%F1%B3%D3_%BE%C6%B8%DE%B8%AE%C4%AB%B3%EB.png?type=f220_220_60_sharpen
이디야커피 시흥한라비발디점,커피,(EX)ICED 헤이즐넛 아메리카노,4900,헤이즐넛 파우더를 더해 부드럽고 고소한 너트향의 풍성한 여운을 더한 아메리카노,,https://naverbooking-phinf.pstatic.net/20251215_62/17657582212101TaLb_PNG/%28EX%29ICED_%C7%EC%C0%CC%C1%F1%B3%D3_%BE%C6%B8%DE%B8%AE%C4%AB%B3%EB.png?type=f220_220_60_sharpen
이디야커피 시흥한라비발디점,커피,(EX)HOT 헤이즐넛 아메리카노,4900,헤이즐넛 파우더를 더해 부드럽고 고소한 너트향의 풍성한 여운을 더한 아메리카노,,https://naverbooking-phinf.pstatic.net/20251215_72/176575824904386Kg7_PNG/%28EX%29HOT_%C7%EC%C0%CC%C1%F1%B3%D3_%BE%C6%B8%DE%B8%AE%C4%AB%B3%EB.png?type=f220_220_60_sharpen
이디야커피 시흥한라비발디점,커피,(L)ICED 꿀화이트 아메리카노,3900,"향긋한 사양 벌꿀과 부드럽고 풍부한 시그니처 밀크, 에스프레소의 완벽한 조화를 느낄 수 있는 음료",,https://naverbooking-phinf.pstatic.net/20251215_18/17657583286193wEKM_PNG/%28L%29ICED_%B2%DC%C8%AD%C0%CC%C6%AE_%BE%C6%B8%DE%B8%AE%C4%AB%B3%EB.png?type=f220_220_60_sharpen
이디야커피 시흥한라비발디점,커피,(EX)ICED 꿀화이트 아메리카노,5100,"향긋한 사양 벌꿀과 부드럽고 풍부한 시그니처 밀크, 에스프레소의 완벽한 조화를 느낄 수 있는 음료",,https://naverbooking-phinf.pstatic.net/20251215_287/17657583710983LTxP_PNG/%28EX%29ICED_%B2%DC%C8%AD%C0%CC%C6%AE_%BE%C6%B8%DE%B8%AE%C4%AB%B3%EB.png?type=f220_220_60_sharpen
이디야커피 시흥한라비발디점,커피,(L)ICED 카페라떼,4200,진한 에스프레소와 부드러운 우유가 만나 고소한 풍미를 더하는 메뉴 가장 대중적인 메뉴,,https://naverbooking-phinf.pstatic.net/20251215_250/1765759304067aIzG0_PNG/%28L%29ICED_%C4%AB%C6%E4%B6%F3%B6%BC.png?type=f220_220_60_sharpen
이디야커피 시흥한라비발디점,커피,(L)HOT 카페라떼,4200,진한 에스프레소와 부드러운 우유가 만나 고소한 풍미를 더하는 메뉴 가장 대중적인 메뉴,,https://naverbooking-phinf.pstatic.net/20251215_77/1765759350601p9hSN_PNG/%28L%29HOT_%C4%AB%C6%E4%B6%F3%B6%BC.png?type=f220_220_60_sharpen
이디야커피 시흥한라비발디점,커피,(EX)ICED 카페라떼,5400,진한 에스프레소와 부드러운 우유가 만나 고소한 풍미를 더하는 메뉴 가장 대중적인 메뉴,,https://naverbooking-phinf.pstatic.net/20251215_240/1765759474732KV1Ip_PNG/%28EX%29ICED_%C4%AB%C6%E4%B6%F3%B6%BC.png?type=f220_220_60_sharpen
이디야커피 시흥한라비발디점,커피,(EX)HOT 카페라떼,5400,진한 에스프레소와 부드러운 우유가 만나 고소한 풍미를 더하는 메뉴 가장 대중적인 메뉴,,https://naverbooking-phinf.pstatic.net/20251215_257/1765759507691lxmAn_PNG/%28EX%29HOT_%C4%AB%C6%E4%B6%F3%B6%BC.png?type=f220_220_60_sharpen
이디야커피 시흥한라비발디점,커피,(L)ICED 시그니처라떼,4700,생크림이 함유되어 부드럽고 풍부한 시그니처밀크와 에스프레소가 조화를 이뤄 특별한 맛을 선사하는 라떼,,https://naverbooking-phinf.pstatic.net/20251215_142/1765759622840gTOuA_PNG/%28L%29ICED_%BD%C3%B1%D7%B4%CF%C3%B3_%B6%F3%B6%BC.png?type=f220_220_60_sharpen
이디야커피 시흥한라비발디점,커피,(L)HOT 시그니처라떼,4700,생크림이 함유되어 부드럽고 풍부한 시그니처밀크와 에스프레소가 조화를 이뤄 특별한 맛을 선사하는 라떼,,https://naverbooking-phinf.pstatic.net/20251215_168/1765759655569YX4ba_PNG/%28L%29HOT_%BD%C3%B1%D7%B4%CF%C3%B3_%B6%F3%B6%BC.png?type=f220_220_60_sharpen
이디야커피 시흥한라비발디점,커피,(EX)ICED 시그니처라떼,5900,생크림이 함유되어 부드럽고 풍부한 시그니처밀크와 에스프레소가 조화를 이뤄 특별한 맛을 선사하는 라떼,,https://naverbooking-phinf.pstatic.net/20251215_220/1765759684386uk944_PNG/%28EX%29ICED_%BD%C3%B1%D7%C4%A1%B3%CA%B6%F3%B6%BC.png?type=f220_220_60_sharpen
이디야커피 시흥한라비발디점,커피,(EX)HOT 시그니처 라떼,5900,생크림이 함유되어 부드럽고 풍부한 시그니처밀크와 에스프레소가 조화를 이뤄 특별한 맛을 선사하는 라떼,,https://naverbooking-phinf.pstatic.net/20251215_50/1765759713082e8UH4_PNG/%28EX%29HOT_%BD%C3%B1%D7%B4%CF%C3%B3%B6%F3%B6%BC.png?type=f220_220_60_sharpen
이디야커피 시흥한라비발디점,커피,(L)ICED 바닐라라떼,4500,부드러운 라떼에 은은한 바닐라 향이 더해져 더욱 달콤하게 즐길 수 있는 음료,,https://naverbooking-phinf.pstatic.net/20251215_237/1765759843159nY19O_PNG/%28L%29ICED_%B9%D9%B4%D2%B6%F3%B6%F3%B6%BC.png?type=f220_220_60_sharpen
이디야커피 시흥한라비발디점,커피,(L)HOT 바닐라라떼,4500,부드러운 라떼에 은은한 바닐라 향이 더해져 더욱 달콤하게 즐길 수 있는 음료,,https://naverbooking-phinf.pstatic.net/20251215_30/1765759877069KSYCr_PNG/%28L%29HOT_%B9%D9%B4%D2%B6%F3%B6%F3%B6%BC.png?type=f220_220_60_sharpen
이디야커피 시흥한라비발디점,커피,(EX)ICED 바닐라라떼,5700,부드러운 라떼에 은은한 바닐라 향이 더해져 더욱 달콤하게 즐길 수 있는 음료,,https://naverbooking-phinf.pstatic.net/20251215_97/1765759900893aSKwK_PNG/%28EX%29ICED_%B9%D9%B4%D2%B6%F3%B6%F3%B6%BC.png?type=f220_220_60_sharpen
이디야커피 시흥한라비발디점,커피,(EX)HOT 바닐라라떼,5700,부드러운 라떼에 은은한 바닐라 향이 더해져 더욱 달콤하게 즐길 수 있는 음료,,https://naverbooking-phinf.pstatic.net/20251215_124/1765759926035XWhX1_PNG/%28EX%29HOT_%B9%D9%B4%D2%B6%F3%B6%F3%B6%BC.png?type=f220_220_60_sharpen
이디야커피 시흥한라비발디점,커피,(L)ICED 연유카페라떼,4500,연유의 달콤한 맛과 에스프레소가 어우러져 누구나 쉽게 즐길 수 있는 부드러운 커피 음료,,https://naverbooking-phinf.pstatic.net/20251215_26/1765759984494j3IQx_PNG/%28L%29ICED_%BF%AC%C0%AF%C4%AB%C6%E4%B6%F3%B6%BC.png?type=f220_220_60_sharpen
이디야커피 시흥한라비발디점,커피,(L)HOT 연유카페라떼,4500,연유의 달콤한 맛과 에스프레소가 어우러져 누구나 쉽게 즐길 수 있는 부드러운 커피 음료,,https://naverbooking-phinf.pstatic.net/20251215_279/1765760014589472uF_PNG/%28L%29HOT_%BF%AC%C0%AF%C4%AB%C6%E4%B6%F3%B6%BC.png?type=f220_220_60_sharpen
이디야커피 시흥한라비발디점,커피,(EX)ICED 연유카페라떼,5700,연유의 달콤한 맛과 에스프레소가 어우러져 누구나 쉽게 즐길 수 있는 부드러운 커피 음료,,https://naverbooking-phinf.pstatic.net/20251215_221/1765760040932hN6RK_PNG/%28EX%29ICED_%BF%AC%C0%AF%C4%AB%C6%E4%B6%F3%B6%BC.png?type=f220_220_60_sharpen
이디야커피 시흥한라비발디점,커피,(EX)HOT 연유카페라떼,5700,연유의 달콤한 맛과 에스프레소가 어우러져 누구나 쉽게 즐길 수 있는 부드러운 커피 음료,,https://naverbooking-phinf.pstatic.net/20251215_224/1765760074892onTNt_PNG/%28EX%29HOT_%BF%AC%C0%AF%C4%AB%C6%E4%B6%F3%B6%BC.png?type=f220_220_60_sharpen
이디야커피 시흥한라비발디점,커피,(L)ICED 카페모카,4500,모카시럽을 만나 한층 풍부해진 에스프레소에 우유로 부드러움을 더한 달콤한 휘핑크림이 곁들여진 음료,,https://naverbooking-phinf.pstatic.net/20251215_80/1765760110734MeqBG_PNG/%28L%29ICED_%C4%AB%C6%E4%B8%F0%C4%AB.png?type=f220_220_60_sharpen
이디야커피 시흥한라비발디점,커피,(L)HOT 카페모카,4500,모카시럽을 만나 한층 풍부해진 에스프레소에 우유로 부드러움을 더한 달콤한 휘핑크림이 곁들여진 음료,,https://naverbooking-phinf.pstatic.net/20251215_85/1765760135232EBycI_PNG/%28L%29HOT_%C4%AB%C6%E4%B8%F0%C4%AB.png?type=f220_220_60_sharpen
이디야커피 시흥한라비발디점,커피,(EX)ICED 카페모카,5700,모카시럽을 만나 한층 풍부해진 에스프레소에 우유로 부드러움을 더한 달콤한 휘핑크림이 곁들여진 음료,,https://naverbooking-phinf.pstatic.net/20251215_241/1765760241889ayH1W_PNG/%28EX%29ICED_%C4%AB%C6%E4%B8%F0%C4%AB.png?type=f220_220_60_sharpen
이디야커피 시흥한라비발디점,커피,(EX)HOT 카페모카,5700,모카시럽을 만나 한층 풍부해진 에스프레소에 우유로 부드러움을 더한 달콤한 휘핑크림이 곁들여진 음료,,https://naverbooking-phinf.pstatic.net/20251215_252/1765760176963AIvIw_PNG/%28EX%29HOT_%C4%AB%C6%E4%B8%F0%C4%AB.png?type=f220_220_60_sharpen
이디야커피 시흥한라비발디점,커피,(L)ICED 카라멜마끼아또,4500,폼 밀크 속에 감춰진 카라멜의 달콤함과 에스프레소의 진한 맛이 돋보이는 이디야만의 인기 메뉴,,https://naverbooking-phinf.pstatic.net/20251215_239/1765760568491wTRV6_PNG/%28L%29ICED_%C4%AB%B6%F3%B8%E1%B8%B6%B3%A2%BE%C6%B6%C7.png?type=f220_220_60_sharpen
이디야커피 시흥한라비발디점,커피,(L)HOT 카라멜마끼아또,4500,폼 밀크 속에 감춰진 카라멜의 달콤함과 에스프레소의 진한 맛이 돋보이는 이디야만의 인기 메뉴,,https://naverbooking-phinf.pstatic.net/20251215_45/1765760592044UNGEn_PNG/%28L%29HOT_%C4%AB%B6%F3%B8%E1_%B8%B6%B3%A2%BE%C6%B6%C7.png?type=f220_220_60_sharpen
이디야커피 시흥한라비발디점,커피,(EX)ICED 카라멜마끼아또,5700,폼 밀크 속에 감춰진 카라멜의 달콤함과 에스프레소의 진한 맛이 돋보이는 이디야만의 인기 메뉴,,https://naverbooking-phinf.pstatic.net/20251215_290/1765760619367cvfsb_PNG/%28EX%29ICED_%C4%AB%B6%F3%B8%E1%B8%B6%B3%A2%BE%C6%B6%C7.png?type=f220_220_60_sharpen
이디야커피 시흥한라비발디점,커피,(EX)HOT 카라멜마끼아또,5700,폼 밀크 속에 감춰진 카라멜의 달콤함과 에스프레소의 진한 맛이 돋보이는 이디야만의 인기 메뉴,,https://naverbooking-phinf.pstatic.net/20251215_78/1765760658252zezcN_PNG/%28EX%29HOT_%C4%AB%B6%F3%B8%E1_%B8%B6%B3%A2%BE%C6%B6%C7.png?type=f220_220_60_sharpen
이디야커피 시흥한라비발디점,커피,(L)ICED 화이트초콜릿모카,4500,화이트 초콜릿향과 에스프레소의 조화로운 만남에 달콤한 휘핑크림까지 함께 즐길 수 있는 음료,,https://naverbooking-phinf.pstatic.net/20251215_221/1765760969474tJx1X_PNG/%28L%29ICED_%C8%AD%C0%CC%C6%AE%C3%CA%C4%DD%B8%B4_%B8%F0%C4%AB.png?type=f220_220_60_sharpen
이디야커피 시흥한라비발디점,커피,(L)HOT 화이트초콜릿모카,4500,화이트 초콜릿향과 에스프레소의 조화로운 만남에 달콤한 휘핑크림까지 함께 즐길 수 있는 음료,,https://naverbooking-phinf.pstatic.net/20251215_229/1765761015834cdtmY_PNG/%28L%29HOT_%C8%AD%C0%CC%C6%AE_%C3%CA%C4%DD%B8%B4_%B8%F0%C4%AB.png?type=f220_220_60_sharpen
이디야커피 시흥한라비발디점,커피,(EX)ICED 화이트초콜릿모카,5700,화이트 초콜릿향과 에스프레소의 조화로운 만남에 달콤한 휘핑크림까지 함께 즐길 수 있는 음료,,https://naverbooking-phinf.pstatic.net/20251215_66/1765761048911oW8gJ_PNG/%28EX%29ICED_%C8%AD%C0%CC%C6%AE%C3%CA%C4%DD%B8%B4_%B8%F0%C4%AB.png?type=f220_220_60_sharpen
이디야커피 시흥한라비발디점,커피,(EX)HOT 화이트초콜릿모카,5700,화이트 초콜릿향과 에스프레소의 조화로운 만남에 달콤한 휘핑크림까지 함께 즐길 수 있는 음료,,https://naverbooking-phinf.pstatic.net/20251215_224/1765761074969iqOPw_PNG/%28EX%29HOT_%C8%AD%C0%CC%C6%AE_%C3%CA%C4%DD%B8%B4_%B8%F0%C4%AB.png?type=f220_220_60_sharpen
이디야커피 시흥한라비발디점,커피,(L)ICED 달달커피,3200,이디야의 노하우가 집약된 커피믹스의 맛을 즐길 수 있는 음료,,https://naverbooking-phinf.pstatic.net/20251215_22/1765761178494yDCKz_PNG/%28L%29ICED_%B4%DE%B4%DE%C4%BF%C7%C7.png?type=f220_220_60_sharpen
이디야커피 시흥한라비발디점,커피,(L)HOT 달달커피,3200,이디야의 노하우가 집약된 커피믹스의 맛을 즐길 수 있는 음료,,https://naverbooking-phinf.pstatic.net/20251215_73/17657612003617oMhX_PNG/%28L%29HOT_%B4%DE%B4%DE%C4%BF%C7%C7.png?type=f220_220_60_sharpen
이디야커피 시흥한라비발디점,커피,(EX)ICED 달달커피,4200,이디야의 노하우가 집약된 커피믹스의 맛을 즐길 수 있는 음료,,https://naverbooking-phinf.pstatic.net/20251215_60/1765761222427hvB9G_PNG/%28EX%29ICED_%B4%DE%B4%DE%C4%BF%C7%C7.png?type=f220_220_60_sharpen
이디야커피 시흥한라비발디점,커피,(EX)HOT 달달커피,4200,이디야의 노하우가 집약된 커피믹스의 맛을 즐길 수 있는 음료,,https://naverbooking-phinf.pstatic.net/20251215_160/1765761240406hez8g_PNG/%28EX%29HOT_%B4%DE%B4%DE%C4%BF%C7%C7.png?type=f220_220_60_sharpen
이디야커피 시흥한라비발디점,커피,(L)ICED 제로슈가 달달커피,3200,이디야의 노하우가 집약된 커피믹스의 맛을 즐길 수 있는 음료/대체당(에리스리톨 등)은 개인의 체질에 따라 과다 섭취 시 복통 및 설사 등을 유발할 수 있습니다.,,https://naverbooking-phinf.pstatic.net/20251215_160/1765761335456yVP73_PNG/%28L%29ICED_%C1%A6%B7%CE%BD%B4%B0%A1_%B4%DE%B4%DE%C4%BF%C7%C7.png?type=f220_220_60_sharpen
이디야커피 시흥한라비발디점,커피,(L)HOT 제로슈가 달달커피,3200,이디야의 노하우가 집약된 커피믹스의 맛을 즐길 수 있는 음료/대체당(에리스리톨 등)은 개인의 체질에 따라 과다 섭취 시 복통 및 설사 등을 유발할 수 있습니다.,,https://naverbooking-phinf.pstatic.net/20251215_151/1765761378870T4ckz_PNG/%28L%29HOT_%C1%A6%B7%CE%BD%B4%B0%A1_%B4%DE%B4%DE%C4%BF%C7%C7.png?type=f220_220_60_sharpen
이디야커피 시흥한라비발디점,커피,(EX)ICED 제로슈가 달달커피,4200,이디야의 노하우가 집약된 커피믹스의 맛을 즐길 수 있는 음료/대체당(에리스리톨 등)은 개인의 체질에 따라 과다 섭취 시 복통 및 설사 등을 유발할 수 있습니다.,,https://naverbooking-phinf.pstatic.net/20251215_115/1765761403975U8jka_PNG/%28EX%29ICED_%C1%A6%B7%CE%BD%B4%B0%A1_%B4%DE%B4%DE%C4%BF%C7%C7.png?type=f220_220_60_sharpen
이디야커피 시흥한라비발디점,커피,(EX)HOT 제로슈가 달달커피,4200,이디야의 노하우가 집약된 커피믹스의 맛을 즐길 수 있는 음료/대체당(에리스리톨 등)은 개인의 체질에 따라 과다 섭취 시 복통 및 설사 등을 유발할 수 있습니다.,,https://naverbooking-phinf.pstatic.net/20251215_128/1765761433315vqaBv_PNG/%28EX%29HOT_%C1%A6%B7%CE%BD%B4%B0%A1_%B4%DE%B4%DE%C4%BF%C7%C7.png?type=f220_220_60_sharpen
이디야커피 시흥한라비발디점,커피,(L)ICED 넛츠크림라떼,4700,"부드러운 크림과 에스프레소, 너티 플레이버가 어우러져 만들어진 완벽한 한잔의 라떼",,https://naverbooking-phinf.pstatic.net/20251215_111/1765761530753GtIt9_PNG/%28L%29ICED_%B3%D3%C3%F7%C5%A9%B8%B2%B6%F3%B6%BC.png?type=f220_220_60_sharpen
이디야커피 시흥한라비발디점,커피,(EX)ICED 넛츠크림라떼,5900,"부드러운 크림과 에스프레소, 너티 플레이버가 어우러져 만들어진 완벽한 한잔의 라떼",,https://naverbooking-phinf.pstatic.net/20251215_14/1765761556936yfIll_PNG/%28EX%29ICED_%B3%D3%C3%F7%C5%A9%B8%B2%B6%F3%B6%BC.png?type=f220_220_60_sharpen
이디야커피 시흥한라비발디점,커피,(L)ICED 민트모카,4900,상쾌한 민트향이 더해진 진한 모카와 부드러운 휘핑크림이 잘 어울리는 음료,,https://naverbooking-phinf.pstatic.net/20260430_156/1777535234380Lo17F_PNG/image.png?type=f220_220_60_sharpen
이디야커피 시흥한라비발디점,커피,(L)HOT 민트모카,4900,상쾌한 민트향이 더해진 진한 모카와 부드러운 휘핑크림이 잘 어울리는 음료,,https://naverbooking-phinf.pstatic.net/20260430_297/1777535273487EAmnt_PNG/image.png?type=f220_220_60_sharpen
이디야커피 시흥한라비발디점,커피,(EX)ICED 민트모카,6100,상쾌한 민트향이 더해진 진한 모카와 부드러운 휘핑크림이 잘 어울리는 음료,,https://naverbooking-phinf.pstatic.net/20260430_45/1777535316747SNly7_PNG/image.png?type=f220_220_60_sharpen
이디야커피 시흥한라비발디점,커피,(EX)HOT 민트모카,6100,상쾌한 민트향이 더해진 진한 모카와 부드러운 휘핑크림이 잘 어울리는 음료,,https://naverbooking-phinf.pstatic.net/20260430_249/1777535355715GxnJD_PNG/image.png?type=f220_220_60_sharpen
이디야커피 시흥한라비발디점,커피,(L)ICED 콜드브루,4200,"이디야만의 블렌딩으로 커피의 깊은 단맛과 바디감, 균형 잡힌 밸런스를 느낄 수 있는 시원한 콜드브루 커피",,https://naverbooking-phinf.pstatic.net/20251215_193/1765761648134A30CL_PNG/%28L%29ICED_%C4%DD%B5%E5%BA%EA%B7%E7.png?type=f220_220_60_sharpen
이디야커피 시흥한라비발디점,커피,(EX)ICED 콜드브루,5200,"이디야만의 블렌딩으로 커피의 깊은 단맛과 바디감, 균형 잡힌 밸런스를 느낄 수 있는 시원한 콜드브루 커피",,https://naverbooking-phinf.pstatic.net/20251215_299/1765761678328o67F6_PNG/%28EX%29ICED_%C4%DD%B5%E5%BA%EA%B7%E7.png?type=f220_220_60_sharpen
이디야커피 시흥한라비발디점,커피,(L)ICED 흑당 콜드브루,4500,이디야만의 밸런스 잡힌 콜드브루에 진하고 달콤한 흑당과 고소한 우유가 어우러진 커피음료,,https://naverbooking-phinf.pstatic.net/20251215_38/1765761816545FJa0G_PNG/L_ICED_%C4%BF%C7%C7_%B9%E8%B9%CE_%C8%E6%B4%E7%C4%DD%B5%E5%BA%EA%B7%E7.png?type=f220_220_60_sharpen
이디야커피 시흥한라비발디점,커피,(EX)ICED 흑당콜드브루,5700,이디야만의 밸런스 잡힌 콜드브루에 진하고 달콤한 흑당과 고소한 우유가 어우러진 커피음료,,https://naverbooking-phinf.pstatic.net/20251215_274/17657618481213AlzS_PNG/%28EX%29ICED_%C8%E6%B4%E7_%C4%DD%B5%E5%BA%EA%B7%E7.png?type=f220_220_60_sharpen
이디야커피 시흥한라비발디점,커피,(L)ICED 콜드브루 라떼,4700,콜드브루의 깔끔하고 쌉싸름한 풍미가 고소한 우유와 만나 누구나 부담없이 즐길 수 있는 음료,,https://naverbooking-phinf.pstatic.net/20251215_271/1765761903656cx7Dj_PNG/%28L%29ICED_%C4%DD%B5%E5%BA%EA%B7%E7_%B6%F3%B6%BC.png?type=f220_220_60_sharpen
이디야커피 시흥한라비발디점,커피,(EX)ICED 콜드브루 라떼,5900,콜드브루의 깔끔하고 쌉싸름한 풍미가 고소한 우유와 만나 누구나 부담없이 즐길 수 있는 음료,,https://naverbooking-phinf.pstatic.net/20251215_266/1765761942256zXd6h_PNG/%28EX%29ICED_%C4%DD%B5%E5%BA%EA%B7%E7_%B6%F3%B6%BC.png?type=f220_220_60_sharpen
이디야커피 시흥한라비발디점,커피,(L)ICED 연유콜드브루,4900,연유의 달콤한 맛과 밸런스 잡힌 이디야 콜드브루가 어우러져 특색있게 즐길 수 있는 음료,,https://naverbooking-phinf.pstatic.net/20251215_75/1765761978051XIFNW_PNG/%28L%29ICED_%BF%AC%C0%AF%C4%DD%B5%E5%BA%EA%B7%E7.png?type=f220_220_60_sharpen
이디야커피 시흥한라비발디점,커피,(EX)ICED 연유콜드브루,6100,연유의 달콤한 맛과 밸런스 잡힌 이디야 콜드브루가 어우러져 특색있게 즐길 수 있는 음료,,https://naverbooking-phinf.pstatic.net/20251215_31/1765762006690hHJXn_PNG/%28EX%29ICED_%BF%AC%C0%AF%C4%DD%B5%E5%BA%EA%B7%E7.png?type=f220_220_60_sharpen
이디야커피 시흥한라비발디점,커피,(L)ICED 에스프레소 코코넛,4700,달지 않고 담백하게 즐길 수 있는 커피로 코코넛밀크 원료 본연의 자연스러운 단맛이 감칠맛을 더해주는 제품,,https://naverbooking-phinf.pstatic.net/20260601_211/17802756144389mTGr_PNG/image.png?type=f220_220_60_sharpen
이디야커피 시흥한라비발디점,커피,(L)HOT 에스프레소 코코넛,4700,달지 않고 담백하게 즐길 수 있는 커피로 코코넛밀크 원료 본연의 자연스러운 단맛이 감칠맛을 더해주는 제품,,https://naverbooking-phinf.pstatic.net/20260601_282/17802757406727icMi_PNG/image.png?type=f220_220_60_sharpen
이디야커피 시흥한라비발디점,커피,(EX)ICED 에스프레소 코코넛,5900,달지 않고 담백하게 즐길 수 있는 커피로 코코넛밀크 원료 본연의 자연스러운 단맛이 감칠맛을 더해주는 제품,,https://naverbooking-phinf.pstatic.net/20260601_11/17802757713611Xtme_PNG/image.png?type=f220_220_60_sharpen
이디야커피 시흥한라비발디점,커피,(EX)HOT 에스프레소 코코넛,5900,달지 않고 담백하게 즐길 수 있는 커피로 코코넛밀크 원료 본연의 자연스러운 단맛이 감칠맛을 더해주는 제품,,https://naverbooking-phinf.pstatic.net/20260601_207/1780276293159DhnMk_PNG/image.png?type=f220_220_60_sharpen
이디야커피 시흥한라비발디점,디카페인,디카페인 (L)ICED 아메리카노,3700,"(디카페인)커피 본연의 향과 고소한 견과류, 다크초콜릿 풍미와 깊은 여운이 조화롭게 어우러진 이디야 대표음료",,https://naverbooking-phinf.pstatic.net/20251215_178/1765762827632XSx59_PNG/%B5%F0%C4%AB%C6%E4%C0%CE_%28L%29ICED_%BE%C6%B8%DE%B8%AE%C4%AB%B3%EB.png?type=f220_220_60_sharpen
이디야커피 시흥한라비발디점,디카페인,디카페인 (L)HOT 아메리카노,3700,"(디카페인)커피 본연의 향과 고소한 견과류, 다크초콜릿 풍미와 깊은 여운이 조화롭게 어우러진 이디야 대표음료",,https://naverbooking-phinf.pstatic.net/20251215_224/1765762851221Povzy_PNG/%B5%F0%C4%AB%C6%E4%C0%CE_%28L%29HOT_%BE%C6%B8%DE%B8%AE%C4%AB%B3%EB.png?type=f220_220_60_sharpen
이디야커피 시흥한라비발디점,디카페인,디카페인 (EX)ICED 아메리카노,4700,"(디카페인)커피 본연의 향과 고소한 견과류, 다크초콜릿 풍미와 깊은 여운이 조화롭게 어우러진 이디야 대표음료",,https://naverbooking-phinf.pstatic.net/20251215_31/1765762881098SwmOX_PNG/%B5%F0%C4%AB%C6%E4%C0%CE_%28EX%29ICED_%BE%C6%B8%DE%B8%AE%C4%AB%B3%EB.png?type=f220_220_60_sharpen
이디야커피 시흥한라비발디점,디카페인,디카페인 (EX)HOT 아메리카노,4700,"(디카페인)커피 본연의 향과 고소한 견과류, 다크초콜릿 풍미와 깊은 여운이 조화롭게 어우러진 이디야 대표음료",,https://naverbooking-phinf.pstatic.net/20251215_130/1765762988832Tusz0_PNG/%B5%F0%C4%AB%C6%E4%C0%CE_%28EX%29HOT_%BE%C6%B8%DE%B8%AE%C4%AB%B3%EB.png?type=f220_220_60_sharpen
이디야커피 시흥한라비발디점,디카페인,디카페인 (L)ICED 헤이즐넛 아메리카노,4400,(디카페인)헤이즐넛 파우더를 더해 부드럽고 고소한 너트향의 풍성한 여운을 더한 아메리카노,,https://naverbooking-phinf.pstatic.net/20251215_202/1765763058751Toxpj_PNG/%B5%F0%C4%AB%C6%E4%C0%CE_%28L%29ICED_%C7%EC%C0%CC%C1%F1%B3%D3_%BE%C6%B8%DE%B8%AE%C4%AB%B3%EB.png?type=f220_220_60_sharpen
이디야커피 시흥한라비발디점,디카페인,디카페인 (L)HOT 헤이즐넛 아메리카노,4400,(디카페인)헤이즐넛 파우더를 더해 부드럽고 고소한 너트향의 풍성한 여운을 더한 아메리카노,,https://naverbooking-phinf.pstatic.net/20251215_223/17657676672038Dt26_PNG/%B5%F0%C4%AB%C6%E4%C0%CE_%28L%29HOT_%C7%EC%C0%CC%C1%F1%B3%D3_%BE%C6%B8%DE%B8%AE%C4%AB%B3%EB.png?type=f220_220_60_sharpen
이디야커피 시흥한라비발디점,디카페인,디카페인 (EX)ICED 헤이즐넛 아메리카노,5400,(디카페인)헤이즐넛 파우더를 더해 부드럽고 고소한 너트향의 풍성한 여운을 더한 아메리카노,,https://naverbooking-phinf.pstatic.net/20251215_24/1765765278436vQY8t_PNG/%B5%F0%C4%AB%C6%E4%C0%CE_%28EX%29ICED_%C7%EC%C0%CC%C1%F1%B3%D3_%BE%C6%B8%DE%B8%AE%C4%AB%B3%EB.png?type=f220_220_60_sharpen
이디야커피 시흥한라비발디점,디카페인,디카페인 (EX)HOT 헤이즐넛 아메리카노,5400,(디카페인)헤이즐넛 파우더를 더해 부드럽고 고소한 너트향의 풍성한 여운을 더한 아메리카노,,https://naverbooking-phinf.pstatic.net/20251215_285/1765767641148GK417_PNG/%B5%F0%C4%AB%C6%E4%C0%CE_%28EX%29HOT__%C7%EC%C0%CC%C1%F1%B3%D3_%BE%C6%B8%DE%B8%AE%C4%AB%B3%EB.png?type=f220_220_60_sharpen
이디야커피 시흥한라비발디점,디카페인,디카페인 (L)ICED 꿀화이트 아메리카노,4400,"(디카페인)향긋한 사양 벌꿀과 부드럽고 풍부한 시그니처 밀크, 에스프레소의 완벽한 조화를 느낄 수 있는 음료",,https://naverbooking-phinf.pstatic.net/20251215_245/1765765096469OOWhb_PNG/%B5%F0%C4%AB%C6%E4%C0%CE_%28L%29ICED_%B2%DC%C8%AD%C0%CC%C6%AE_%BE%C6%B8%DE%B8%AE%C4%AB%B3%EB.png?type=f220_220_60_sharpen
이디야커피 시흥한라비발디점,디카페인,디카페인 (EX)ICED 꿀화이트 아메리카노,5600,"(디카페인)향긋한 사양 벌꿀과 부드럽고 풍부한 시그니처 밀크, 에스프레소의 완벽한 조화를 느낄 수 있는 음료",,https://naverbooking-phinf.pstatic.net/20251215_248/17657652877781T4BB_PNG/%B5%F0%C4%AB%C6%E4%C0%CE_%28EX%29ICED_%B2%DC%C8%AD%C0%CC%C6%AE_%BE%C6%B8%DE%B8%AE%C4%AB%B3%EB.png?type=f220_220_60_sharpen
이디야커피 시흥한라비발디점,디카페인,디카페인 (L)ICED 카페라떼,4700,(디카페인)진한 에스프레소와 부드러운 우유가 만나 고소한 풍미를 더하는 메뉴 가장 대중적인 메뉴,,https://naverbooking-phinf.pstatic.net/20251215_89/1765765103878NV1VJ_PNG/%B5%F0%C4%AB%C6%E4%C0%CE_%28L%29ICED_%C4%AB%C6%E4%B6%F3%B6%BC.png?type=f220_220_60_sharpen
이디야커피 시흥한라비발디점,디카페인,디카페인 (L)HOT 카페라떼,4700,(디카페인)진한 에스프레소와 부드러운 우유가 만나 고소한 풍미를 더하는 메뉴 가장 대중적인 메뉴,,https://naverbooking-phinf.pstatic.net/20251215_59/1765765215726SRBJf_PNG/%B5%F0%C4%AB%C6%E4%C0%CE_%28L%29HOT_%C4%AB%C6%E4%B6%F3%B6%BC.png?type=f220_220_60_sharpen
이디야커피 시흥한라비발디점,디카페인,디카페인 (EX)ICED 카페라떼,5900,(디카페인)진한 에스프레소와 부드러운 우유가 만나 고소한 풍미를 더하는 메뉴 가장 대중적인 메뉴,,https://naverbooking-phinf.pstatic.net/20251215_80/1765765296218hV1UF_PNG/%B5%F0%C4%AB%C6%E4%C0%CE_%28EX%29ICED_%C4%AB%C6%E4%B6%F3%B6%BC.png?type=f220_220_60_sharpen
이디야커피 시흥한라비발디점,디카페인,디카페인 (EX)HOT 카페라떼,5900,(디카페인)진한 에스프레소와 부드러운 우유가 만나 고소한 풍미를 더하는 메뉴 가장 대중적인 메뉴,,https://naverbooking-phinf.pstatic.net/20251215_280/1765767679731ydVOo_PNG/%B5%F0%C4%AB%C6%E4%C0%CE_%28L%29HOT_%C4%AB%C6%E4%B6%F3%B6%BC.png?type=f220_220_60_sharpen
이디야커피 시흥한라비발디점,디카페인,디카페인 (L)ICED 아샷추복숭아,3700,홍차의 깊은 맛과 풍부한 복숭아 향이 어우러진 아이스티에 이디야 에스프레소가 어우러진 음료,,https://naverbooking-phinf.pstatic.net/20251215_237/1765765497026fM0n8_PNG/%28L%29ICED_%BE%C6%BC%A6%C3%DF%BA%B9%BC%FE%BE%C6.png?type=f220_220_60_sharpen
이디야커피 시흥한라비발디점,디카페인,디카페인 (EX)ICED 아샷추복숭아,4700,홍차의 깊은 맛과 풍부한 복숭아 향이 어우러진 아이스티에 이디야 에스프레소가 어우러진 음료,,https://naverbooking-phinf.pstatic.net/20251215_92/1765765766689Apb9P_PNG/%28EX%29ICED_%BE%C6%BC%A6%C3%DF_%BA%B9%BC%FE%BE%C6.png?type=f220_220_60_sharpen
이디야커피 시흥한라비발디점,디카페인,디카페인 (L)ICED 제로슈가아샷추복숭아,3700,홍차의 깊은 맛과 풍부한 복숭아 향이 어우러진 아이스티에 이디야 에스프레소가 어우러진 음료/대체당(에리스리톨 등)은 개인의 체질에 따라 과다 섭취 시 복통 및 설사 등을 유발할 수 있습니다.,,https://naverbooking-phinf.pstatic.net/20251215_183/17657655243529KNvg_PNG/%28L%29ICED_%C1%A6%B7%CE%BD%B4%B0%A1_%BE%C6%BC%A6%C3%DF%BA%B9%BC%FE%BE%C6.png?type=f220_220_60_sharpen
이디야커피 시흥한라비발디점,디카페인,디카페인 (EX)ICED 제로슈가아샷추복숭아,4700,홍차의 깊은 맛과 풍부한 복숭아 향이 어우러진 아이스티에 이디야 에스프레소가 어우러진 음료/대체당(에리스리톨 등)은 개인의 체질에 따라 과다 섭취 시 복통 및 설사 등을 유발할 수 있습니다.,,https://naverbooking-phinf.pstatic.net/20251215_85/17657657794840damD_PNG/%28EX%29ICED_%C1%A6%B7%CE%BD%B4%B0%A1_%BE%C6%BC%A6%C3%DF_%BA%B9%BC%FE%BE%C6.png?type=f220_220_60_sharpen
이디야커피 시흥한라비발디점,디카페인,디카페인 (L)ICED 시그니처라떼,5200,(디카페인)생크림이 함유되어 부드럽고 풍부한 시그니처밀크와 에스프레소가 조화를 이뤄 특별한 맛을 선사하는 라떼,,https://naverbooking-phinf.pstatic.net/20251215_263/1765765112352QggEi_PNG/%B5%F0%C4%AB%C6%E4%C0%CE_%28L%29ICED_%BD%C3%B1%D7%B4%CF%C3%B3%B6%F3%B6%BC.png?type=f220_220_60_sharpen
이디야커피 시흥한라비발디점,디카페인,디카페인 (L)HOT 시그니처라떼,5200,(디카페인)생크림이 함유되어 부드럽고 풍부한 시그니처밀크와 에스프레소가 조화를 이뤄 특별한 맛을 선사하는 라떼,,https://naverbooking-phinf.pstatic.net/20251215_124/1765765222624z9dyg_PNG/%B5%F0%C4%AB%C6%E4%C0%CE_%28L%29HOT_%BD%C3%B1%D7%B4%CF%C3%B3%B6%F3%B6%BC.png?type=f220_220_60_sharpen
이디야커피 시흥한라비발디점,디카페인,디카페인 (EX)ICED 시그니처라떼,6400,(디카페인)생크림이 함유되어 부드럽고 풍부한 시그니처밀크와 에스프레소가 조화를 이뤄 특별한 맛을 선사하는 라떼,,https://naverbooking-phinf.pstatic.net/20251215_26/1765765305941DK5Ec_PNG/%B5%F0%C4%AB%C6%E4%C0%CE_%28EX%29ICED_%BD%C3%B1%D9%B4%CF%C3%B3_%B6%F3%B6%BC.png?type=f220_220_60_sharpen
이디야커피 시흥한라비발디점,디카페인,디카페인 (EX)HOT 시그니처라떼,6400,(디카페인)생크림이 함유되어 부드럽고 풍부한 시그니처밀크와 에스프레소가 조화를 이뤄 특별한 맛을 선사하는 라떼,,https://naverbooking-phinf.pstatic.net/20251215_111/1765767687126bM4Bx_PNG/%B5%F0%C4%AB%C6%E4%C0%CE_%28L%29HOT_%BD%C3%B1%D7%B4%CF%C3%B3%B6%F3%B6%BC.png?type=f220_220_60_sharpen
이디야커피 시흥한라비발디점,디카페인,디카페인 (L)ICED 바닐라라떼,5000,(디카페인)부드러운 라떼에 은은한 바닐라 향이 더해져 더욱 달콤하게 즐길 수 있는 음료,,https://naverbooking-phinf.pstatic.net/20251215_85/1765765117628bQ67w_PNG/%B5%F0%C4%AB%C6%E4%C0%CE_%28L%29ICED_%B9%D9%B4%D2%B6%F3%B6%F3%B6%BC.png?type=f220_220_60_sharpen
이디야커피 시흥한라비발디점,디카페인,디카페인 (L)HOT 바닐라라떼,5000,(디카페인)부드러운 라떼에 은은한 바닐라 향이 더해져 더욱 달콤하게 즐길 수 있는 음료,,https://naverbooking-phinf.pstatic.net/20251215_69/1765765231487AECwS_PNG/%B5%F0%C4%AB%C6%E4%C0%CE_%28L%29HOT_%B9%D9%B4%D2%B6%F3%B6%F3%B6%BC.png?type=f220_220_60_sharpen
이디야커피 시흥한라비발디점,디카페인,디카페인 (EX)ICED 바닐라라떼,6200,(디카페인)부드러운 라떼에 은은한 바닐라 향이 더해져 더욱 달콤하게 즐길 수 있는 음료,,https://naverbooking-phinf.pstatic.net/20251215_223/1765765312366gjs8l_PNG/%B5%F0%C4%AB%C6%E4%C0%CE_%28EX%29ICED_%B9%D9%B4%D2%B6%F3%B6%F3%B6%BC.png?type=f220_220_60_sharpen
이디야커피 시흥한라비발디점,디카페인,디카페인 (EX)HOT 바닐라라떼,6200,(디카페인)부드러운 라떼에 은은한 바닐라 향이 더해져 더욱 달콤하게 즐길 수 있는 음료,,https://naverbooking-phinf.pstatic.net/20251215_47/1765767694971A8yq2_PNG/%B5%F0%C4%AB%C6%E4%C0%CE_%28L%29HOT_%B9%D9%B4%D2%B6%F3%B6%F3%B6%BC.png?type=f220_220_60_sharpen
이디야커피 시흥한라비발디점,디카페인,디카페인 (L)ICED 연유카페라떼,5000,(디카페인)연유의 달콤한 맛과 에스프레소가 어우러져 누구나 쉽게 즐길 수 있는 부드러운 커피 음료,,https://naverbooking-phinf.pstatic.net/20251215_45/1765765125994IKh0f_PNG/%B5%F0%C4%AB%C6%E4%C0%CE_%28L%29ICED_%BF%AC%C0%AF%C4%AB%C6%E4%B6%F3%B6%BC.png?type=f220_220_60_sharpen
이디야커피 시흥한라비발디점,디카페인,디카페인 (L)HOT 연유카페라떼,5000,(디카페인)연유의 달콤한 맛과 에스프레소가 어우러져 누구나 쉽게 즐길 수 있는 부드러운 커피 음료,,https://naverbooking-phinf.pstatic.net/20251215_258/1765765237618JkXpx_PNG/%B5%F0%C4%AB%C6%E4%C0%CE_%28L%29HOT_%BF%AC%C0%AF%C4%AB%C6%E4%B6%F3%B6%BC.png?type=f220_220_60_sharpen
이디야커피 시흥한라비발디점,디카페인,디카페인 (EX)ICED 연유카페라떼,6200,(디카페인)연유의 달콤한 맛과 에스프레소가 어우러져 누구나 쉽게 즐길 수 있는 부드러운 커피 음료,,https://naverbooking-phinf.pstatic.net/20251215_29/1765765318791IfGIA_PNG/%B5%F0%C4%AB%C6%E4%C0%CE_%28EX%29ICED_%BF%AC%C0%AF%C4%AB%C6%E4%B6%F3%B6%BC.png?type=f220_220_60_sharpen
이디야커피 시흥한라비발디점,디카페인,디카페인 (EX)HOT 연유카페라떼,6200,(디카페인)연유의 달콤한 맛과 에스프레소가 어우러져 누구나 쉽게 즐길 수 있는 부드러운 커피 음료,,https://naverbooking-phinf.pstatic.net/20251215_269/1765767701245JRItH_PNG/%B5%F0%C4%AB%C6%E4%C0%CE_%28L%29HOT_%BF%AC%C0%AF%C4%AB%C6%E4%B6%F3%B6%BC.png?type=f220_220_60_sharpen
이디야커피 시흥한라비발디점,디카페인,디카페인 (L)ICED 카페모카,5000,(디카페인)모카시럽을 만나 한층 풍부해진 에스프레소에 우유로 부드러움을 더한 달콤한 휘핑크림이 곁들여진 음료,,https://naverbooking-phinf.pstatic.net/20251215_4/1765765133097770az_PNG/%B5%F0%C4%AB%C6%E4%C0%CE_%28L%29ICED_%C4%AB%C6%E4%B8%F0%C4%AB.png?type=f220_220_60_sharpen
이디야커피 시흥한라비발디점,디카페인,디카페인 (L)HOT 카페모카,5000,(디카페인)모카시럽을 만나 한층 풍부해진 에스프레소에 우유로 부드러움을 더한 달콤한 휘핑크림이 곁들여진 음료,,https://naverbooking-phinf.pstatic.net/20251215_47/1765765246946617w7_PNG/%B5%F0%C4%AB%C6%E4%C0%CE_%28L%29HOT_%C4%AB%C6%E4%B8%F0%C4%AB.png?type=f220_220_60_sharpen
이디야커피 시흥한라비발디점,디카페인,디카페인 (EX)ICED 카페모카,6200,(디카페인)모카시럽을 만나 한층 풍부해진 에스프레소에 우유로 부드러움을 더한 달콤한 휘핑크림이 곁들여진 음료,,https://naverbooking-phinf.pstatic.net/20251215_33/1765765325821p4Eap_PNG/%B5%F0%C4%AB%C6%E4%C0%CE_%28EX%29ICED_%C4%AB%C6%E4%B8%F0%C4%AB.png?type=f220_220_60_sharpen
이디야커피 시흥한라비발디점,디카페인,디카페인 (EX)HOT 카페모카,6200,(디카페인)모카시럽을 만나 한층 풍부해진 에스프레소에 우유로 부드러움을 더한 달콤한 휘핑크림이 곁들여진 음료,,https://naverbooking-phinf.pstatic.net/20251215_296/1765767706993pOTxN_PNG/%B5%F0%C4%AB%C6%E4%C0%CE_%28L%29HOT_%C4%AB%C6%E4%B8%F0%C4%AB.png?type=f220_220_60_sharpen
이디야커피 시흥한라비발디점,디카페인,디카페인 (L)ICED 카라멜마끼아또,5000,(디카페인)폼 밀크 속에 감춰진 카라멜의 달콤함과 에스프레소의 진한 맛이 돋보이는 이디야만의 인기 메뉴,,https://naverbooking-phinf.pstatic.net/20251215_293/1765765141840xwqIS_PNG/%B5%F0%C4%AB%C6%E4%C0%CE_%28L%29ICED_%C4%AB%B6%F3%B8%E1%B8%B6%B3%A2%BE%C6%B6%C7.png?type=f220_220_60_sharpen
이디야커피 시흥한라비발디점,디카페인,디카페인 (L)HOT 카라멜마끼아또,5000,(디카페인)폼 밀크 속에 감춰진 카라멜의 달콤함과 에스프레소의 진한 맛이 돋보이는 이디야만의 인기 메뉴,,https://naverbooking-phinf.pstatic.net/20251215_164/1765765254370qts5Q_PNG/%B5%F0%C4%AB%C6%E4%C0%CE_%28L%29HOT_%C4%AB%B6%F3%B8%E1%B8%B6%B3%A2%BE%C6%B6%C7.png?type=f220_220_60_sharpen
이디야커피 시흥한라비발디점,디카페인,디카페인 (EX)ICED 카라멜마끼아또,6200,(디카페인)폼 밀크 속에 감춰진 카라멜의 달콤함과 에스프레소의 진한 맛이 돋보이는 이디야만의 인기 메뉴,,https://naverbooking-phinf.pstatic.net/20251215_127/1765765332642tLpz8_PNG/%B5%F0%C4%AB%C6%E4%C0%CE_%28EX%29ICED_%C4%AB%B6%F3%B8%E1%B8%B6%B3%A2%BE%C6%B6%C7.png?type=f220_220_60_sharpen
이디야커피 시흥한라비발디점,디카페인,디카페인 (EX)HOT 카라멜마끼아또,6200,(디카페인)폼 밀크 속에 감춰진 카라멜의 달콤함과 에스프레소의 진한 맛이 돋보이는 이디야만의 인기 메뉴,,https://naverbooking-phinf.pstatic.net/20251215_179/1765767713130qPHoh_PNG/%B5%F0%C4%AB%C6%E4%C0%CE_%28L%29HOT_%C4%AB%B6%F3%B8%E1%B8%B6%B3%A2%BE%C6%B6%C7.png?type=f220_220_60_sharpen
이디야커피 시흥한라비발디점,디카페인,디카페인 (L)ICED 화이트초콜릿모카,5000,(디카페인)화이트 초콜릿향과 에스프레소의 조화로운 만남에 달콤한 휘핑크림까지 함께 즐길 수 있는 음료,,https://naverbooking-phinf.pstatic.net/20251215_245/176576515369022UD7_PNG/%B5%F0%C4%AB%C6%E4%C0%CE_%28L%29ICED_%C8%AD%C0%CC%C6%AE%C3%CA%C4%DD%B8%B4_%B8%F0%C4%AB.png?type=f220_220_60_sharpen
이디야커피 시흥한라비발디점,디카페인,디카페인 (L)HOT 화이트초콜릿모카,5000,(디카페인)화이트 초콜릿향과 에스프레소의 조화로운 만남에 달콤한 휘핑크림까지 함께 즐길 수 있는 음료,,https://naverbooking-phinf.pstatic.net/20251215_202/1765765262214BItp4_PNG/%B5%F0%C4%AB%C6%E4%C0%CE_%28L%29HOT_%C8%AD%C0%CC%C6%AE_%C3%CA%C4%DD%B8%B4_%B8%F0%C4%AB.png?type=f220_220_60_sharpen
이디야커피 시흥한라비발디점,디카페인,디카페인 (EX)ICED 화이트초콜릿모카,6200,(디카페인)화이트 초콜릿향과 에스프레소의 조화로운 만남에 달콤한 휘핑크림까지 함께 즐길 수 있는 음료,,https://naverbooking-phinf.pstatic.net/20251215_78/1765765339751Ed3rr_PNG/%B5%F0%C4%AB%C6%E4%C0%CE_%28EX%29ICED_%C8%AD%C0%CC%C6%AE%C3%CA%C4%DD%B8%B4_%B8%F0%C4%AB.png?type=f220_220_60_sharpen
이디야커피 시흥한라비발디점,디카페인,디카페인 (EX)HOT 화이트초콜릿 모카,6200,(디카페인)화이트 초콜릿향과 에스프레소의 조화로운 만남에 달콤한 휘핑크림까지 함께 즐길 수 있는 음료,,https://naverbooking-phinf.pstatic.net/20251215_296/1765767718736AX8ku_PNG/%B5%F0%C4%AB%C6%E4%C0%CE_%28L%29HOT_%C8%AD%C0%CC%C6%AE_%C3%CA%C4%DD%B8%B4_%B8%F0%C4%AB.png?type=f220_220_60_sharpen
이디야커피 시흥한라비발디점,디카페인,디카페인 (L)ICED 넛츠크림라떼,5200,"(디카페인)부드러운 크림과 에스프레소, 너티 플레이버가 어우러져 만들어진 완벽한 한잔의 라떼",,https://naverbooking-phinf.pstatic.net/20251215_55/1765765163657sCMp3_PNG/%B5%F0%C4%AB%C6%E4%C0%CE_%28L%29ICED_%B3%D3%C3%F7%C5%A9%B8%B2%B6%F3%B6%BC.png?type=f220_220_60_sharpen
이디야커피 시흥한라비발디점,디카페인,디카페인 (EX)ICED 넛츠크림라떼,6400,"(디카페인)부드러운 크림과 에스프레소, 너티 플레이버가 어우러져 만들어진 완벽한 한잔의 라떼",,https://naverbooking-phinf.pstatic.net/20251215_286/1765765348515exqya_PNG/%B5%F0%C4%AB%C6%E4%C0%CE_%28EX%29ICED_%B3%D3%C3%F7%C5%A9%B8%B2%B6%F3%B6%BC.png?type=f220_220_60_sharpen
이디야커피 시흥한라비발디점,디카페인,디카페인 (L)ICED 민트모카,5400,상쾌한 민트향이 더해진 진한 디카페인모카와 부드러운 휘핑크림이 잘 어울리는 음료,,https://naverbooking-phinf.pstatic.net/20260430_273/1777535444828fe7VA_PNG/image.png?type=f220_220_60_sharpen
이디야커피 시흥한라비발디점,디카페인,디카페인 (L)HOT 민트모카,5400,상쾌한 민트향이 더해진 진한 디카페인 모카와 부드러운 휘핑크림이 잘 어울리는 음료,,https://naverbooking-phinf.pstatic.net/20260430_133/1777535476590vqfDO_PNG/image.png?type=f220_220_60_sharpen
이디야커피 시흥한라비발디점,디카페인,디카페인 (EX)ICED 민트모카,6600,상쾌한 민트향이 더해진 진한 디카페인 모카와 부드러운 휘핑크림이 잘 어울리는 음료,,https://naverbooking-phinf.pstatic.net/20260430_184/1777535503813HUNL7_PNG/image.png?type=f220_220_60_sharpen
이디야커피 시흥한라비발디점,디카페인,디카페인 (EX)HOT 민트모카,6600,상쾌한 민트향이 더해진 진한 디카페인 모카와 부드러운 휘핑크림이 잘 어울리는 음료,,https://naverbooking-phinf.pstatic.net/20260430_244/1777535548710RpvPX_PNG/image.png?type=f220_220_60_sharpen
이디야커피 시흥한라비발디점,디카페인,디카페인 (L)ICED 콜드브루,4700,"(디카페인)이디야만의 블렌딩으로 커피의 깊은 단맛과 바디감, 균형 잡힌 밸런스를 느낄 수 있는 시원한 콜드브루 커피",,https://naverbooking-phinf.pstatic.net/20251215_68/17657651700788nYWU_PNG/%B5%F0%C4%AB%C6%E4%C0%CE_%28L%29ICED_%C4%DD%B5%E5%BA%EA%B7%E7.png?type=f220_220_60_sharpen
이디야커피 시흥한라비발디점,디카페인,디카페인 (EX)ICED 콜드브루,5700,"(디카페인)이디야만의 블렌딩으로 커피의 깊은 단맛과 바디감, 균형 잡힌 밸런스를 느낄 수 있는 시원한 콜드브루 커피",,https://naverbooking-phinf.pstatic.net/20251215_285/1765765355647K4OxF_PNG/%B5%F0%C4%AB%C6%E4%C0%CE_%28EX%29ICED_%C4%DD%B5%E5%BA%EA%B7%E7.png?type=f220_220_60_sharpen
이디야커피 시흥한라비발디점,디카페인,디카페인 (L)ICED 흑당콜드브루,5000,(디카페인)이디야만의 밸런스 잡힌 콜드브루에 진하고 달콤한 흑당과 고소한 우유가 어우러진 커피음료,,https://naverbooking-phinf.pstatic.net/20251215_143/1765765176102VTpS6_PNG/%B5%F0%C4%AB%C6%E4%C0%CE_%28L%29ICED_%C8%E6%B4%E7_%C4%DD%B5%E5%BA%EA%B7%E7.png?type=f220_220_60_sharpen
이디야커피 시흥한라비발디점,디카페인,디카페인 (EX)ICED 흑당콜드브루,6200,(디카페인)이디야만의 밸런스 잡힌 콜드브루에 진하고 달콤한 흑당과 고소한 우유가 어우러진 커피음료,,https://naverbooking-phinf.pstatic.net/20251215_215/1765765361710knSgN_PNG/%B5%F0%C4%AB%C6%E4%C0%CE_%28EX%29ICED_%C8%E6%B4%E7_%C4%DD%B5%E5%BA%EA%B7%E7.png?type=f220_220_60_sharpen
이디야커피 시흥한라비발디점,디카페인,디카페인 (L)콜드브루 라떼,5200,(디카페인)콜드브루의 깔끔하고 쌉싸름한 풍미가 고소한 우유와 만나 누구나 부담없이 즐길 수 있는 음료,,https://naverbooking-phinf.pstatic.net/20251215_142/17657651834976ui0u_PNG/%B5%F0%C4%AB%C6%E4%C0%CE_%28L%29ICED_%C4%DD%B5%E5%BA%EA%B7%E7_%B6%F3%B6%BC.png?type=f220_220_60_sharpen
이디야커피 시흥한라비발디점,디카페인,디카페인 (EX)콜드브루 라뗴,6400,(디카페인)콜드브루의 깔끔하고 쌉싸름한 풍미가 고소한 우유와 만나 누구나 부담없이 즐길 수 있는 음료,,https://naverbooking-phinf.pstatic.net/20251215_62/1765765367516TRzpv_PNG/%B5%F0%C4%AB%C6%E4%C0%CE_%28EX%29ICED_%C4%DD%B5%E5%BA%EA%B7%E7_%B6%F3%B6%BC.png?type=f220_220_60_sharpen
이디야커피 시흥한라비발디점,디카페인,디카페인 (L)ICED 연유콜드브루,5400,(디카페인)연유의 달콤한 맛과 밸런스 잡힌 이디야 콜드브루가 어우러져 특색있게 즐길 수 있는 음료,,https://naverbooking-phinf.pstatic.net/20251215_129/1765765190092JdD5V_PNG/%B5%F0%C4%AB%C6%E4%C0%CE_%28L%29ICED_%BF%AC%C0%AF%C4%DD%B5%E5%BA%EA%B7%E7.png?type=f220_220_60_sharpen
이디야커피 시흥한라비발디점,디카페인,디카페인 (EX)ICED 연유콜드브루,6600,(디카페인)연유의 달콤한 맛과 밸런스 잡힌 이디야 콜드브루가 어우러져 특색있게 즐길 수 있는 음료,,https://naverbooking-phinf.pstatic.net/20251215_227/1765765373675sSjEp_PNG/%B5%F0%C4%AB%C6%E4%C0%CE_%28EX%29ICED_%BF%AC%C0%AF%C4%DD%B5%E5%BA%EA%B7%E7.png?type=f220_220_60_sharpen
이디야커피 시흥한라비발디점,디카페인,디카페인 (L)ICED 이브이 버터스카치슈페너,4400,달콤하고 고소한 버터스카치 크림을 듬뿍 올려 한 모금마다 부드럽고 진한 풍미를 느낄 수 있는 아인슈페너 음료,,https://naverbooking-phinf.pstatic.net/20260326_265/1774484493844hLCxW_PNG/image.png?type=f220_220_60_sharpen
이디야커피 시흥한라비발디점,디카페인,디카페인 (EX)ICED 이브이 버터스카치슈페너,5600,달콤하고 고소한 버터스카치 크림을 듬뿍 올려 한 모금마다 부드럽고 진한 풍미를 느낄 수 있는 아인슈페너 음료,,https://naverbooking-phinf.pstatic.net/20260326_127/1774484524870mWfeo_PNG/image.png?type=f220_220_60_sharpen
이디야커피 시흥한라비발디점,디카페인,디카페인 (L)ICED 에스프레소 코코넛,5200,달지 않고 담백하게 즐길 수 있는 디카페인 커피로 코코넛밀크 원료 본연의 자연스러운 단맛이 감칠맛을 더해주는 제품,,https://naverbooking-phinf.pstatic.net/20260601_220/1780279861495yD0cP_PNG/image.png?type=f220_220_60_sharpen
이디야커피 시흥한라비발디점,디카페인,디카페인 (L)HOT 에스프레소 코코넛,5200,달지 않고 담백하게 즐길 수 있는 디카페인 커피로 코코넛밀크 원료 본연의 자연스러운 단맛이 감칠맛을 더해주는 제품,,https://naverbooking-phinf.pstatic.net/20260601_128/1780279870364HhNDw_PNG/image.png?type=f220_220_60_sharpen
이디야커피 시흥한라비발디점,디카페인,디카페인 (EX)ICED 에스프레소 코코넛,6400,달지 않고 담백하게 즐길 수 있는 디카페인 커피로 코코넛밀크 원료 본연의 자연스러운 단맛이 감칠맛을 더해주는 제품,,https://naverbooking-phinf.pstatic.net/20260601_93/1780279957671hfAzN_PNG/image.png?type=f220_220_60_sharpen
이디야커피 시흥한라비발디점,디카페인,디카페인 (EX)HOT 에스프레소 코코넛,6400,달지 않고 담백하게 즐길 수 있는 디카페인 커피로 코코넛밀크 원료 본연의 자연스러운 단맛이 감칠맛을 더해주는 제품,,https://naverbooking-phinf.pstatic.net/20260601_54/1780279887843nMekD_PNG/image.png?type=f220_220_60_sharpen
이디야커피 시흥한라비발디점,빙수,컵 팥절빙,4900,"얼음의 아삭함, 팥의 달콤함, 미니인절미의 쫀득함을 동시에 느낄 수 있는 핸디 팥빙수",,https://naverbooking-phinf.pstatic.net/20260430_84/1777507906436o8xUG_PNG/image.png?type=f220_220_60_sharpen
이디야커피 시흥한라비발디점,빙수,컵 망코빙,4900,"상단엔 망고와 그래놀라를 빙수화 함께, 하단은 코코넛 밀크의 밀키함을 더한 망고 빙수",,https://naverbooking-phinf.pstatic.net/20260430_240/1777507954111Egmz1_PNG/image.png?type=f220_220_60_sharpen
이디야커피 시흥한라비발디점,빙수,컵 두초빙,5900,"상단엔 초코쉘과 카다이프의 바삭한 식감을, 하단엔 크림의 부드러움을 더한 피스타치오 빙수",,https://naverbooking-phinf.pstatic.net/20260430_160/1777507989774o6snC_PNG/image.png?type=f220_220_60_sharpen
이디야커피 시흥한라비발디점,빙수,접시 팥절빙,12800,"쫄깃한 미니 인절미, 달콤한 팥, 고소한 곡물이 조화로운 팥인절미 빙수",,https://naverbooking-phinf.pstatic.net/20260430_250/1777508332273YOrSy_PNG/image.png?type=f220_220_60_sharpen
이디야커피 시흥한라비발디점,빙수,접시 망코빙,12800,"망고, 코코넛 그래놀라의 식감에 바닐라 아이스크림으로 풍성함을 더한 망고 코코넛 빙수",,https://naverbooking-phinf.pstatic.net/20260430_267/1777508358098tLU6t_PNG/image.png?type=f220_220_60_sharpen
이디야커피 시흥한라비발디점,빙수,접시 두초빙,13800,"초코쉘에 카다이프, 초콜릿칩, 쿠키분태로 크런치한 식감을 더한 두바이스타일 초콜릿 빙수",,https://naverbooking-phinf.pstatic.net/20260430_174/1777508389565xbusg_PNG/image.png?type=f220_220_60_sharpen
이디야커피 시흥한라비발디점,빙수,팥인절미 1인빙수,6900,아삭하고 시원한 얼음에 달달한 팥을 더한 베이스에 쫄깃한 미니 인절미와 크런치한 콘후레이크를 더한 1인 팥빙수,,https://naverbooking-phinf.pstatic.net/20260601_236/1780281690200OLViU_PNG/image.png?type=f220_220_60_sharpen
이디야커피 시흥한라비발디점,빙수,더블베리 요거트 빙수,6900,아삭한 얼음에 새콤한 요거트를 더한 베이스에 달콤한 딸기베이스와 블루베리를 함께 즐길 수 있는 새콤달콤 1인 요거트 빙수,,https://naverbooking-phinf.pstatic.net/20260601_127/1780281935401fvxUf_PNG/image.png?type=f220_220_60_sharpen
이디야커피 시흥한라비발디점,베이커리,허니 카라멜 브레드,5600,"은은한 시나몬과 진한 카라멜 코팅이 된 허니브레드에 휘핑크림을 더해 한결 부드러워진 맛의 허니브레드
(이디야 멤버스 적립 불가)",,https://naverbooking-phinf.pstatic.net/20210415_77/1618465478981j3sYp_PNG/%C7%E3%B4%CF_%C4%AB%B6%F3%B8%E1_%BA%EA%B7%B9%B5%E5.png?type=f220_220_60_sharpen
이디야커피 시흥한라비발디점,베이커리,메이플 넛 브레드,5800,"메이플 향이 풍부한 브레드에 풍성한 휘핑크림과 몸에 좋은 호두와 아몬드가 더해진 중독성 강한 허니브레드
(이디야 멤버스 적립 불가)",,https://naverbooking-phinf.pstatic.net/20210415_37/161846546340333fRL_PNG/%B8%DE%C0%CC%C7%C3%B3%D3%BA%EA%B7%B9%B5%E5.png?type=f220_220_60_sharpen
이디야커피 시흥한라비발디점,베이커리,대파베이컨 크림치즈 베이글,4800,치즈가 토핑된 베이글에 대파에 베이컨이 들어간 크림치즈를 발라서 부드럽고 깔끔한 맛으로 음료와 잘 어울리는 제품 (이디야 멤버스 적립 불가),,https://naverbooking-phinf.pstatic.net/20230817_196/1692230368123shS2a_PNG/%B4%EB%C6%C4%BA%A3%C0%CC%C4%C1_%C5%A9%B8%B2%C4%A1%C1%EE_%BA%A3%C0%CC%B1%DB_.png?type=f220_220_60_sharpen
이디야커피 시흥한라비발디점,베이커리,크루아상,3500,"프랑스산 버터를 듬뿍 넣어 롤링한 크루아상으로 특유의 고소함과 담백함을 풍부하게 느낄 수 있음
(이디야 멤버스 적립 불가)",,https://naverbooking-phinf.pstatic.net/20210415_265/1618465406477f7kts_PNG/%C5%A9%B7%E7%BE%C6%BB%F3.png?type=f220_220_60_sharpen
이디야커피 시흥한라비발디점,베이커리,플레인 와플,3000,"담백하고 쫄깃한 그대로를 즐길 수 있는 정통 벨기에 와플
(이디야 멤버스 적립 불가)",,https://naverbooking-phinf.pstatic.net/20211203_136/16385111726197Xj6q_PNG/2019%BF%CD%C7%C3%B8%AE%B4%BA%BE%F3_%B8%DE%C0%CC%C7%C3.png?type=f220_220_60_sharpen
이디야커피 시흥한라비발디점,베이커리,크림치즈 와플,3900,"와플과 함께 고소하고 진한 크림치즈의 풍미를 더해 더욱 깊은 맛을 즐길 수 있는 메뉴
(이디야 멤버스 적립 불가)",,https://naverbooking-phinf.pstatic.net/20240227_41/1708992117961yDGgQ_PNG/%C5%A9%B8%B2%C4%A1%C1%EE%BF%CD%C7%C3%28NEW%29_1280x960.png?type=f220_220_60_sharpen
이디야커피 시흥한라비발디점,베이커리,생크림 와플,3200,"쫄깃한 와플과 생크림의 달콤함을 함께 즐길 수 있는 메뉴
(이디야 멤버스 적립 불가)",,https://naverbooking-phinf.pstatic.net/20211203_136/1638511196034Y2AQ0_PNG/2019%BF%CD%C7%C3%B8%AE%B4%BA%BE%F3_%BB%FD%C5%A9%B8%B2.png?type=f220_220_60_sharpen
이디야커피 시흥한라비발디점,베이커리,메이플 와플,3500,"고소한 와플과 달콤한 메이플 향이 입안 가득 은은하게 퍼지는 메뉴
(이디야 멤버스 적립 불가)",,https://naverbooking-phinf.pstatic.net/20210415_44/1618465531758LRugA_PNG/2019%BF%CD%C7%C3%B8%AE%B4%BA%BE%F3_%B8%DE%C0%CC%C7%C3.png?type=f220_220_60_sharpen
이디야커피 시흥한라비발디점,베이커리,프레즐,3000,"따뜻하게 데우면 프레즐 속 숨어있던 달콤한 크림치즈가 녹으면서 부드러운 향이 살아나는 이디야의 대표 인기메뉴
(이디야 멤버스 적립 불가)",,https://naverbooking-phinf.pstatic.net/20210226_20/1614321184559sAWvy_JPEG/17.%C7%C1%B7%B9%C1%F1.jpg?type=f220_220_60_sharpen
이디야커피 시흥한라비발디점,베이커리,플레인 베이글,3000,"더 커지고, 더 쫀쫀해져서 크림치즈와 함께 먹으면 더욱 맛있는 베이글
(이디야 멤버스 적립 불가)",,https://naverbooking-phinf.pstatic.net/20240227_269/1708992310624zFvcA_PNG/%C7%C3%B7%B9%C0%CE_%BA%A3%C0%CC%B1%DB%28NEW%29_1280x960.png?type=f220_220_60_sharpen
이디야커피 시흥한라비발디점,베이커리,크로크무슈,4800,"햄과 치즈가 들어있어 담백하고 고소한 맛을 즐길 수 있는, 한 끼 식사 대용으로 좋은 제품
(이디야 멤버스 적립 불가)",,https://naverbooking-phinf.pstatic.net/20210415_267/1618465543799qrqAj_PNG/%C5%A9%B7%CE%C5%A9%B9%AB%BD%B4.png?type=f220_220_60_sharpen
이디야커피 시흥한라비발디점,베이커리,플레인 크로플,3300,크루아상을 와플모양으로 찍어만든 크로플 위에 메이플 시럽과 슈가파우더가 올라간 기본 타입 크로플 (이디야 멤버스 적립 불가),,https://naverbooking-phinf.pstatic.net/20211203_120/1638511986760jfMia_PNG/%C7%C3%B7%B9%C0%CE%C5%A9%B7%CE%C7%C3_%B9%E8%B9%CE%C6%F7%BD%BA%C6%C3%BF%EB.png?type=f220_220_60_sharpen
이디야커피 시흥한라비발디점,베이커리,매콤 로제 구운 주먹밥,2300,매콤하고 부드러운 로제 떡볶이 양념과 부드러운 모짜렐라 치즈가 잘 어우러진 구운 주먹밥 (이디야 멤버스 적립 불가),,https://ldb-phinf.pstatic.net/20211111_60/1636590361901PraaG_PNG/%B8%C5%C4%DE_%B7%CE%C1%A6_%B1%B8%BF%EE_%C1%D6%B8%D4%B9%E4.png?type=f220_220_60_sharpen
이디야커피 시흥한라비발디점,베이커리,까르보나라 구운 주먹밥,2300,까르보나라소스와 베이컨이 부드러운 모짜렐라 치즈와 잘 어우러진 구운 주먹밥 (이디야 멤버스 적립 불가),,https://ldb-phinf.pstatic.net/20211111_123/1636590674009l0upe_PNG/%B1%EE%B8%A3%BA%B8%B3%AA%B6%F3_%B1%B8%BF%EE_%C1%D6%B8%D4%B9%E4.png?type=f220_220_60_sharpen
이디야커피 시흥한라비발디점,베이커리,쌍쌍 츄로스,2500,바삭한 식감을 가진 츄로스에 시나몬슈가로 마무리한 제품 (이디야 멤버스 적립 불가),,https://ldb-phinf.pstatic.net/20220222_207/1645487434494X3v4i_JPEG/%BD%D6%BD%D6%C3%F2%B7%CE%BD%BA_%B4%A9%B3%A2%C0%CC%B9%CC%C1%F6.jpg?type=f220_220_60_sharpen
이디야커피 시흥한라비발디점,베이커리,버터 팬케이크,4500,버터가 올라간 부드러운 팬케이크 위에 달콤한 메이플시럽을 부어서 음료 등과 가볍게 먹기 좋은 제품 (이디야 멤버스 적립 불가),,https://naverbooking-phinf.pstatic.net/20230704_166/1688428799380LRm8O_PNG/%B9%F6%C5%CD%C6%D2%C4%C9%C0%CC%C5%A9_.png?type=f220_220_60_sharpen
이디야커피 시흥한라비발디점,베이커리,FOURB 무화과 크림치즈 베이글,4800,부드러운 올리브 베이글에 달콤한 무화과 크림치즈가 조화를 이루는 베이글,,https://naverbooking-phinf.pstatic.net/20250624_12/175072473646698g6G_PNG/FOURB_%B9%AB%C8%AD%B0%FA_%C5%A9%B8%B2%C4%A1%C1%EE_%BA%A3%C0%CC%B1%DB.png?type=f220_220_60_sharpen
이디야커피 시흥한라비발디점,베이커리,FOURB 블루베리 크림치즈 베이글,4800,부드러운 올리브 베이글에 새콤달콤한블루베리 크림치즈가 조화를 이루는 베이글,,https://naverbooking-phinf.pstatic.net/20250624_131/1750724847913bomBS_PNG/FOURB_%BA%ED%B7%E7%BA%A3%B8%AE_%C5%A9%B8%B2%C4%A1%C1%EE_%BA%A3%C0%CC%B1%DB.png?type=f220_220_60_sharpen
이디야커피 시흥한라비발디점,베이커리,저당 제육 단백브리또,4700,매콤 달콤한 저당 제육 소스로 건강하게 즐길 수 있는 브리또,,https://naverbooking-phinf.pstatic.net/20251021_8/1761014005946wM79V_PNG/%C0%FA%B4%E7_%C1%A6%C0%B0_%B4%DC%B9%E9%BA%EA%B8%AE%B6%C7.png?type=f220_220_60_sharpen
이디야커피 시흥한라비발디점,베이커리,저당 찜닭 단백브리또,4700,매콤하고 감칠맛이 특징인 저당 찜닭 소스로 건간하게 즐길 수 있는 브리또,,https://naverbooking-phinf.pstatic.net/20251021_160/1761014054060MK5Md_PNG/%C0%FA%B4%E7_%C2%F2%B4%DF_%B4%DC%B9%E9%BA%EA%B8%AE%B6%C7.png?type=f220_220_60_sharpen
이디야커피 시흥한라비발디점,베이커리,연유뿌린 버터떡(1개),2500,"차갑게 먹으면 쫀득한 식감이 살아나고, 따뜻하게 데워 먹으면 버터 풍미가 진하게 느껴져 취향에 따라 다르게 즐길 수 있는 디저트",,https://naverbooking-phinf.pstatic.net/20260226_223/1772066475096Qbpv2_PNG/%B9%F6%C5%CD%C2%CB%B5%E6%B8%F0%C2%EE_%B9%AB%C0%CE%C1%D6%B9%AE%B1%E2.png?type=f220_220_60_sharpen
이디야커피 시흥한라비발디점,베이커리,치즈품은 버터떡(1개),2500,"차갑게 먹으면 쫀득한 식감이 살아나고,따뜻하게 데워 먹으면 고소한 치즈와 버터 풍미가 어우러져 취향에 따라 다르게 즐길 수 있는 디저트",,https://naverbooking-phinf.pstatic.net/20260428_206/1777338203659d3twB_PNG/image.png?type=f220_220_60_sharpen
이디야커피 시흥한라비발디점,베이커리,레몬쏙쏙 모찌떡,2700,레몬의 상큼한 풍미를 살리고 쫀득한 떡 식감과 오독오독한 화이트 초콜릿 코팅이 어우러져 씹는 재미가 있는 제품,,https://naverbooking-phinf.pstatic.net/20260326_209/1774484696229fRjny_PNG/image.png?type=f220_220_60_sharpen
이디야커피 시흥한라비발디점,베이커리,청포도쏙쏙 모찌떡,2700,청포도의 상큼한 풍미를 살리고 쫀득한 떡 식감과 오독오독한 화이트 초콜릿 코팅이 어우러져 씹는 재미가 있는 제품,,https://naverbooking-phinf.pstatic.net/20260326_223/1774484723498I4lne_PNG/image.png?type=f220_220_60_sharpen
이디야커피 시흥한라비발디점,디저트&기타,바스크 치즈 조각케익,5600,진하게 구운 상단과 진한 크림치즈맛의 조각케익,,https://naverbooking-phinf.pstatic.net/20260616_10/1781568460273pw7Qy_PNG/image.png?type=f220_220_60_sharpen
이디야커피 시흥한라비발디점,디저트&기타,우유생크림 조각케익,5000,신선한 우유생크림이 들어가서 더욱 부드럽고 고소한 맛이 특징인 조각케익,,https://naverbooking-phinf.pstatic.net/20240604_178/17174728634116pjsL_PNG/%BF%EC%C0%AF%BB%FD%C5%A9%B8%B2%C4%C9%C0%CD_1280x960.png?type=f220_220_60_sharpen
이디야커피 시흥한라비발디점,디저트&기타,초코생크림 조각케익,5000,진한 초콜릿 생크림으로 달콤하고 고소한 초콜릿의 맛이 특징인 조각케익,,https://naverbooking-phinf.pstatic.net/20240604_132/1717472871828HOceg_PNG/%C3%CA%C4%DA%BB%FD%C5%A9%B8%B2%C4%C9%C0%CD_1280x960.png?type=f220_220_60_sharpen
이디야커피 시흥한라비발디점,디저트&기타,초코티라미수 조각케익,5000,초콜릿과 진한 크림치즈 맛을 조화롭게 느낄 수 있는 티라미수 조각케익,,https://naverbooking-phinf.pstatic.net/20240604_153/1717472892098IAn93_PNG/%C3%CA%C4%DA%C6%BC%B6%F3%B9%CC%BC%F6%C4%C9%C0%CD_1280x960.png?type=f220_220_60_sharpen
이디야커피 시흥한라비발디점,디저트&기타,수플레 치즈 조각케익,5000,치즈 고유의 부드러움과 촉촉함이 살아있는 조각케익,,https://naverbooking-phinf.pstatic.net/20240604_212/1717472912579UYBz2_PNG/%BC%F6%C7%C3%B7%B9%C4%A1%C1%EE%C4%C9%C0%CD_1280x960.png?type=f220_220_60_sharpen
이디야커피 시흥한라비발디점,디저트&기타,데블스 초코 조각케익,5000,진한 초콜릿과 코코아 시트로 만든 초콜릿 조각케익,,https://naverbooking-phinf.pstatic.net/20240604_263/1717472991548ohpq7_PNG/%B5%A5%BA%ED%BD%BA%C3%CA%C4%DA%C4%C9%C0%CD_1280x960.png?type=f220_220_60_sharpen
이디야커피 시흥한라비발디점,디저트&기타,스노우쿠키슈,2500,"부드럽고 시원한 크림과 바삭한 쿠키가 조화로운 이디야 디저트
(이디야 멤버스 적립 불가)",,https://naverbooking-phinf.pstatic.net/20210415_91/1618465713227uMXot_PNG/%BD%BA%B3%EB%BF%EC%C4%ED%C5%B0%BD%B4_%B5%CE%B0%B3_copy.png?type=f220_220_60_sharpen
이디야커피 시흥한라비발디점,디저트&기타,이너츠,1400,"매일 간편하게 즐기는 이디야의 견과류
(이디야 멤버스 적립 불가)",,https://naverbooking-phinf.pstatic.net/20240415_289/1713145073928o9XnB_PNG/%C0%CC%B5%F0%BE%DF%C0%CC%B3%CA%C3%F7_1280x960.png?type=f220_220_60_sharpen
이디야커피 시흥한라비발디점,디저트&기타,떠먹는 티라미수,5200,진한 에스프레소 시럽에 부드러운 크림과 코코아파우더를 토핑한 티라미수 케이크,,https://naverbooking-phinf.pstatic.net/20250225_123/1740467269943bqPJQ_PNG/%B6%B0%B8%D4%B4%C2_%C6%BC%B6%F3%B9%CC%BC%F6_%C4%C9%C0%CC%C5%A9_1280x960.png?type=f220_220_60_sharpen
이디야커피 시흥한라비발디점,디저트&기타,플레인 치즈스틱케익,2600,"부드러운 크림치즈 본연의 맛이 잘 느껴지는, 먹기 간편한 스틱형태 케익",,https://naverbooking-phinf.pstatic.net/20240628_295/1719537365448MEM7o_PNG/%C7%C3%B7%B9%C0%CE_%C4%A1%C1%EE%BD%BA%C6%BD%C4%C9%C0%CD_1280x960.png?type=f220_220_60_sharpen
이디야커피 시흥한라비발디점,디저트&기타,초코 치즈스틱케익,2600,달콤한 초콜릿과 부드러운 크림치즈가 조화롭게 어우러지는 스틱형태 케익,,https://naverbooking-phinf.pstatic.net/20240628_43/1719537386421WPU1b_PNG/%C3%CA%C4%DA_%C4%A1%C1%EE%BD%BA%C6%BD%C4%C9%C0%CD_1280x960.png?type=f220_220_60_sharpen
이디야커피 시흥한라비발디점,디저트&기타,초콜릿청크 쿠키,2500,초콜릿칩이 씹히는 진하고 부드러운 쿠키,,https://naverbooking-phinf.pstatic.net/20250225_204/1740467210211cws2o_PNG/%C3%CA%C4%DD%B8%B4%C3%BB%C5%A9_%C4%ED%C5%B0_1280x960.png?type=f220_220_60_sharpen
이디야커피 시흥한라비발디점,디저트&기타,화이트초코 마카다미아 쿠키,2500,마카다미아넛의 고소함과 화이트초콜릿의 달콤함이 조화를 이루는 쿠키,,https://naverbooking-phinf.pstatic.net/20250225_199/1740467240574mKLdc_PNG/%C8%AD%C0%CC%C6%AE%C3%CA%C4%DA_%B8%B6%C4%AB%B4%D9%B9%CC%BE%C6%C4%ED%C5%B0_1280x960.png?type=f220_220_60_sharpen
이디야커피 시흥한라비발디점,아이스티,(L)ICED 복숭아아이스티,3200,홍차의 깊은 맛과 풍부한 복숭아 향이 어우러진 달콤한 여름철 인기 음료,,https://naverbooking-phinf.pstatic.net/20251215_105/1765765449540jyGej_PNG/%28L%29ICED_%BA%B9%BC%FE%BE%C6_%BE%C6%C0%CC%BD%BA%C6%BC.png?type=f220_220_60_sharpen
이디야커피 시흥한라비발디점,아이스티,(EX)ICED 복숭아아이스티,4200,홍차의 깊은 맛과 풍부한 복숭아 향이 어우러진 달콤한 여름철 인기 음료,,https://naverbooking-phinf.pstatic.net/20251215_195/1765765753684pte0z_PNG/%28EX%29ICED_%BA%B9%BC%FE%BE%C6_%BE%C6%C0%CC%BD%BA%C6%BC.png?type=f220_220_60_sharpen
이디야커피 시흥한라비발디점,아이스티,(L)ICED 제로슈가아이스티복숭아,3200,홍차의 깊은 맛과 풍부한 복숭아 향이 어우러진 달콤한 여름철 인기 음료/대체당(에리스리톨 등)은 개인의 체질에 따라 과다 섭취 시 복통 및 설사 등을 유발할 수 있습니다.,,https://naverbooking-phinf.pstatic.net/20251215_116/1765765458447Ex7hz_PNG/%28L%29ICED_%C1%A6%B7%CE%BD%B4%B0%A1_%BA%B9%BC%FE%BE%C6_%BE%C6%C0%CC%BD%BA%C6%BC.png?type=f220_220_60_sharpen
이디야커피 시흥한라비발디점,아이스티,(EX)ICED 제로슈가아이스티복숭아,4200,홍차의 깊은 맛과 풍부한 복숭아 향이 어우러진 달콤한 여름철 인기 음료/대체당(에리스리톨 등)은 개인의 체질에 따라 과다 섭취 시 복통 및 설사 등을 유발할 수 있습니다.,,https://naverbooking-phinf.pstatic.net/20251215_122/1765765760593PgKLS_PNG/%28EX%29ICED_%C1%A6%B7%CE%BD%B4%B0%A1_%BA%B9%BC%FE%BE%C6_%BE%C6%C0%CC%BD%BA%C6%BC.png?type=f220_220_60_sharpen
이디야커피 시흥한라비발디점,아이스티,(L)ICED 아샷추복숭아,3700,홍차의 깊은 맛과 풍부한 복숭아 향이 어우러진 아이스티에 이디야 에스프레소가 어우러진 음료,,https://naverbooking-phinf.pstatic.net/20251215_180/1765765515131BaODL_PNG/%28L%29ICED_%BE%C6%BC%A6%C3%DF%BA%B9%BC%FE%BE%C6.png?type=f220_220_60_sharpen
이디야커피 시흥한라비발디점,아이스티,(EX)ICED 아샷추복숭아,4700,홍차의 깊은 맛과 풍부한 복숭아 향이 어우러진 아이스티에 이디야 에스프레소가 어우러진 음료,,https://naverbooking-phinf.pstatic.net/20251215_6/1765765773436ee93A_PNG/%28EX%29ICED_%BE%C6%BC%A6%C3%DF_%BA%B9%BC%FE%BE%C6.png?type=f220_220_60_sharpen
이디야커피 시흥한라비발디점,아이스티,(L)ICED 아망추복숭아,4200,홍차의 깊은 맛과 풍부한 복숭아 향이 어우러진 아이스티에 달콤 망고가 올라가 더욱 달콤하게 즐길 수 잇는 음료,,https://naverbooking-phinf.pstatic.net/20251215_60/1765765543497oLqMB_PNG/%28L%29ICED_%BE%C6%B8%C1%C3%DF%28%BA%B9%BC%FE%BE%C6%29.png?type=f220_220_60_sharpen
이디야커피 시흥한라비발디점,아이스티,(EX)ICED 아망추복숭아,5200,홍차의 깊은 맛과 풍부한 복숭아 향이 어우러진 아이스티에 달콤 망고가 올라가 더욱 달콤하게 즐길 수 잇는 음료,,https://naverbooking-phinf.pstatic.net/20251215_264/1765765793590aMYnG_PNG/%28EX%29ICED_%BE%C6%B8%C1%C3%DF%28%BA%B9%BC%FE%BE%C6%29.png?type=f220_220_60_sharpen
이디야커피 시흥한라비발디점,아이스티,(L)ICED 레몬아이스티,3200,입안 가득 상큼한 레몬향이 퍼지는 새콤달콤한 맛의 아이스티,,https://naverbooking-phinf.pstatic.net/20251215_139/1765765440247949U1_PNG/%28L%29ICED_%B7%B9%B8%F3_%BE%C6%C0%CC%BD%BA%C6%BC.png?type=f220_220_60_sharpen
이디야커피 시흥한라비발디점,아이스티,(EX)ICED 레몬아이스티,4200,입안 가득 상큼한 레몬향이 퍼지는 새콤달콤한 맛의 아이스티,,https://naverbooking-phinf.pstatic.net/20251215_180/1765765746816aUVDb_PNG/%28EX%29ICED_%B7%B9%B8%F3_%BE%C6%C0%CC%BD%BA%C6%BC.png?type=f220_220_60_sharpen
이디야커피 시흥한라비발디점,아이스티,(L)ICED 제로슈가아샷추복숭아,3700,홍차의 깊은 맛과 풍부한 복숭아 향이 어우러진 아이스티에 이디야 에스프레소가 어우러진 음료/대체당(에리스리톨 등)은 개인의 체질에 따라 과다 섭취 시 복통 및 설사 등을 유발할 수 있습니다.,,https://naverbooking-phinf.pstatic.net/20251215_22/17657655320675x4rd_PNG/%28L%29ICED_%C1%A6%B7%CE%BD%B4%B0%A1_%BE%C6%BC%A6%C3%DF%BA%B9%BC%FE%BE%C6.png?type=f220_220_60_sharpen
이디야커피 시흥한라비발디점,아이스티,(EX)ICED 제로슈가아샷추복숭아,4700,홍차의 깊은 맛과 풍부한 복숭아 향이 어우러진 아이스티에 이디야 에스프레소가 어우러진 음료/대체당(에리스리톨 등)은 개인의 체질에 따라 과다 섭취 시 복통 및 설사 등을 유발할 수 있습니다.,,https://naverbooking-phinf.pstatic.net/20251215_134/1765765785944x8uzV_PNG/%28EX%29ICED_%C1%A6%B7%CE%BD%B4%B0%A1_%BE%C6%BC%A6%C3%DF_%BA%B9%BC%FE%BE%C6.png?type=f220_220_60_sharpen
이디야커피 시흥한라비발디점,논커피,(L)ICED 미숫가루,3900,고소한 곡물의 풍미와 부드러운 우유가 조화된 한국 전통 음료,,https://naverbooking-phinf.pstatic.net/20251215_172/1765769171852IR3VE_PNG/%28L%29ICED_%B9%CC%BC%FD%B0%A1%B7%E7%B6%F3%B6%BC.png?type=f220_220_60_sharpen
이디야커피 시흥한라비발디점,논커피,(L)HOT 미숫가루,3900,고소한 곡물의 풍미와 부드러운 우유가 조화된 한국 전통 음료,,https://naverbooking-phinf.pstatic.net/20251215_227/1765769265969A06tf_PNG/%28L%29HOT_%B9%CC%BC%FD%B0%A1%B7%E7%B6%F3%B6%BC.png?type=f220_220_60_sharpen
이디야커피 시흥한라비발디점,논커피,(EX)ICED 미숫가루,5100,고소한 곡물의 풍미와 부드러운 우유가 조화된 한국 전통 음료,,https://naverbooking-phinf.pstatic.net/20251215_64/1765769320554tBw2P_PNG/%28EX%29ICED_%B9%CC%BC%FD%B0%A1%B7%E7%B6%F3%B6%BC.png?type=f220_220_60_sharpen
이디야커피 시흥한라비발디점,논커피,(EX)HOT 미숫가루,5100,고소한 곡물의 풍미와 부드러운 우유가 조화된 한국 전통 음료,,https://naverbooking-phinf.pstatic.net/20251215_247/1765773874770XvNiS_PNG/%28EX%29HOT_%B9%CC%BC%FD%B0%A1%B7%E7%B6%F3%B6%BC.png?type=f220_220_60_sharpen
이디야커피 시흥한라비발디점,논커피,(L)ICED 흑당라떼,3900,진하고 달콤한 흑당과 고소한 우유가 어우러진 논커피 음료,,https://naverbooking-phinf.pstatic.net/20251215_111/1765769177695R7Wsr_PNG/%28L%29ICED_%C8%E6%B4%E7%B6%F3%B6%BC.png?type=f220_220_60_sharpen
이디야커피 시흥한라비발디점,논커피,(EX)ICED 흑당라떼,5100,진하고 달콤한 흑당과 고소한 우유가 어우러진 논커피 음료,,https://naverbooking-phinf.pstatic.net/20251215_244/1765769330088bGXT5_PNG/%28EX%29ICED_%C8%E6%B4%E7%B6%F3%B6%BC.png?type=f220_220_60_sharpen
이디야커피 시흥한라비발디점,논커피,(L)ICED 초콜릿,4200,"진한 모카시럽과 부드러운 우유, 그리고 달콤한 휘핑크림의 삼박자가 조화를 이루는 음료",,https://naverbooking-phinf.pstatic.net/20251215_251/17657691842601V0XW_PNG/%28L%29ICED_%C3%CA%C4%DD%B8%B4.png?type=f220_220_60_sharpen
이디야커피 시흥한라비발디점,논커피,(L)HOT 초콜릿,4200,"진한 모카시럽과 부드러운 우유, 그리고 달콤한 휘핑크림의 삼박자가 조화를 이루는 음료",,https://naverbooking-phinf.pstatic.net/20251215_33/17657692761734QIl7_PNG/%28L%29HOT_%C3%CA%C4%DD%B8%B4.png?type=f220_220_60_sharpen
이디야커피 시흥한라비발디점,논커피,(EX)ICED 초콜릿,5400,"진한 모카시럽과 부드러운 우유, 그리고 달콤한 휘핑크림의 삼박자가 조화를 이루는 음료",,https://naverbooking-phinf.pstatic.net/20251215_54/1765769337138ia5vx_PNG/%28EX%29ICED_%C3%CA%C4%DD%B8%B4.png?type=f220_220_60_sharpen
이디야커피 시흥한라비발디점,논커피,(EX)HOT 초콜릿,5400,"진한 모카시럽과 부드러운 우유, 그리고 달콤한 휘핑크림의 삼박자가 조화를 이루는 음료",,https://naverbooking-phinf.pstatic.net/20251215_120/1765773895512zkiRV_PNG/%28EX%29HOT_%C3%CA%C4%DD%B8%B4.png?type=f220_220_60_sharpen
이디야커피 시흥한라비발디점,논커피,(L)ICED 달고나라떼,4200,"달콤한 달고나와 우유가 조화롭게 어우러져, 달고나 분태의 바삭한 식감과 함께 즐길 수 있는 제품",,https://naverbooking-phinf.pstatic.net/20251215_118/1765769190305cDbUG_PNG/%28L%29ICED_%B4%DE%B0%ED%B3%AA%B6%F3%B6%BC.png?type=f220_220_60_sharpen
이디야커피 시흥한라비발디점,논커피,(EX)ICED 달고나라떼,5400,"달콤한 달고나와 우유가 조화롭게 어우러져, 달고나 분태의 바삭한 식감과 함께 즐길 수 있는 제품",,https://naverbooking-phinf.pstatic.net/20251215_136/1765769343425IObX4_PNG/%28EX%29ICED_%B4%DE%B0%ED%B3%AA%B6%F3%B6%BC.png?type=f220_220_60_sharpen
이디야커피 시흥한라비발디점,논커피,(L)ICED 고구마라떼,4500,고구마를 활용하여 달콤하고 고소한 고구마의 풍미가 진하게 느껴지는 음료,,https://naverbooking-phinf.pstatic.net/20251215_259/1765769195523tAJuz_PNG/%28L%29ICED_%B0%ED%B1%B8%B8%B6%B6%F3%B6%BC.png?type=f220_220_60_sharpen
이디야커피 시흥한라비발디점,논커피,(L)HOT 고구마라떼,4500,고구마를 활용하여 달콤하고 고소한 고구마의 풍미가 진하게 느껴지는 음료,,https://naverbooking-phinf.pstatic.net/20251215_50/1765769283425OrWFJ_PNG/%28L%29HOT_%B0%ED%B1%B8%B8%B6%B6%F3%B6%BC.png?type=f220_220_60_sharpen
이디야커피 시흥한라비발디점,논커피,(EX)ICED 고구마라떼,5700,고구마를 활용하여 달콤하고 고소한 고구마의 풍미가 진하게 느껴지는 음료,,https://naverbooking-phinf.pstatic.net/20251215_98/1765769348991Wr3nD_PNG/%28EX%29ICED_%B0%ED%B1%B8%B8%B6%B6%F3%B6%BC.png?type=f220_220_60_sharpen
이디야커피 시흥한라비발디점,논커피,(EX)HOT 고구마라떼,5700,고구마를 활용하여 달콤하고 고소한 고구마의 풍미가 진하게 느껴지는 음료,,https://naverbooking-phinf.pstatic.net/20251215_221/1765773901849SeLR5_PNG/%28EX%29HOT_%B0%ED%B1%B8%B8%B6%B6%F3%B6%BC.png?type=f220_220_60_sharpen
이디야커피 시흥한라비발디점,논커피,(L)ICED 말차라떼,4500,진한 말차의 깊은 풍미와 부드러운 우유가 어우러진 달콤쌉쌀한 음료,,https://naverbooking-phinf.pstatic.net/20251215_51/1765769204753CzWrX_PNG/%28L%29ICED_%B8%BB%C2%F7%B6%F3%B6%BC.png?type=f220_220_60_sharpen
이디야커피 시흥한라비발디점,논커피,(L)HOT 말차라떼,4500,진한 말차의 깊은 풍미와 부드러운 우유가 어우러진 달콤쌉쌀한 음료,,https://naverbooking-phinf.pstatic.net/20251215_71/1765769289876IHQ5W_PNG/%28L%29HOT_%B8%BB%C2%F7%B6%F3%B6%BC.png?type=f220_220_60_sharpen
이디야커피 시흥한라비발디점,논커피,(EX)ICED 말차라떼,5700,진한 말차의 깊은 풍미와 부드러운 우유가 어우러진 달콤쌉쌀한 음료,,https://naverbooking-phinf.pstatic.net/20251215_178/1765769356114Unn97_PNG/%28EX%29ICED_%B8%BB%C2%F7%B6%F3%B6%BC.png?type=f220_220_60_sharpen
이디야커피 시흥한라비발디점,논커피,(EX)HOT 말차라떼,5700,진한 말차의 깊은 풍미와 부드러운 우유가 어우러진 달콤쌉쌀한 음료,,https://naverbooking-phinf.pstatic.net/20251215_85/1765773907278ru0bG_PNG/%28EX%29HOT_%B8%BB%C2%F7%B6%F3%B6%BC.png?type=f220_220_60_sharpen
이디야커피 시흥한라비발디점,논커피,(L)ICED 민트초콜릿,4500,상쾌한 민트향이 가득한 진한 초콜렛 위에 달콤한 휘핑크림으로 마무리 한 이디야의 인기메뉴,,https://naverbooking-phinf.pstatic.net/20251215_98/17657692116181sgNt_PNG/%28L%29ICED_%B9%CE%C6%AE%C3%CA%C4%DD%B8%B4.png?type=f220_220_60_sharpen
이디야커피 시흥한라비발디점,논커피,(L)HOT 민트초콜릿,4500,상쾌한 민트향이 가득한 진한 초콜렛 위에 달콤한 휘핑크림으로 마무리 한 이디야의 인기메뉴,,https://naverbooking-phinf.pstatic.net/20251215_36/176576929688624BLS_PNG/%28L%29HOT_%B9%CE%C6%AE%C3%CA%C4%DD%B8%B4.png?type=f220_220_60_sharpen
이디야커피 시흥한라비발디점,논커피,(EX)ICED 민트초콜릿,5700,상쾌한 민트향이 가득한 진한 초콜렛 위에 달콤한 휘핑크림으로 마무리 한 이디야의 인기메뉴,,https://naverbooking-phinf.pstatic.net/20251215_150/1765769361763l5ECO_PNG/%28EX%29ICED_%B9%CE%C6%AE%C3%CA%C4%DD%B8%B4.png?type=f220_220_60_sharpen
이디야커피 시흥한라비발디점,논커피,(EX)HOT 민트초콜릿,5700,상쾌한 민트향이 가득한 진한 초콜렛 위에 달콤한 휘핑크림으로 마무리 한 이디야의 인기메뉴,,https://naverbooking-phinf.pstatic.net/20251215_185/1765773911675tjooO_PNG/%28EX%29HOT_%B9%CE%C6%AE%C3%CA%C4%DD%B8%B4.png?type=f220_220_60_sharpen
이디야커피 시흥한라비발디점,논커피,(L)ICED 토피넛라떼,4500,고소한 아몬드의 맛과 달콤한 코코아가 조화롭게 어우러진 달콤한 음료,,https://naverbooking-phinf.pstatic.net/20251215_149/17657692216448GO56_PNG/%28L%29ICED_%C5%E4%C7%C7%B3%D3%B6%F3%B6%BC.png?type=f220_220_60_sharpen
이디야커피 시흥한라비발디점,논커피,(L)HOT 토피넛라떼,4500,고소한 아몬드의 맛과 달콤한 코코아가 조화롭게 어우러진 달콤한 음료,,https://naverbooking-phinf.pstatic.net/20251215_54/1765769302639eL6cP_PNG/%28L%29HOT_%C5%E4%C7%C7%B3%D3%B6%F3%B6%BC.png?type=f220_220_60_sharpen
이디야커피 시흥한라비발디점,논커피,(EX)ICED 토피넛라떼,5700,고소한 아몬드의 맛과 달콤한 코코아가 조화롭게 어우러진 달콤한 음료,,https://naverbooking-phinf.pstatic.net/20251215_279/1765769368252GvIwu_PNG/%28EX%29ICED_%C5%E4%C7%C7%B3%D3%B6%F3%B6%BC.png?type=f220_220_60_sharpen
이디야커피 시흥한라비발디점,논커피,(EX)HOT 토피넛라떼,5700,고소한 아몬드의 맛과 달콤한 코코아가 조화롭게 어우러진 달콤한 음료,,https://naverbooking-phinf.pstatic.net/20251215_217/1765773919628ADRVK_PNG/%28EX%29HOT_%C5%E4%C7%C7%B3%D3%B6%F3%B6%BC.png?type=f220_220_60_sharpen
이디야커피 시흥한라비발디점,논커피,(L)ICED 화이트초콜릿,4500,부드러운 우유에 달콤한 화이트초콜릿향의 풍미가 조화된 달콤한 음료,,https://naverbooking-phinf.pstatic.net/20251215_218/1765769228904fXlgh_PNG/%28L%29ICED_%C8%AD%C0%CC%C6%AE%C3%CA%C4%DD%B8%B4.png?type=f220_220_60_sharpen
이디야커피 시흥한라비발디점,논커피,(L)HOT 화이트초콜릿,4500,부드러운 우유에 달콤한 화이트초콜릿향의 풍미가 조화된 달콤한 음료,,https://naverbooking-phinf.pstatic.net/20251215_267/1765769308332Jf9g9_PNG/%28L%29HOT_%C8%AD%C0%CC%C6%AE%C3%CA%C4%DD%B8%B4.png?type=f220_220_60_sharpen
이디야커피 시흥한라비발디점,논커피,(EX)ICED 화이트초콜릿,5700,부드러운 우유에 달콤한 화이트초콜릿향의 풍미가 조화된 달콤한 음료,,https://naverbooking-phinf.pstatic.net/20251215_259/1765769377016zW5aP_PNG/%28EX%29ICED_%C8%AD%C0%CC%C6%AE%C3%CA%C4%DD%B8%B4.png?type=f220_220_60_sharpen
이디야커피 시흥한라비발디점,논커피,(EX)HOT 화이트초콜릿,5700,부드러운 우유에 달콤한 화이트초콜릿향의 풍미가 조화된 달콤한 음료,,https://naverbooking-phinf.pstatic.net/20251215_7/1765773925068kHDPk_PNG/%28EX%29HOT_%C8%AD%C0%CC%C6%AE%C3%CA%C4%DD%B8%B4.png?type=f220_220_60_sharpen
이디야커피 시흥한라비발디점,논커피,(L)ICED 딸기듬뿍라떼,4500,달콤한 딸기의 식감과 상큼함을 듬뿍 담은 딸기라떼,,https://naverbooking-phinf.pstatic.net/20251215_206/1765769234573wzISY_PNG/%28L%29ICED_%B5%FE%B1%E2%B5%EB%BB%D2%B6%F3%B6%BC.png?type=f220_220_60_sharpen
이디야커피 시흥한라비발디점,논커피,(EX)ICED 딸기듬뿍라떼,5700,달콤한 딸기의 식감과 상큼함을 듬뿍 담은 딸기라떼,,https://naverbooking-phinf.pstatic.net/20251215_39/1765769387087OEdPI_PNG/%28EX%29ICED_%B5%FE%B1%E2%B5%EB%BB%D2%B6%F3%B6%BC.png?type=f220_220_60_sharpen
이디야커피 시흥한라비발디점,논커피,(L)ICED 딸기초코라떼,4700,달콤한 딸기와 진한 초콜릿이 어우러진 부드럽고 달콤한 라떼,,https://naverbooking-phinf.pstatic.net/20251215_225/1765769241370d14KL_PNG/%28L%29ICED_%B5%FE%B1%E2%C3%CA%C4%DA%B6%F3%B6%BC.png?type=f220_220_60_sharpen
이디야커피 시흥한라비발디점,논커피,(EX)ICED 딸기초코라떼,5900,달콤한 딸기와 진한 초콜릿이 어우러진 부드럽고 달콤한 라떼,,https://naverbooking-phinf.pstatic.net/20251215_280/17657693949390yncc_PNG/%28EX%29ICED_%B5%FE%B1%E2%C3%CA%C4%DA%B6%F3%B6%BC.png?type=f220_220_60_sharpen
이디야커피 시흥한라비발디점,논커피,(L)ICED 말차초코라떼,4700,진한 말차와 달콤한 초콜릿이 어우러져 풍부한 맛의 조화를 느낄 수 있는 음료,,https://naverbooking-phinf.pstatic.net/20251215_167/1765769247948TMyhi_PNG/%28L%29ICED_%B8%BB%C2%F7%C3%CA%C4%DA%B6%F3%B6%BC.png?type=f220_220_60_sharpen
이디야커피 시흥한라비발디점,논커피,(EX)ICED 말차초코라떼,5900,진한 말차와 달콤한 초콜릿이 어우러져 풍부한 맛의 조화를 느낄 수 있는 음료,,https://naverbooking-phinf.pstatic.net/20251215_70/1765769403579O54p8_PNG/%28EX%29ICED_%B8%BB%C2%F7%C3%CA%C4%DA%B6%F3%B6%BC.png?type=f220_220_60_sharpen
이디야커피 시흥한라비발디점,논커피,(L)ICED 버블흑당라떼,5100,진하고 달콤한 흑당에 쫄깃한 버블이 어루어진 논커피 음료,,https://naverbooking-phinf.pstatic.net/20251215_179/17657692554819EKON_PNG/%28L%29ICED_%B9%F6%BA%ED%C8%E6%B4%E7%B6%F3%B6%BC.png?type=f220_220_60_sharpen
이디야커피 시흥한라비발디점,논커피,(EX)ICED 버블흑당라떼,6300,진하고 달콤한 흑당에 쫄깃한 버블이 어루어진 논커피 음료,,https://naverbooking-phinf.pstatic.net/20251215_108/1765769409267Kjvdr_PNG/%28EX%29ICED_%B9%F6%BA%ED%C8%E6%B4%E7%B6%F3%B6%BC.png?type=f220_220_60_sharpen
이디야커피 시흥한라비발디점,논커피,(L)ICED 우베 코코넛,4500,보라색의 청량한 색감으로 시각적 재미를 더하고 우베의 고소한 풍미와 코코넛밀크의 담백함을 함께 즐길 수 있는 제품,,https://naverbooking-phinf.pstatic.net/20260601_88/1780279824765zF4t5_PNG/image.png?type=f220_220_60_sharpen
이디야커피 시흥한라비발디점,논커피,(EX)ICED 우베 코코넛,5700,보라색의 청량한 색감으로 시각적 재미를 더하고 우베의 고소한 풍미와 코코넛밀크의 담백함을 함께 즐길 수 있는 제품,,https://naverbooking-phinf.pstatic.net/20260601_50/1780279830745NoqHt_PNG/image.png?type=f220_220_60_sharpen
이디야커피 시흥한라비발디점,주스,(L)생과일 수박주스,5500,생과일을 그대로 갈아 만들어 청량하고 시원한 수박주스,O,https://naverbooking-phinf.pstatic.net/20260521_16/1779321980194PXBNc_PNG/image.png?type=f220_220_60_sharpen
이디야커피 시흥한라비발디점,주스,(EX)생과일 수박주스,6700,생과일을 그대로 갈아 만들어 청량하고 시원한 수박주스,,https://naverbooking-phinf.pstatic.net/20260521_269/17793220091391Vok1_PNG/image.png?type=f220_220_60_sharpen
이디야커피 시흥한라비발디점,주스,(L)생과일 토마토주스,5500,생과일을 그대로 갈아 만들어 청량하고 시원한 토마토주스,O,https://naverbooking-phinf.pstatic.net/20260521_209/1779322042507VzKFx_PNG/image.png?type=f220_220_60_sharpen
이디야커피 시흥한라비발디점,주스,(EX)생과일 토마토주스,6700,생과일을 그대로 갈아 만들어 청량하고 시원한 토마토주스,,https://naverbooking-phinf.pstatic.net/20260521_13/1779322495125mzb2a_PNG/image.png?type=f220_220_60_sharpen
이디야커피 시흥한라비발디점,주스,(L)딸기주스,4900,"새콤달콤한 딸기 과육을 그대로 담아, 딸기 본연의 풍미를 즐길 수 있는 과일 스무디",,https://naverbooking-phinf.pstatic.net/20250813_255/1755069871946q5HEf_PNG/%B5%FE%B1%E2%BD%BA%B9%AB%B5%F0%28L%29.png?type=f220_220_60_sharpen
이디야커피 시흥한라비발디점,주스,(EX)딸기주스,6100,"새콤달콤한 딸기 과육을 그대로 담아, 딸기 본연의 풍미를 즐길 수 있는 과일 스무디",,https://naverbooking-phinf.pstatic.net/20250813_61/1755069881336TnkWt_PNG/%B5%FE%B1%E2%BD%BA%B9%AB%B5%F0%28E%29.png?type=f220_220_60_sharpen
이디야커피 시흥한라비발디점,주스,(L)망고주스,4900,"부드럽고 진한 달콤함이 살아있는, 망고 본연의 풍미를 즐길 수 있는 과일 스무디",,https://naverbooking-phinf.pstatic.net/20250812_136/1754977982907W2Bn5_PNG/%B8%C1%B0%ED%BD%BA%B9%AB%B5%F0%28L%29.png?type=f220_220_60_sharpen
이디야커피 시흥한라비발디점,주스,(EX)망고주스,6100,"부드럽고 진한 달콤함이 살아있는, 망고 본연의 풍미를 즐길 수 있는 과일 스무디",,https://naverbooking-phinf.pstatic.net/20250812_259/1754978039089J59Oj_PNG/%B8%C1%B0%ED%BD%BA%B9%AB%B5%F0%28E%29.png?type=f220_220_60_sharpen
이디야커피 시흥한라비발디점,주스,(L)블루베리 주스,4900,향긋하고 상큼한 블루베리의 맛을 그대로 담아낸 과일 스무디,,https://naverbooking-phinf.pstatic.net/20250812_182/1754978077650nD1WS_PNG/%BA%ED%B7%E7%BA%A3%B8%AE%BD%BA%B9%AB%B5%F0%28L%29.png?type=f220_220_60_sharpen
이디야커피 시흥한라비발디점,주스,(EX)블루베리 주스,6100,향긋하고 상큼한 블루베리의 맛을 그대로 담아낸 과일 스무디,,https://naverbooking-phinf.pstatic.net/20250812_120/17549781951608bS9j_PNG/%BA%ED%B7%E7%BA%A3%B8%AE%BD%BA%B9%AB%B5%F0%28E%29.png?type=f220_220_60_sharpen
이디야커피 시흥한라비발디점,주스,(L)딸기바나나 주스,5400,딸기의 새콤달콤함과 바나나의 부드러운 달콤함이 어우러진 과일 스무디,,https://naverbooking-phinf.pstatic.net/20250812_218/1754978238149C3GBm_PNG/%B5%FE%B1%E2%B9%D9%B3%AA%B3%AA_%C1%D6%BD%BA_1280x960.png?type=f220_220_60_sharpen
이디야커피 시흥한라비발디점,주스,(EX)딸기바나나 주스,6600,딸기의 새콤달콤함과 바나나의 부드러운 달콤함이 어우러진 과일 스무디,,https://naverbooking-phinf.pstatic.net/20250812_90/1754978278395XnjCf_PNG/%B5%FE%B1%E2%B9%D9%B3%AA%B3%AA%BD%BA%B9%AB%B5%F0%28E%29.png?type=f220_220_60_sharpen
이디야커피 시흥한라비발디점,주스,(L)망고바나나 주스,5400,진한 망고의 풍미에 바나나의 부드러움을 더한 달콤한 과일 스무디,,https://naverbooking-phinf.pstatic.net/20250812_73/17549783383562MYmm_PNG/%B8%C1%B0%ED%B9%D9%B3%AA%B3%AA%BD%BA%B9%AB%B5%F0%28L%29.png?type=f220_220_60_sharpen
이디야커피 시흥한라비발디점,주스,(EX)망고바나나 주스,6600,진한 망고의 풍미에 바나나의 부드러움을 더한 달콤한 과일 스무디,,https://naverbooking-phinf.pstatic.net/20250812_101/175497838414641Cbh_PNG/%B8%C1%B0%ED%B9%D9%B3%AA%B3%AA%BD%BA%B9%AB%B5%F0%28E%29.png?type=f220_220_60_sharpen
이디야커피 시흥한라비발디점,주스,(L)블루베리바나나 주스,5400,상큼한 블루베리와 부드러운 바나나가 조화를 이루는 향긋한 과일 스무디,,https://naverbooking-phinf.pstatic.net/20250812_169/1754978444323OOawB_PNG/%BA%ED%B7%E7%BA%A3%B8%AE%B9%D9%B3%AA%B3%AA%BD%BA%B9%AB%B5%F0%28L%29.png?type=f220_220_60_sharpen
이디야커피 시흥한라비발디점,주스,(EX)블루베리바나나 주스,6600,상큼한 블루베리와 부드러운 바나나가 조화를 이루는 향긋한 과일 스무디,,https://naverbooking-phinf.pstatic.net/20250812_92/1754978496036mwOpE_PNG/%BA%ED%B7%E7%BA%A3%B8%AE%B9%D9%B3%AA%B3%AA%BD%BA%B9%AB%B5%F0%28E%29.png?type=f220_220_60_sharpen
이디야커피 시흥한라비발디점,주스,(L)사과당근 클렌즈 주스,4200,"사과의 상큼함과 당근의 자연스러운 단맛이 어우러진 부담없이 즐기는 클렌즈 주스(비타민A, 비타민C 함유)",,https://naverbooking-phinf.pstatic.net/20250812_4/1754985538764FhMQ7_PNG/%BB%E7%B0%FA%B4%E7%B1%D9%C5%AC%B7%BB%C1%EE%C1%D6%BD%BA%28L%29.png?type=f220_220_60_sharpen
이디야커피 시흥한라비발디점,주스,(EX)사과당근 클렌즈 주스,5400,"사과의 상큼함과 당근의 자연스러운 단맛이 어우러진 부담없이 즐기는 클렌즈 주스(비타민A, 비타민C 함유)",,https://naverbooking-phinf.pstatic.net/20250812_6/1754985601306cF0Da_PNG/%BB%E7%B0%FA%B4%E7%B1%D9%C5%AC%B7%BB%C1%EE%C1%D6%BD%BA%28E%29.png?type=f220_220_60_sharpen
이디야커피 시흥한라비발디점,주스,(L)키위케일샐러리 클렌즈 주스,4200,"키위의 상큼한, 케일의 풍부함, 샐러리의 깔끔한 향이 조화를 이루는 상쾌한 클렌즈 주스(프로바이오틱스 함유)",,https://naverbooking-phinf.pstatic.net/20250812_202/1754985652287w5Pos_PNG/%C5%B0%C0%A7%C4%C9%C0%CF%BB%F8%B7%AF%B8%AE%C5%AC%B7%BB%C1%EE%C1%D6%BD%BA%28L%29.png?type=f220_220_60_sharpen
이디야커피 시흥한라비발디점,주스,(EX)키위케일샐러리 클렌즈 주스,5400,"키위의 상큼한, 케일의 풍부함, 샐러리의 깔끔한 향이 조화를 이루는 상쾌한 클렌즈 주스(프로바이오틱스 함유)",,https://naverbooking-phinf.pstatic.net/20250812_194/1754985693998Ukcq8_PNG/%C5%B0%C0%A7%C4%C9%C0%CF%BB%F8%B7%AF%B8%AE%C5%AC%B7%BB%C1%EE%C1%D6%BD%BA%28E%29.png?type=f220_220_60_sharpen
이디야커피 시흥한라비발디점,주스,(L)생과일 제주감귤주스,5500,생과일 그대로 넣어 갈아 만들어 새콤달콤하고 시원한 감귤 주스(비타민C함유),,https://naverbooking-phinf.pstatic.net/20251127_256/1764203487971tXTtD_PNG/%BB%FD%B0%FA%C0%CF%B0%A8%B1%D6%C1%D6%BD%BA%28L%29.png?type=f220_220_60_sharpen
이디야커피 시흥한라비발디점,주스,(EX)생과일 제주감귤주스,6700,생과일 그대로 넣어 갈아 만들어 새콤달콤하고 시원한 감귤 주스(비타민C 함유),,https://naverbooking-phinf.pstatic.net/20251127_199/1764203575431E4Yjl_PNG/%BB%FD%B0%FA%C0%CF%B0%A8%B1%D6%C1%D6%BD%BA%28EX%29.png?type=f220_220_60_sharpen
이디야커피 시흥한라비발디점,티,(L)ICED 루이보스,3200,복숭아 한 조각을 베어 문 잔향이 입안에 남는 맑은 수색의 루이보스 티,,https://naverbooking-phinf.pstatic.net/20251215_188/1765765399127wGKqP_PNG/%28L%29ICED_%B7%E7%C0%CC%BA%B8%BD%BA.png?type=f220_220_60_sharpen
이디야커피 시흥한라비발디점,티,(L)HOT 루이보스,3200,복숭아 한 조각을 베어 문 잔향이 입안에 남는 맑은 수색의 루이보스 티,,https://naverbooking-phinf.pstatic.net/20251215_4/1765765622602Gg621_PNG/%28L%29HOT_%B7%E7%C0%CC%BA%B8%BD%BA.png?type=f220_220_60_sharpen
이디야커피 시흥한라비발디점,티,(EX)ICED 루이보스,4200,복숭아 한 조각을 베어 문 잔향이 입안에 남는 맑은 수색의 루이보스 티,,https://naverbooking-phinf.pstatic.net/20251215_193/1765765707899qSiqe_PNG/%28EX%29ICED_%B7%E7%C0%CC%BA%B8%BD%BA.png?type=f220_220_60_sharpen
이디야커피 시흥한라비발디점,티,(EX)HOT 루이보스,4200,복숭아 한 조각을 베어 문 잔향이 입안에 남는 맑은 수색의 루이보스 티,,https://naverbooking-phinf.pstatic.net/20251215_259/1765765967620C3RwE_PNG/%28EX%29HOT_%B7%E7%C0%CC%BA%B8%BD%BA.png?type=f220_220_60_sharpen
이디야커피 시흥한라비발디점,티,(L)ICED 얼그레이,3200,깊고 그윽한 홍차와 달콤한 복숭아 향이 어우러지는 깔끔한 맛의 얼그레이티,,https://naverbooking-phinf.pstatic.net/20251215_142/17657654128976E6bB_PNG/%28L%29ICED_%BE%F3%B1%D7%B7%B9%C0%CC.png?type=f220_220_60_sharpen
이디야커피 시흥한라비발디점,티,(L)HOT 얼그레이,3200,깊고 그윽한 홍차와 달콤한 복숭아 향이 어우러지는 깔끔한 맛의 얼그레이티,,https://naverbooking-phinf.pstatic.net/20251215_262/1765765629312a0IYV_PNG/%28L%29HOT_%BE%F3%B1%D7%B7%B9%C0%CC.png?type=f220_220_60_sharpen
이디야커피 시흥한라비발디점,티,(EX)ICED 얼그레이,4200,깊고 그윽한 홍차와 달콤한 복숭아 향이 어우러지는 깔끔한 맛의 얼그레이티,,https://naverbooking-phinf.pstatic.net/20251215_200/17657657166601T73Q_PNG/%28EX%29ICED_%BE%F3%B1%D7%B7%B9%C0%CC.png?type=f220_220_60_sharpen
이디야커피 시흥한라비발디점,티,(EX)HOT 얼그레이,4200,깊고 그윽한 홍차와 달콤한 복숭아 향이 어우러지는 깔끔한 맛의 얼그레이티,,https://naverbooking-phinf.pstatic.net/20251215_141/1765765977459I9AGj_PNG/%28EX%29HOT_%BE%F3%B1%D7%B7%B9%C0%CC.png?type=f220_220_60_sharpen
이디야커피 시흥한라비발디점,티,(L)ICED 캐모마일,3200,"캐모마일과 루이보스, 레몬그라스 등이 블렌딩 되어 은은함이 돋보이는 허브티",,https://naverbooking-phinf.pstatic.net/20251215_53/1765765420230vDu61_PNG/%28L%29ICED_%C4%B3%B8%F0%B8%B6%C0%CF.png?type=f220_220_60_sharpen
이디야커피 시흥한라비발디점,티,(L)HOT 캐모마일,3200,"캐모마일과 루이보스, 레몬그라스 등이 블렌딩 되어 은은함이 돋보이는 허브티",,https://naverbooking-phinf.pstatic.net/20251215_107/1765765635994bkthW_PNG/%28L%29HOT_%C4%B3%B8%F0%B8%B6%C0%CF.png?type=f220_220_60_sharpen
이디야커피 시흥한라비발디점,티,(EX)ICED 캐모마일,4200,"캐모마일과 루이보스, 레몬그라스 등이 블렌딩 되어 은은함이 돋보이는 허브티",,https://naverbooking-phinf.pstatic.net/20251215_284/1765765722878ORI2M_PNG/%28EX%29ICED_%C4%B3%B8%F0%B8%B6%C0%CF.png?type=f220_220_60_sharpen
이디야커피 시흥한라비발디점,티,(EX)HOT 캐모마일,4200,"캐모마일과 루이보스, 레몬그라스 등이 블렌딩 되어 은은함이 돋보이는 허브티",,https://naverbooking-phinf.pstatic.net/20251215_67/1765765984343XMoNj_PNG/%28EX%29HOT_%C4%B3%B8%F0%B8%B6%C0%CF.png?type=f220_220_60_sharpen
이디야커피 시흥한라비발디점,티,(L)ICED 페퍼민트,3200,입안 가득 청량함이 느껴지는 상쾌한 허브티,,https://naverbooking-phinf.pstatic.net/20251215_168/1765765427477b8v7P_PNG/%28L%29ICED_%C6%E4%C6%DB%B9%CE%C6%AE.png?type=f220_220_60_sharpen
이디야커피 시흥한라비발디점,티,(L)HOT 페퍼민트,3200,입안 가득 청량함이 느껴지는 상쾌한 허브티,,https://naverbooking-phinf.pstatic.net/20251215_260/1765765642499jo5fh_PNG/%28L%29HOT_%C6%E4%C6%DB%B9%CE%C6%AE.png?type=f220_220_60_sharpen
이디야커피 시흥한라비발디점,티,(EX)ICED 페퍼민트,4200,입안 가득 청량함이 느껴지는 상쾌한 허브티,,https://naverbooking-phinf.pstatic.net/20251215_40/1765765730058EeHbF_PNG/%28EX%29ICED_%C6%E4%C6%DB%B9%CE%C6%AE.png?type=f220_220_60_sharpen
이디야커피 시흥한라비발디점,티,(EX)HOT 페퍼민트,4200,입안 가득 청량함이 느껴지는 상쾌한 허브티,,https://naverbooking-phinf.pstatic.net/20251215_112/1765765990831q63lG_PNG/%28EX%29HOT_%C6%E4%C6%DB%B9%CE%C6%AE.png?type=f220_220_60_sharpen
이디야커피 시흥한라비발디점,티,(L)ICED 히비스커스,3200,"사과, 오렌지, 레몬그라스 등이 블렌딩된 과일향 가득한 새콤달콤한 맛의 허브티",,https://naverbooking-phinf.pstatic.net/20251215_189/1765765433587sDhe1_PNG/%28L%29ICED_%C8%F7%BA%F1%BD%BA%C4%BF%BD%BA.png?type=f220_220_60_sharpen
이디야커피 시흥한라비발디점,티,(L)HOT 히비스커스,3200,"사과, 오렌지, 레몬그라스 등이 블렌딩된 과일향 가득한 새콤달콤한 맛의 허브티",,https://naverbooking-phinf.pstatic.net/20251215_250/1765765649189m8gFx_PNG/%28L%29HOT_%C8%F7%BA%F1%BD%BA%C4%BF%BD%BA.png?type=f220_220_60_sharpen
이디야커피 시흥한라비발디점,티,(EX)ICED 히비스커스,4200,"사과, 오렌지, 레몬그라스 등이 블렌딩된 과일향 가득한 새콤달콤한 맛의 허브티",,https://naverbooking-phinf.pstatic.net/20251215_180/1765765737500XO0jC_PNG/%28EX%29ICED_%C8%F7%BA%F1%BD%BA%C4%BF%BD%BA.png?type=f220_220_60_sharpen
이디야커피 시흥한라비발디점,티,(EX)HOT 히비스커스,4200,"사과, 오렌지, 레몬그라스 등이 블렌딩된 과일향 가득한 새콤달콤한 맛의 허브티",,https://naverbooking-phinf.pstatic.net/20251215_26/1765765997492mUrEF_PNG/%28EX%29HOT_%C8%F7%BA%F1%BD%BA%C4%BF%BD%BA.png?type=f220_220_60_sharpen
이디야커피 시흥한라비발디점,티,(L)ICED 레몬차,4500,비타민이 풍부한 레몬으로 맛을 내어 새콤달콤한 맛이 특징인 과일차,,https://naverbooking-phinf.pstatic.net/20251215_289/17657655535331vJag_PNG/%28L%29ICED_%B7%B9%B8%F3%C2%F7.png?type=f220_220_60_sharpen
이디야커피 시흥한라비발디점,티,(L)HOT 레몬차,4500,비타민이 풍부한 레몬으로 맛을 내어 새콤달콤한 맛이 특징인 과일차,,https://naverbooking-phinf.pstatic.net/20251215_241/1765765659920g9jf4_PNG/%28L%29HOT_%B7%B9%B8%F3%C2%F7.png?type=f220_220_60_sharpen
이디야커피 시흥한라비발디점,티,(EX)ICED 레몬차,5700,비타민이 풍부한 레몬으로 맛을 내어 새콤달콤한 맛이 특징인 과일차,,https://naverbooking-phinf.pstatic.net/20251215_191/17657658105961cdpu_PNG/%28EX%29ICED_%B7%B9%B8%F3%C2%F7.png?type=f220_220_60_sharpen
이디야커피 시흥한라비발디점,티,(EX)HOT 레몬차,5700,비타민이 풍부한 레몬으로 맛을 내어 새콤달콤한 맛이 특징인 과일차,,https://naverbooking-phinf.pstatic.net/20251215_182/1765766007503gag2h_PNG/%28EX%29HOT_%B7%B9%B8%F3%C2%F7.png?type=f220_220_60_sharpen
이디야커피 시흥한라비발디점,티,(L)ICED 배모과차,4500,"배와 모과를 활용한 과일차로, 달콤하고 향긋한 향을 즐길 수 있는 음료",,https://naverbooking-phinf.pstatic.net/20251215_86/1765765566077ijMmA_PNG/%28L%29ICED_%B9%E8%B8%F0%B0%FA%C2%F7.png?type=f220_220_60_sharpen
이디야커피 시흥한라비발디점,티,(L)HOT 배모과차,4500,"배와 모과를 활용한 과일차로, 달콤하고 향긋한 향을 즐길 수 있는 음료",,https://naverbooking-phinf.pstatic.net/20251215_43/1765765666230gYX0z_PNG/%28L%29HOT_%B9%E8%B8%F0%B0%FA%C2%F7.png?type=f220_220_60_sharpen
이디야커피 시흥한라비발디점,티,(EX)ICED 배모과차,5700,"배와 모과를 활용한 과일차로, 달콤하고 향긋한 향을 즐길 수 있는 음료",,https://naverbooking-phinf.pstatic.net/20251215_128/1765765818191tuDaD_PNG/%28EX%29ICED_%B9%E8%B8%F0%B0%FA%C2%F7.png?type=f220_220_60_sharpen
이디야커피 시흥한라비발디점,티,(EX)HOT 배모과차,5700,"배와 모과를 활용한 과일차로, 달콤하고 향긋한 향을 즐길 수 있는 음료",,https://naverbooking-phinf.pstatic.net/20251215_281/1765766017874ku8q8_PNG/%28EX%29HOT_%B9%E8%B8%F0%B0%FA%C2%F7.png?type=f220_220_60_sharpen
이디야커피 시흥한라비발디점,티,(L)ICED 생강차,4500,"생강 특유의 진하고 풍부한 맛과 향미를 느낄 수 있으며, 은은하고 부드러운 단맛의 유자와 꿀이 더해진 음료",,https://naverbooking-phinf.pstatic.net/20251215_191/1765765574912exTdE_PNG/%28L%29ICED_%BB%FD%B0%AD%C2%F7.png?type=f220_220_60_sharpen
이디야커피 시흥한라비발디점,티,(L)HOT 생강차,4500,"생강 특유의 진하고 풍부한 맛과 향미를 느낄 수 있으며, 은은하고 부드러운 단맛의 유자와 꿀이 더해진 음료",,https://naverbooking-phinf.pstatic.net/20251215_98/1765765671702XClza_PNG/%28L%29HOT_%BB%FD%B0%AD%C2%F7.png?type=f220_220_60_sharpen
이디야커피 시흥한라비발디점,티,(EX)ICED 생강차,5700,"생강 특유의 진하고 풍부한 맛과 향미를 느낄 수 있으며, 은은하고 부드러운 단맛의 유자와 꿀이 더해진 음료",,https://naverbooking-phinf.pstatic.net/20251215_5/1765765828992ryXSF_PNG/%28EX%29ICED_%BB%FD%B0%AD%C2%F7.png?type=f220_220_60_sharpen
이디야커피 시흥한라비발디점,티,(EX)HOT 생강차,5700,"생강 특유의 진하고 풍부한 맛과 향미를 느낄 수 있으며, 은은하고 부드러운 단맛의 유자와 꿀이 더해진 음료",,https://naverbooking-phinf.pstatic.net/20251215_42/1765766027072MjdLj_PNG/%28EX%29HOT_%BB%FD%B0%AD%C2%F7.png?type=f220_220_60_sharpen
이디야커피 시흥한라비발디점,티,(L)ICED 쌍화차,4500,전통 쌍화차를 이디야의 색깔로 재해석해 다양한 연령층이 즐길 수 있는 은은한 향과 고소함이 특징인 음료,,https://naverbooking-phinf.pstatic.net/20251215_30/1765765586325L9y3r_PNG/%28L%29ICED_%BD%D6%C8%AD%C2%F7.png?type=f220_220_60_sharpen
이디야커피 시흥한라비발디점,티,(L)HOT 쌍화차,4500,전통 쌍화차를 이디야의 색깔로 재해석해 다양한 연령층이 즐길 수 있는 은은한 향과 고소함이 특징인 음료,,https://naverbooking-phinf.pstatic.net/20251215_220/1765765677297I5uH6_PNG/%28L%29HOT_%BD%D6%C8%AD%C2%F7.png?type=f220_220_60_sharpen
이디야커피 시흥한라비발디점,티,(EX)ICED 쌍화차,5700,전통 쌍화차를 이디야의 색깔로 재해석해 다양한 연령층이 즐길 수 있는 은은한 향과 고소함이 특징인 음료,,https://naverbooking-phinf.pstatic.net/20251215_114/1765765835502W720d_PNG/%28EX%29ICED_%BD%D6%C8%AD%C2%F7.png?type=f220_220_60_sharpen
이디야커피 시흥한라비발디점,티,(EX)HOT 쌍화차,5700,전통 쌍화차를 이디야의 색깔로 재해석해 다양한 연령층이 즐길 수 있는 은은한 향과 고소함이 특징인 음료,,https://naverbooking-phinf.pstatic.net/20251215_17/176576603578312QJ8_PNG/%28EX%29HOT_%BD%D6%C8%AD%C2%F7.png?type=f220_220_60_sharpen
이디야커피 시흥한라비발디점,티,(L)ICED 유자차,4500,국내산 유자를 사용하고 유자과육이 풍부한 달콤한 과일차,,https://naverbooking-phinf.pstatic.net/20251215_276/17657655942717AEli_PNG/%28L%29ICED_%C0%AF%C0%DA%C2%F7.png?type=f220_220_60_sharpen
이디야커피 시흥한라비발디점,티,(L)HOT 유자차,4500,국내산 유자를 사용하고 유자과육이 풍부한 달콤한 과일차,,https://naverbooking-phinf.pstatic.net/20251215_200/1765765683797HgX2h_PNG/%28L%29HOT_%C0%AF%C0%DA%C2%F7.png?type=f220_220_60_sharpen
이디야커피 시흥한라비발디점,티,(EX)ICED 유자차,5700,국내산 유자를 사용하고 유자과육이 풍부한 달콤한 과일차,,https://naverbooking-phinf.pstatic.net/20251215_192/1765765842078EoTay_PNG/%28EX%29ICED_%C0%AF%C0%DA%C2%F7.png?type=f220_220_60_sharpen
이디야커피 시흥한라비발디점,티,(EX)HOT 유자차,5700,국내산 유자를 사용하고 유자과육이 풍부한 달콤한 과일차,,https://naverbooking-phinf.pstatic.net/20251215_36/1765766067733Viegn_PNG/%28EX%29HOT_%C0%AF%C0%DA%C2%F7.png?type=f220_220_60_sharpen
이디야커피 시흥한라비발디점,티,(L)ICED 자몽차,4500,풍부한 자몽 과육으로 신맛과 쓴맛을 내는 과일차,,https://naverbooking-phinf.pstatic.net/20251215_166/1765765608439JySSn_PNG/%28L%29ICED_%C0%DA%B8%F9%C2%F7.png?type=f220_220_60_sharpen
이디야커피 시흥한라비발디점,티,(L)HOT 자몽차,4500,풍부한 자몽 과육으로 신맛과 쓴맛을 내는 과일차,,https://naverbooking-phinf.pstatic.net/20251215_279/1765765689683hCaHm_PNG/%28L%29HOT_%C0%DA%B8%F9%C2%F7.png?type=f220_220_60_sharpen
이디야커피 시흥한라비발디점,티,(EX)ICED 자몽차,5700,풍부한 자몽 과육으로 신맛과 쓴맛을 내는 과일차,,https://naverbooking-phinf.pstatic.net/20251215_176/17657658483358M2Ja_PNG/%28EX%29ICED_%C0%DA%B8%F9%C2%F7.png?type=f220_220_60_sharpen
이디야커피 시흥한라비발디점,티,(EX)HOT 자몽차,5700,풍부한 자몽 과육으로 신맛과 쓴맛을 내는 과일차,,https://naverbooking-phinf.pstatic.net/20251215_243/17657660770713S96n_PNG/%28EX%29HOT_%C0%DA%B8%F9%C2%F7.png?type=f220_220_60_sharpen
이디야커피 시흥한라비발디점,티,(L)HOT 딸기감귤티,4200,"딸기와 감귤이 달콤, 상큼하게 조화된 맛에 가볍게 즐길 수 있는 티 음료",,https://naverbooking-phinf.pstatic.net/20251127_250/1764203741930Oostf_PNG/%B5%FE%B1%E2%B0%A8%B1%D6%C6%BC%28L_HOT%29.png?type=f220_220_60_sharpen
이디야커피 시흥한라비발디점,티,(L)ICED 딸기감귤티,5200,"딸기와 감귤이 달콤, 상큼하게 조화된 맛에 가볍게 즐길 수 있는 티 음료",,https://naverbooking-phinf.pstatic.net/20251127_283/1764203763834rfNI0_PNG/%B5%FE%B1%E2%B0%A8%B1%D6%C6%BC%28L_ICED%29.png?type=f220_220_60_sharpen
이디야커피 시흥한라비발디점,티,(EX)HOT 딸기감귤티,5200,"딸기와 감귤이 달콤, 상큼하게 조화된 맛에 가볍게 즐길 수 있는 티 음료",,https://naverbooking-phinf.pstatic.net/20251127_120/1764203790251G5BVQ_PNG/%B5%FE%B1%E2%B0%A8%B1%D6%C6%BC%28EX_HOT%29.png?type=f220_220_60_sharpen
이디야커피 시흥한라비발디점,티,(EX)ICED 딸기감귤티,5200,"딸기와 감귤이 달콤, 상큼하게 조화된 맛에 가볍게 즐길 수 있는 티 음료",,https://naverbooking-phinf.pstatic.net/20251127_98/1764203814502QttFg_PNG/%B5%FE%B1%E2%B0%A8%B1%D6%C6%BC%28EX_ICED%29.png?type=f220_220_60_sharpen
이디야커피 시흥한라비발디점,티,(L)ICED 딸기자두 요구르트,3900,달콤한 딸기와 상큼한 요구르트의 조합에 건강하게 즐길 수 있는 리프레쉬 티 음료,,https://naverbooking-phinf.pstatic.net/20251127_146/1764203884719DXCjQ_PNG/%B5%FE%B1%E2%C0%DA%B5%CE%BF%E4%B1%B8%B8%A3%C6%AE%28L%29.png?type=f220_220_60_sharpen
이디야커피 시흥한라비발디점,티,(EX)ICED 딸기자두 요구르트,4900,달콤한 딸기와 상큼한 요구르트의 조합에 건강하게 즐길 수 있는 리프레쉬 티 음료,,https://naverbooking-phinf.pstatic.net/20251127_183/1764205100633eAAvs_PNG/%B5%FE%B1%E2%C0%DA%B5%CE%BF%E4%B1%B8%B8%A3%C6%AE%28EX%29.png?type=f220_220_60_sharpen
이디야커피 시흥한라비발디점,티,(L)ICED 살얼음식혜,4500,밥알이 씹히는 정성 가득 식혜에 살얼음을 띄워 더욱 시원하게 즐길 수 있는 메뉴,,https://naverbooking-phinf.pstatic.net/20251215_239/1765765912466PXpUr_PNG/%28L%29ICED_%BB%EC%BE%F3%C0%BD_%BD%C4%C7%FD.png?type=f220_220_60_sharpen
이디야커피 시흥한라비발디점,티,(EX)ICED 살얼음식혜,5700,밥알이 씹히는 정성 가득 식혜에 살얼음을 띄워 더욱 시원하게 즐길 수 있는 메뉴,,https://naverbooking-phinf.pstatic.net/20251215_49/1765765864339gC4D6_PNG/%28EX%29ICED_%BB%EC%BE%F3%C0%BD_%BD%C4%C7%FD.png?type=f220_220_60_sharpen
이디야커피 시흥한라비발디점,티,(L)ICED 로열밀크티,4900,잉글리시 브랙퍼스트 따뜻한 우유가 어우러져 은은하게 퍼지는 향이 돋보이는 음료,,https://naverbooking-phinf.pstatic.net/20251215_192/1765765924054gzdys_PNG/%28L%29ICED_%B7%CE%BF%AD%B9%D0%C5%A9%C6%BC.png?type=f220_220_60_sharpen
이디야커피 시흥한라비발디점,티,(L)HOT 로열밀크티,4900,잉글리시 브랙퍼스트 따뜻한 우유가 어우러져 은은하게 퍼지는 향이 돋보이는 음료,,https://naverbooking-phinf.pstatic.net/20251215_165/1765765953573dJMqf_PNG/%28L%29HOT_%B7%CE%BF%AD%B9%D0%C5%A9%C6%BC.png?type=f220_220_60_sharpen
이디야커피 시흥한라비발디점,티,(EX)ICED 로열밀크티,6100,잉글리시 브랙퍼스트 따뜻한 우유가 어우러져 은은하게 퍼지는 향이 돋보이는 음료,,https://naverbooking-phinf.pstatic.net/20251215_171/17657658764156ohfh_PNG/%28EX%29ICED_%B7%CE%BF%AD%B9%D0%C5%A9%C6%BC.png?type=f220_220_60_sharpen
이디야커피 시흥한라비발디점,티,(EX)HOT 로열밀크티,6100,잉글리시 브랙퍼스트 따뜻한 우유가 어우러져 은은하게 퍼지는 향이 돋보이는 음료,,https://naverbooking-phinf.pstatic.net/20251215_212/1765766085664UwQwr_PNG/%28EX%29HOT_%B7%CE%BF%AD_%B9%D0%C5%A9%C6%BC.png?type=f220_220_60_sharpen
이디야커피 시흥한라비발디점,티,(L)ICED 복분자뱅쇼,4900,다양한 과일에 와인베이스를 더해 다채롭고 풍성한 맛을 진하게 즐길 수 있는 논알콜 음료,,https://naverbooking-phinf.pstatic.net/20251215_155/1765765932345CTCf0_PNG/%28L%29ICED_%BA%B9%BA%D0%C0%DA%B9%F0%BC%EE.png?type=f220_220_60_sharpen
이디야커피 시흥한라비발디점,티,(L)HOT 복분자뱅쇼,4900,다양한 과일에 와인베이스를 더해 다채롭고 풍성한 맛을 진하게 즐길 수 있는 논알콜 음료,,https://naverbooking-phinf.pstatic.net/20251215_299/17657659467806GM3p_PNG/%28L%29HOT_%BA%B9%BA%D0%C0%DA%B9%F0%BC%EE.png?type=f220_220_60_sharpen
이디야커피 시흥한라비발디점,티,(EX)ICED 복분자뱅쇼,6100,다양한 과일에 와인베이스를 더해 다채롭고 풍성한 맛을 진하게 즐길 수 있는 논알콜 음료,,https://naverbooking-phinf.pstatic.net/20251215_144/1765765884441wlVCd_PNG/%28EX%29ICED_%BA%B9%BA%D0%C0%DA%B9%F0%BC%EE.png?type=f220_220_60_sharpen
이디야커피 시흥한라비발디점,티,(EX)HOT 복분자뱅쇼,6100,다양한 과일에 와인베이스를 더해 다채롭고 풍성한 맛을 진하게 즐길 수 있는 논알콜 음료,,https://naverbooking-phinf.pstatic.net/20251215_222/1765766092160vwsoq_PNG/%28EX%29HOT_%BA%B9%BA%D0%C0%DA%B9%F0%BC%EE.png?type=f220_220_60_sharpen
이디야커피 시흥한라비발디점,블렌디드,(L)ICED 꿀복숭아플랫치노,3900,복숭아의 리얼한 풍미와 꿀의 달콤함이 최적의 조화를 이룬 달콤하고 시원한 플랫치노,,https://naverbooking-phinf.pstatic.net/20251215_118/1765767754909Vsfxo_PNG/%28L%29ICED_%B2%DC%BA%B9%BC%FE%BE%C6_%C7%C3%B7%A7%C4%A1%B3%EB.png?type=f220_220_60_sharpen
이디야커피 시흥한라비발디점,블렌디드,(EX)ICED 꿀복숭아플랫치노,5100,복숭아의 리얼한 풍미와 꿀의 달콤함이 최적의 조화를 이룬 달콤하고 시원한 플랫치노,,https://naverbooking-phinf.pstatic.net/20251215_63/1765767942517AtJSK_PNG/%28EX%29ICED_%B2%DC%BA%B9%BC%FE%BE%C6_%C7%C3%B7%A7%C4%A1%B3%EB.png?type=f220_220_60_sharpen
이디야커피 시흥한라비발디점,블렌디드,(L)ICED 망고플랫치노,3900,열대과일인 망고의 달콤하고 진한 맛을 그대로 담아낸 여름철 인기 메뉴,,https://naverbooking-phinf.pstatic.net/20251215_127/1765767761570X7JvB_PNG/%28L%29ICED_%B8%C1%B0%ED%C7%C3%B7%A7%C4%A1%B3%EB.png?type=f220_220_60_sharpen
이디야커피 시흥한라비발디점,블렌디드,(EX)ICED 망고플랫치노,5100,열대과일인 망고의 달콤하고 진한 맛을 그대로 담아낸 여름철 인기 메뉴,,https://naverbooking-phinf.pstatic.net/20251215_112/1765767935164cxDMW_PNG/%28EX%29ICED_%B8%C1%B0%ED_%C7%C3%B7%A7%C4%A1%B3%EB.png?type=f220_220_60_sharpen
이디야커피 시흥한라비발디점,블렌디드,(L)ICED 민트초콜릿칩플랫치노,4700,진한 민트향이 더해진 초콜렛에 초콜렛칩이 가득 들어있는 젊은 감성의 이디야 플랫치노,,https://naverbooking-phinf.pstatic.net/20251217_186/1765949013842kKOVc_PNG/L_ICED_%BA%ED%B7%BB%B5%F0%B5%E5_%B9%CE%C6%AE%C3%CA%C4%DD%B8%B4%C4%A8%C7%C3%B7%A7%C4%A1%B3%EB.png?type=f220_220_60_sharpen
이디야커피 시흥한라비발디점,블렌디드,(EX)ICED 민트초콜릿칩플랫치노,5900,진한 민트향이 더해진 초콜렛에 초콜렛칩이 가득 들어있는 젊은 감성의 이디야 플랫치노,,https://naverbooking-phinf.pstatic.net/20251215_237/1765767929230WbxJ8_PNG/%28EX%29ICED_%B9%CE%C6%AE%C3%CA%C4%DD%B8%B4%C4%A8_%C7%C3%B7%A7%C4%A1%B3%EB.png?type=f220_220_60_sharpen
이디야커피 시흥한라비발디점,블렌디드,(L)ICED 초콜릿칩플랫치노,4700,트리플 모카시럽에 초콜릿 칩이 더해져 씹는 재미가 있는 달콤한 플랫치노,,https://naverbooking-phinf.pstatic.net/20251215_125/1765767767575kVcz9_PNG/%28L%29ICED_%C3%CA%C4%DD%B8%B4%C4%A8_%C7%C3%B7%A7%C4%A1%B3%EB.png?type=f220_220_60_sharpen
이디야커피 시흥한라비발디점,블렌디드,(EX)ICED 초콜릿칩플랫치노,5900,트리플 모카시럽에 초콜릿 칩이 더해져 씹는 재미가 있는 달콤한 플랫치노,,https://naverbooking-phinf.pstatic.net/20251215_281/1765767920868PaWFC_PNG/%28EX%29ICED_%C3%CA%C4%DD%B8%B4%C4%A8_%C7%C3%B7%A7%C4%A1%B3%EB.png?type=f220_220_60_sharpen
이디야커피 시흥한라비발디점,블렌디드,(L)ICED 토피넛플랫치노,4700,고소한 아몬드의 맛과 달콤한 코코아가 조화롭게 어우러진 달콤한 플랫치노,,https://naverbooking-phinf.pstatic.net/20251215_134/1765767773518XnBk7_PNG/%28L%29ICED_%C5%E4%C7%C7%B3%D3_%C7%C3%B7%A7%C4%A1%B3%EB.png?type=f220_220_60_sharpen
이디야커피 시흥한라비발디점,블렌디드,(EX)ICED 토피넛플랫치노,5900,고소한 아몬드의 맛과 달콤한 코코아가 조화롭게 어우러진 달콤한 플랫치노,,https://naverbooking-phinf.pstatic.net/20251215_121/1765767914911WxsLy_PNG/%28EX%29ICED_%C5%E4%C7%C7%B3%D3_%C7%C3%B7%A7%C4%A1%B3%EB.png?type=f220_220_60_sharpen
이디야커피 시흥한라비발디점,블렌디드,(L)ICED 꿀복숭아요거트플랫치노,4900,"복숭아의 리얼한 풍미와 꿀의 달콤함, 새콤달콤한 요거트가 최적의 조화를 이룬 달콤하고 시원한 플랫치노",,https://naverbooking-phinf.pstatic.net/20251215_84/17657678469738Qpjw_PNG/%28L%29ICED_%B2%DC%BA%B9%BC%FE%BE%C6_%BF%E4%B0%C5%C6%AE_%C7%C3%B7%A7%C4%A1%B3%EB.png?type=f220_220_60_sharpen
이디야커피 시흥한라비발디점,블렌디드,(EX)ICED 꿀복숭아요거트플랫치노,6100,"복숭아의 리얼한 풍미와 꿀의 달콤함, 새콤달콤한 요거트가 최적의 조화를 이룬 달콤하고 시원한 플랫치노",,https://naverbooking-phinf.pstatic.net/20251215_285/17657678540064usoy_PNG/%28EX%29ICED_%B2%DC%BA%B9%BC%FE%BE%C6_%BF%E4%B0%C5%C6%AE_%C7%C3%B7%A7%C4%A1%B3%EB.png?type=f220_220_60_sharpen
이디야커피 시흥한라비발디점,블렌디드,(L)ICED 플레인요거트플랫치노,4900,요거트 고유의 새콤달콤한 맛을 그대로 살린 메뉴로 여성들에게 인기가 좋은 음료,,https://naverbooking-phinf.pstatic.net/20251215_210/1765767802994bw7zS_PNG/%28L%29ICED_%C7%C3%B7%B9%C0%CE%BF%E4%B0%C5%C6%AE_%C7%C3%B7%A7%C4%A1%B3%EB.png?type=f220_220_60_sharpen
이디야커피 시흥한라비발디점,블렌디드,(EX)ICED 플레인요거트플랫치노,6100,요거트 고유의 새콤달콤한 맛을 그대로 살린 메뉴로 여성들에게 인기가 좋은 음료,,https://naverbooking-phinf.pstatic.net/20251215_43/176576789130283Heo_PNG/%28EX%29ICED_%C7%C3%B7%A1%C0%CE_%BF%E4%B0%C5%C6%AE_%C7%C3%B7%A7%C4%A1%B3%EB.png?type=f220_220_60_sharpen
이디야커피 시흥한라비발디점,블렌디드,(L)ICED 딸기요거트플랫치노,4900,남녀노소 누구나 좋아하는 딸기와 상큼한 요거트가 조화롭게 어우러진 플랫치노,,https://naverbooking-phinf.pstatic.net/20251215_191/1765767779282zyrbh_PNG/%28L%29ICED_%B5%FE%B1%E2%BF%E4%B0%C5%C6%AE_%C7%C3%B7%A7%C4%A1%B3%EB.png?type=f220_220_60_sharpen
이디야커피 시흥한라비발디점,블렌디드,(EX)ICED 딸기요거트플랫치노,6100,남녀노소 누구나 좋아하는 딸기와 상큼한 요거트가 조화롭게 어우러진 플랫치노,,https://naverbooking-phinf.pstatic.net/20251215_85/1765767908924Vq6cF_PNG/%28EX%29ICED_%B5%FE%B1%E2_%BF%E4%B0%C5%C6%AE_%C7%C3%B7%A7%C4%A1%B3%EB.png?type=f220_220_60_sharpen
이디야커피 시흥한라비발디점,블렌디드,(L)ICED 블루베리요거트플랫치노,4900,블루베리 본연의 맛과 상큼한 요거트의 조화를 이룬 새콤달콤한 요거트 플랫치노,,https://naverbooking-phinf.pstatic.net/20251215_295/1765767796070vYfih_PNG/%28L%29ICED_%BA%ED%B7%E7%BA%A3%B8%AE_%BF%E4%B0%C5%C6%AE_%C7%C3%B7%A7%C4%A1%B3%EB.png?type=f220_220_60_sharpen
이디야커피 시흥한라비발디점,블렌디드,(EX)ICED 블루베리요거트플랫치노,6100,블루베리 본연의 맛과 상큼한 요거트의 조화를 이룬 새콤달콤한 요거트 플랫치노,,https://naverbooking-phinf.pstatic.net/20251215_75/1765767897109ws2bC_PNG/%28EX%29ICED_%BA%ED%B7%E7%BA%A3%B8%AE_%BF%E4%B0%C5%C6%AE_%C7%C3%B7%A7%C4%A1%B3%EB.png?type=f220_220_60_sharpen
이디야커피 시흥한라비발디점,블렌디드,(L)ICED 밀크쉐이크,4900,"우유 그대로의 부드러운 맛을 느낄 수 있으며, 어린이와 청소년도 즐겨먹을 수 있는 쉐이크",,https://naverbooking-phinf.pstatic.net/20251215_225/1765767784780GwGvS_PNG/%28L%29ICED_%B9%D0%C5%A9%BD%A6%C0%CC%C5%A9.png?type=f220_220_60_sharpen
이디야커피 시흥한라비발디점,블렌디드,(EX)ICED 밀크쉐이크,6100,"우유 그대로의 부드러운 맛을 느낄 수 있으며, 어린이와 청소년도 즐겨먹을 수 있는 쉐이크",,https://naverbooking-phinf.pstatic.net/20251215_83/1765767902743uWRja_PNG/%28EX%29ICED_%B9%D0%C5%A9%BD%A6%C0%CC%C5%A9.png?type=f220_220_60_sharpen
이디야커피 시흥한라비발디점,블렌디드,(L)ICED 에스프레소쉐이크,5100,이디야 에스프레소와 부드러운 우유가 어우러진 달콤하고 시원한 쉐이크,,https://naverbooking-phinf.pstatic.net/20251215_190/1765767809616Bdb59_PNG/%28L%29ICED_%BF%A1%BD%BA%C7%C1%B7%B9%BC%D2_%BD%A6%C0%CC%C5%A9.png?type=f220_220_60_sharpen
이디야커피 시흥한라비발디점,블렌디드,(EX)ICED 에스프레소쉐이크,6300,이디야 에스프레소와 부드러운 우유가 어우러진 달콤하고 시원한 쉐이크,,https://naverbooking-phinf.pstatic.net/20251215_128/1765767885796kYdDV_PNG/%28EX%29ICED_%BF%A1%BD%BA%C7%C1%B7%B9%BC%D2_%BD%A6%C0%CC%C5%A9.png?type=f220_220_60_sharpen
이디야커피 시흥한라비발디점,블렌디드,디카페인 (L)ICED 에스프레소쉐이크,5600,이디야 에스프레소와 부드러운 우유가 어우러진 달콤하고 시원한 쉐이크,,https://naverbooking-phinf.pstatic.net/20251215_65/1765767815631MHKw0_PNG/%28L%29ICED_%B5%F0%C4%AB%C6%E4%C0%CE_%BF%A1%BD%BA%C7%C1%B7%B9%BC%D2_%BD%A6%C0%CC%C5%A9.png?type=f220_220_60_sharpen
이디야커피 시흥한라비발디점,블렌디드,디카페인 (EX)ICED 에스프레소쉐이크,6800,이디야 에스프레소와 부드러운 우유가 어우러진 달콤하고 시원한 쉐이크,,https://naverbooking-phinf.pstatic.net/20251215_280/1765767880318ag1Ms_PNG/%28EX%29ICED_%B5%F0%C4%AB%C6%E4%C0%CE_%BF%A1%BD%BA%C7%C1%B7%B9%BC%D2_%BD%A6%C0%CC%C5%A9.png?type=f220_220_60_sharpen
이디야커피 시흥한라비발디점,블렌디드,(L)ICED 초코쿠키쉐이크,5100,"초코쿠키의 달콤함과 바삭함을 느낄 수 있어, 어린이와 청소년에게 인기있는 쉐이크",,https://naverbooking-phinf.pstatic.net/20251215_259/1765767824428baRnK_PNG/%28L%29ICED_%C3%CA%C4%DA%C4%ED%C5%B0%BD%A6%C0%CC%C5%A9.png?type=f220_220_60_sharpen
이디야커피 시흥한라비발디점,블렌디드,(EX)ICED 초코쿠키쉐이크,6300,"초코쿠키의 달콤함과 바삭함을 느낄 수 있어, 어린이와 청소년에게 인기있는 쉐이크",,https://naverbooking-phinf.pstatic.net/20251215_92/1765767874275d1Or4_PNG/%28EX%29ICED_%C3%CA%C4%DA%C4%ED%C5%B0_%BD%A6%C0%CC%C5%A9.png?type=f220_220_60_sharpen
이디야커피 시흥한라비발디점,블렌디드,(L)ICED 딸기쉐이크,5400,부드러운 우유의 맛과 국내산 딸기의 달콤함이 조화로운 쉐이크,,https://naverbooking-phinf.pstatic.net/20251215_116/1765767830570RAEE8_PNG/%28L%29ICED_%B5%FE%B1%E2%BD%A6%C0%CC%C5%A9.png?type=f220_220_60_sharpen
이디야커피 시흥한라비발디점,블렌디드,(EX)ICED 딸기쉐이크,6600,부드러운 우유의 맛과 국내산 딸기의 달콤함이 조화로운 쉐이크,,https://naverbooking-phinf.pstatic.net/20251215_34/1765767867642qkt0q_PNG/%28EX%29ICED_%B5%FE%B1%E2%BD%A6%C0%CC%C5%A9.png?type=f220_220_60_sharpen
이디야커피 시흥한라비발디점,블렌디드,(L)ICED 말차초코쉐이크,5400,쌉쌀한 말차와 달콤한 초콜릿이 조화된 진하고 부드러운 쉐이크,,https://naverbooking-phinf.pstatic.net/20251215_133/1765767840342WUoX2_PNG/%28L%29ICED_%B8%BB%C2%F7%C3%CA%C4%DA%BD%A6%C0%CC%C5%A9.png?type=f220_220_60_sharpen
이디야커피 시흥한라비발디점,블렌디드,(EX)ICED 말차초코쉐이크,6600,쌉쌀한 말차와 달콤한 초콜릿이 조화된 진하고 부드러운 쉐이크,,https://naverbooking-phinf.pstatic.net/20251215_265/17657678610960ecJT_PNG/%28EX%29ICED_%B8%BB%C2%F7%C3%CA%C4%DA_%BD%A6%C0%CC%C5%A9.png?type=f220_220_60_sharpen
이디야커피 시흥한라비발디점,에이드,(L)생수박 과일화채,5900,"톡 쏘는 탄산 화채 베이스에 시원한 수박과 달콤 상큼한 냉동 망고,블루베리, 쫄깃한 나타드 코코를 더해 과일 풍미와 식감을 즐길 수 있는 화채 음료",,https://naverbooking-phinf.pstatic.net/20260521_118/1779322527739yg0iV_PNG/image.png?type=f220_220_60_sharpen
이디야커피 시흥한라비발디점,에이드,(EX)생수박 과일화채,7100,"톡 쏘는 탄산 화채 베이스에 시원한 수박과 달콤 상큼한 냉동 망고,블루베리, 쫄깃한 나타드 코코를 더해 과일 풍미와 식감을 즐길 수 있는 화채 음료",,https://naverbooking-phinf.pstatic.net/20260521_145/1779324462637dFTbc_PNG/image.png?type=f220_220_60_sharpen
이디야커피 시흥한라비발디점,에이드,(L)ICED자몽포멜로에이드,4700,싱그러운 포멜로와 자몽의 상큼함을 즐길 수 있는 청량한 에이드,,https://naverbooking-phinf.pstatic.net/20251215_107/1765803801769STQ4t_PNG/L_ICED_%B0%FA%C0%CF%C1%D6%BD%BA_%C0%DA%B8%F9%C6%F7%B8%E1%B7%CE%BF%A1%C0%CC%B5%E5.png?type=f220_220_60_sharpen
이디야커피 시흥한라비발디점,에이드,(EX)ICED 자몽포멜로 에이드,5900,싱그러운 포멜로와 자몽의 상큼함을 즐길 수 있는 청량한 에이드,,https://naverbooking-phinf.pstatic.net/20251215_46/1765804093406NyIki_PNG/EX_ICED_%B0%FA%C0%CF%C1%D6%BD%BA_%C0%DA%B8%F9%C6%F7%B8%E1%B7%CE%BF%A1%C0%CC%B5%E5.png?type=f220_220_60_sharpen
이디야커피 시흥한라비발디점,에이드,(L)ICED 감귤레몬 에이드,4700,레몬의 상큼함과 감귤의 달달함을 더욱 즐길 수 있는 달달한 에이드,,https://naverbooking-phinf.pstatic.net/20251215_213/1765804043332siaND_PNG/L_ICED_%B0%FA%C0%CF%C1%D6%BD%BA_%B0%A8%B1%D6%B7%B9%B8%F3%BF%A1%C0%CC%B5%E5.png?type=f220_220_60_sharpen
이디야커피 시흥한라비발디점,에이드,(EX)ICED 감귤레몬 에이드,5900,레몬의 상큼함과 감귤의 달달함을 더욱 즐길 수 있는 달달한 에이드,,https://naverbooking-phinf.pstatic.net/20251215_291/1765804088783DbrLs_PNG/EX_ICED_%B0%FA%C0%CF%C1%D6%BD%BA_%B0%A8%B1%D6%B7%B9%B8%F3%BF%A1%C0%CC%B5%E5.png?type=f220_220_60_sharpen
이디야커피 시흥한라비발디점,에이드,(L)ICED 꿀복숭아 에이드,4700,복숭아의 리얼한 풍미와 꿀의 달콤함이 최적의 조화를 이룬 달콤하고 시원한 에이드,,https://naverbooking-phinf.pstatic.net/20251215_194/1765804052506am0qb_PNG/L_ICED_%B0%FA%C0%CF%C1%D6%BD%BA_%B2%DC%BA%B9%BC%FE%BE%C6%BF%A1%C0%CC%B5%E5.png?type=f220_220_60_sharpen
이디야커피 시흥한라비발디점,에이드,(EX)ICED 꿀복숭아 에이드,5900,복숭아의 리얼한 풍미와 꿀의 달콤함이 최적의 조화를 이룬 달콤하고 시원한 에이드,,https://naverbooking-phinf.pstatic.net/20251215_23/1765804083597eEj8h_PNG/EX_ICED_%B0%FA%C0%CF%C1%D6%BD%BA_%B2%DC%BA%B9%BC%FE%BE%C6%BF%A1%C0%CC%B5%E5.png?type=f220_220_60_sharpen
이디야커피 시흥한라비발디점,에이드,(L)ICED 머스캣모히또 에이드,4700,샤인머스캣의 달콤함과 향긋함을 동시에 즐길 수 있는 상큼한 에이드,,https://naverbooking-phinf.pstatic.net/20251215_295/1765804060320rB7DO_PNG/L_ICED_%B0%FA%C0%CF%C1%D6%BD%BA_%B8%D3%BD%BA%C4%B9%B8%F0%C8%F7%B6%C7%BF%A1%C0%CC%B5%E5.png?type=f220_220_60_sharpen
이디야커피 시흥한라비발디점,에이드,(EX)ICED 머스캣모히또 에이드,5900,샤인머스캣의 달콤함과 향긋함을 동시에 즐길 수 있는 상큼한 에이드,,https://naverbooking-phinf.pstatic.net/20251215_36/1765804078967oq5vT_PNG/EX_ICED_%B0%FA%C0%CF%C1%D6%BD%BA_%B8%D3%BD%BA%C4%B9%B8%F0%C8%F7%B6%C7%BF%A1%C0%CC%B5%E5.png?type=f220_220_60_sharpen
이디야커피 시흥한라비발디점,에이드,(L)ICED 샹그리아 에이드,4700,다양한 과일에 와인베이스를 더해 다채롭고 풍성한 맛을 진하게 즐길 수 있는 논알콜 에이드,,https://naverbooking-phinf.pstatic.net/20251215_75/176580406713928eEC_PNG/%BC%A7%B1%D7%B8%AE%BE%C6_%BF%A1%C0%CC%B5%E5.png?type=f220_220_60_sharpen
이디야커피 시흥한라비발디점,에이드,(EX)ICED 샹그리아 에이드,5900,다양한 과일에 와인베이스를 더해 다채롭고 풍성한 맛을 진하게 즐길 수 있는 논알콜 에이드,,https://naverbooking-phinf.pstatic.net/20251215_31/1765804073373Y3UfH_PNG/EX_ICED_%B0%FA%C0%CF%C1%D6%BD%BA_%BC%A7%B1%D7%B8%AE%BE%C6%BF%A1%C0%CC%B5%E5.png?type=f220_220_60_sharpen
이디야커피 시흥한라비발디점,요거트 아이스크림,멜로우 초코,6000,"무지방 우유로 만든 요거트 아이스크림에 마시멜로우, 쿠키 분태, 연유를 더한 달콤한 조합",,https://naverbooking-phinf.pstatic.net/20250829_166/1756430762471dzM1v_PNG/%B8%E1%B7%CE%BF%EC%C3%CA%C4%DA.png?type=f220_220_60_sharpen
이디야커피 시흥한라비발디점,요거트 아이스크림,카라멜 크런치,6300,"무지방 우유로 만든 요거트 아이스크림에 쿠키 크럼블, 아몬드 슬라이스 ,카라멜 소스를 더한 고소한 조합",,https://naverbooking-phinf.pstatic.net/20250829_117/1756430853460CmYoT_PNG/%C4%AB%B6%F3%B8%E1%C5%A9%B7%B1%C4%A1.png?type=f220_220_60_sharpen
이디야커피 시흥한라비발디점,요거트 아이스크림,허니 치즈 그래놀라,6700,"무지방 우유로 만든 요거트 아이스크림에 그래놀라, 치즈 케이크 큐브, 꿀을 더한 든든한 조합",,https://naverbooking-phinf.pstatic.net/20250829_169/1756430919464cA7iN_PNG/%C7%E3%B4%CF%C4%A1%C1%EE%B1%D7%B7%A1%B3%EE%B6%F3.png?type=f220_220_60_sharpen
이디야커피 시흥한라비발디점,병 음료,이디야 콤부차 청포도레몬,3900,새콤하고 톡쏘는 맛의 발효 콤부차에 이디야의 노하우로 만든 청포도레몬 티베이스를 블렌딩한 발효 음료(프로바이오틱스 함유),,https://naverbooking-phinf.pstatic.net/20240523_228/1716426906109Atv5p_PNG/%C0%CC%B5%F0%BE%DF_%C4%DE%BA%CE%C2%F7_%C3%BB%C6%F7%B5%B5%B7%B9%B8%F3_1280x960.png?type=f220_220_60_sharpen
이디야커피 시흥한라비발디점,병 음료,이디야 콤부차 복숭아망고,3900,새콤하고 톡쏘는 맛의 발효 콤부차에 이디야의 노하우로 만든 복숭아망고 티베이스를 블렌딩한 발효 음료(프로바이오틱스 함유),,https://naverbooking-phinf.pstatic.net/20240523_104/1716426928743rcPCo_PNG/%C0%CC%B5%F0%BE%DF_%C4%DE%BA%CE%C2%F7_%BA%B9%BC%FE%BE%C6%B8%C1%B0%ED_1280x960.png?type=f220_220_60_sharpen
이디야커피 시흥한라비발디점,병 음료,이디야 콤부차 석류애플라임,3900,새콤하고 톡쏘는 맛의 발효 콤부차에 이디야의 노하우로 만든 석류애플라임 티베이스를 블렌딩한 발효 음료(프로바이오틱스 함유),,https://naverbooking-phinf.pstatic.net/20240523_11/1716426941338zxk4M_PNG/%C0%CC%B5%F0%BE%DF_%C4%DE%BA%CE%C2%F7_%BC%AE%B7%F9%BE%D6%C7%C3%B6%F3%C0%D3_1280x960.png?type=f220_220_60_sharpen
이디야커피 시흥한라비발디점,병 음료,비타민주스 믹스베리,3300,"새콤달콤한 맛이 특징인 베리류(블루베리, 크랜베리, 적포도, 아로니아)가 잘어우러진 과일 주스(비타민 6종 1일 영양성분 기준치 함유)",,https://naverbooking-phinf.pstatic.net/20240816_228/1723782974556Aq3OD_PNG/%BA%F1%C5%B8%B9%CE%C1%D6%BD%BA_%B9%CD%BD%BA%BA%A3%B8%AE_1280x960.png?type=f220_220_60_sharpen
이디야커피 시흥한라비발디점,병 음료,비타민주스 애플망고,3300,부드럽고 달달한 애플망고 맛이 기분 좋게 느껴지는 과일 주스(비타민 6종 1일 영양성분 기준치 함유),,https://naverbooking-phinf.pstatic.net/20240816_277/1723782952609t1DO4_PNG/%BA%F1%C5%B8%B9%CE%C1%D6%BD%BA_%BE%D6%C7%C3%B8%C1%B0%ED_1280x960.png?type=f220_220_60_sharpen
이디야커피 시흥한라비발디점,병 음료,이디야 사과&당근 주스,3400,은은한 당근 향과 달콤한 사과의 맛이 완벽하게 어우러진 착즙주스(245ml) (이디야 멤버스 적립 불가),,https://naverbooking-phinf.pstatic.net/20210831_275/1630380011569Sd1NA_PNG/%C0%CC%B5%F0%BE%DF_%BB%E7%B0%FA%B4%E7%B1%D9_%C1%D6%BD%BA.png?type=f220_220_60_sharpen
이디야커피 시흥한라비발디점,병 음료,(병)유자 피나콜라다,3000,"유자의 신맛에 피나콜라다의 달콤한 향이 더해져 밸런스가 좋은 블렌딩티
(이디야 멤버스 적립 불가)",,https://naverbooking-phinf.pstatic.net/20210415_228/16184658916355WLbL_PNG/%C0%AF%C0%DA%C7%C7%B3%AA%C4%DD%B6%F3%B4%D9%28RTD%29.png?type=f220_220_60_sharpen
이디야커피 시흥한라비발디점,병 음료,(병)자몽 네이블오렌지,3000,"자몽의 부드러운 신맛과 오렌지향을 즐길 수 있는 이디야 블렌딩티
(이디야 멤버스 적립 불가)",,https://naverbooking-phinf.pstatic.net/20210415_79/1618465902005xkoLc_PNG/%C0%DA%B8%F9%B3%D7%C0%CC%BA%ED%BF%C0%B7%BB%C1%F6%28RTD%29.png?type=f220_220_60_sharpen
이디야커피 시흥한라비발디점,병 음료,(병)석류 애플라임,3000,"산뜻한 석류에 와인의 향이 더해져 보다 깊고 중후한 맛이 느껴지는 블렌딩티
(이디야 멤버스 적립 불가)",,https://naverbooking-phinf.pstatic.net/20210415_37/1618465912652kC60I_PNG/%BC%AE%B7%F9%BE%D6%C7%C3%B6%F3%C0%D3%28RTD%29.png?type=f220_220_60_sharpen
이디야커피 시흥한라비발디점,병 음료,이디야워터,900,(이디야 멤버스 적립 불가),,https://naverbooking-phinf.pstatic.net/20220520_259/165300569501139Oen_PNG/%C0%CC%B5%F0%BE%DF%BF%F6%C5%CD_%B4%A9%B3%A2_%B9%E8%B4%DE%BF%EB.png?type=f220_220_60_sharpen
이디야커피 시흥한라비발디점,병 음료,(병)이디야 사과주스,3000,"칠레산 사과의 진한 풍미를 더욱 달콤하게 느낄 수 있는 과채주스
(이디야 멤버스 적립 불가)",,https://naverbooking-phinf.pstatic.net/20210415_232/1618465950070e9obp_PNG/%C0%CC%B5%F0%BE%DF_%BB%E7%B0%FA%C1%D6%BD%BA.png?type=f220_220_60_sharpen
이디야커피 시흥한라비발디점,병 음료,이디야키즈 뽀로로 사과매실,1500,(이디야 멤버스 적립 불가),,https://naverbooking-phinf.pstatic.net/20210415_53/1618465979144B9oc5_PNG/%C0%CC%B5%F0%BE%DF_%C5%B0%C1%EE_%BB%C7%B7%CE%B7%CE_%BB%E7%B0%FA%B8%C5%BD%C7.png?type=f220_220_60_sharpen
이디야커피 시흥한라비발디점,병 음료,이디야키즈 뽀로로 오렌지,1500,(이디야 멤버스 적립 불가),,https://naverbooking-phinf.pstatic.net/20210415_237/16184659895118fjg7_PNG/%C0%CC%B5%F0%BE%DF_%C5%B0%C1%EE_%BB%C7%B7%CE%B7%CE_%BF%C0%B7%BB%C1%F6.png?type=f220_220_60_sharpen
이디야커피 시흥한라비발디점,병 음료,이디야키즈 뽀로로 포도블루베리,1500,(이디야 멤버스 적립 불가),,https://naverbooking-phinf.pstatic.net/20210415_277/1618465999367GJA4U_PNG/%C0%CC%B5%F0%BE%DF_%C5%B0%C1%EE_%BB%C7%B7%CE%B7%CE_%C6%F7%B5%B5%BA%ED%B7%E7%BA%A3%B8%AE.png?type=f220_220_60_sharpen
이디야커피 시흥한라비발디점,병 음료,이디야 감귤&한라봉 주스,3400,감귤의 상큼함에 싱그러운 한라봉의 진한 향이 기분 좋게 느껴지는 착즙주스(245ml) (이디야 멤버스 적립 불가),,https://ldb-phinf.pstatic.net/20210831_185/1630379936906CeHdo_PNG/%C0%CC%B5%F0%BE%DF_%B0%A8%B1%D6%C7%D1%B6%F3%BA%C0_%C1%D6%BD%BA.png?type=f220_220_60_sharpen
이디야커피 시흥한라비발디점,병 음료,이디야키즈 신비아파트 샤인머스캣,1700,(이디야 멤버스 적립 불가),,https://naverbooking-phinf.pstatic.net/20230330_137/1680133414454KcxqQ_PNG/_%C0%CC%B5%F0%BE%DF_%BD%C5%BA%F1%BE%C6%C6%C4%C6%AE_%BB%FE%C0%CE%B8%D3%BD%BA%C4%B9.png?type=f220_220_60_sharpen
이디야커피 시흥한라비발디점,병 음료,이디야 프루츠 스파클링 사과,3200,상큼한 사과 풍미에 식이섬유를 더해 가볍고 청량하고 즐길 수 있는 저당 기능성 탄산음료,,https://naverbooking-phinf.pstatic.net/20260305_198/17727024900273Dy5J_PNG/image.png?type=f220_220_60_sharpen
이디야커피 시흥한라비발디점,병 음료,이디야 프루츠 스파클링 복숭아,3200,은은한 복숭아 향과 비오틴을 함유해 일상 속 부담 없이 마실 수 있는 저당 기능성 탄산음료,,https://naverbooking-phinf.pstatic.net/20260305_86/177270251844538z7x_PNG/image.png?type=f220_220_60_sharpen
이디야커피 시흥한라비발디점,병 음료,이디야 프루츠 스파클링 체리,3200,체리맛에 테아닌을 더해 일상을 환기할 수 있는 저당 기능성 탄산음료,,https://naverbooking-phinf.pstatic.net/20260305_204/1772702542397Ny7Tt_PNG/image.png?type=f220_220_60_sharpen
이디야커피 시흥한라비발디점,스낵,한입 쏙 피자 베이글칩,2700,짭짤하면서도 감칠맛나는 피자 시즈닝과 바삭한 베이글칩이 만나 특별한 플레이버로 구현된 베이글칩,,https://naverbooking-phinf.pstatic.net/20250508_266/1746663082233v8s9v_PNG/%C7%D1%C0%D4_%BD%EF_%C7%C7%C0%DA_%BA%A3%C0%CC%B1%DB%C4%A8.png?type=f220_220_60_sharpen
이디야커피 시흥한라비발디점,스낵,이디야 제로슈가 쿠키 더블초코,2800,초콜릿칩이 박혀 있어 우수한 식감 코코아와 초콜릿칩으로 단맛 구현(1봉 40g),,https://naverbooking-phinf.pstatic.net/20241205_153/17333660448909oPc8_PNG/%C0%CC%B5%F0%BE%DF_%C1%A6%B7%CE%BD%B4%B0%A1_%C4%ED%C5%B0_%B4%F5%BA%ED%C3%CA%C4%DA_1280x960.png?type=f220_220_60_sharpen
이디야커피 시흥한라비발디점,스낵,이디야 제로슈가 쿠키 스윗오트,2800,단단하고 바삭한 질감에 달지 않고 담백한 맛의 오트 쿠키(1봉:40g),,https://naverbooking-phinf.pstatic.net/20241205_261/1733366084379PH7ou_PNG/%C0%CC%B5%F0%BE%DF_%C1%A6%B7%CE%BD%B4%B0%A1_%C4%ED%C5%B0_%BD%BA%C0%AD%BF%C0%C6%AE_1280x960.png?type=f220_220_60_sharpen
이디야커피 시흥한라비발디점,스낵,크리미초코 감자쿠키(12개입),2800,"슬림한 감자 크래커에 달콤한 초콜릿이 샌딩되어 있는 디저트 쿠키 스낵
(이디야 멤버스 적립 불가)",,https://naverbooking-phinf.pstatic.net/20240702_5/1719897776422IsSFg_PNG/%C5%A9%B8%AE%B9%CC%C3%CA%C4%DA_%B0%A8%C0%DA%C4%ED%C5%B0_1280x960.png?type=f220_220_60_sharpen
이디야커피 시흥한라비발디점,스낵,크리미피넛 감자쿠키(12개입),2800,"슬림한 감자 크래커에 달달하고 고소한 피넛 크림이 샌딩되어 있는 디저트 쿠키 스낵
(이디야 멤버스 적립 불가)",,https://naverbooking-phinf.pstatic.net/20240702_235/1719897924920S6ui9_PNG/%C5%A9%B8%AE%B9%CC%C7%C7%B3%D3_%B0%A8%C0%DA%C4%ED%C5%B0_1280x960.png?type=f220_220_60_sharpen
이디야커피 시흥한라비발디점,스낵,크리미초코 감자쿠키(24개입),5400,슬림 크래커에 달달한 초코크림이 잘 어우러진 디저트 쿠키(24개입),,https://naverbooking-phinf.pstatic.net/20250226_157/1740536772274KQpRG_PNG/%C5%A9%B8%AE%B9%CC%C3%CA%C4%DA_%B0%A8%C0%DA%C4%ED%C5%B0%2824%B0%B3%C0%D4%291280x960.png?type=f220_220_60_sharpen
이디야커피 시흥한라비발디점,스낵,크리미피넛 감자쿠키(24개입),5400,슬림 크래커에 고소한 피넛 크림과 초콜릿이 조화롭게 배합된 디저트 쿠키(24개입),,https://naverbooking-phinf.pstatic.net/20250226_75/1740536800127OFMPl_PNG/%C5%A9%B8%AE%B9%CC%C7%C7%B3%D3_%B0%A8%C0%DA%C4%ED%C5%B0%2824%B0%B3%C0%D4%29_1280x960.png?type=f220_220_60_sharpen
이디야커피 시흥한라비발디점,스낵,아이스콘 초코(케이스),4000,"바삭한 콘위에 부드러운 초콜렛이 담긴 제품 (8봉입)
(이디야 멤버스 적립 불가)",,https://naverbooking-phinf.pstatic.net/20210415_249/1618466055519XvIav_PNG/%BE%C6%C0%CC%BD%BA%C4%DC_%C3%CA%C4%DA_8%B0%B3%C0%D4.png?type=f220_220_60_sharpen
이디야커피 시흥한라비발디점,스낵,아이스콘 요구르트(케이스),4000,"바삭한 콘위에 부드러운 초콜렛과 새콤한 요구르트향이 담긴 제품 (8봉입)
(이디야 멤버스 적립 불가)",,https://naverbooking-phinf.pstatic.net/20210415_242/1618466065449Q6B3A_PNG/%BE%C6%C0%CC%BD%BA%C4%DC_%BF%E4%B1%B8%B8%A3%C6%AE_8%B0%B3%C0%D4.png?type=f220_220_60_sharpen
이디야커피 시흥한라비발디점,스낵,고구마 말랭이,3000,"어떤 첨가물도 사용하지 않은 100% 고구마 그대로의 맛
(이디야 멤버스 적립 불가)",,https://naverbooking-phinf.pstatic.net/20210415_16/1618466132627zxrkx_PNG/%B0%ED%B1%B8%B8%B6_%B8%BB%B7%A9%C0%CC.png?type=f220_220_60_sharpen
이디야커피 시흥한라비발디점,스낵,이디야 비타민바 그릭요거트,1400,비타민C 일일권장량(100mg)과 식이섬유(3g)가 들어있고 동결건조과일 3종의 달콤함과 그릭요거트의 상큼함이 있는 기분 좋은 새콤고소한 스낵바 (이디야 멤버스 적립 불가),,https://naverbooking-phinf.pstatic.net/20210628_77/1624840052200900gM_PNG/%C0%CC%B5%F0%BE%DF_%BA%F1%C5%B8%B9%CE%B9%D9_%B1%D7%B8%AF%BF%E4%B0%C5%C6%AE_.png?type=f220_220_60_sharpen
이디야커피 시흥한라비발디점,스낵,미니프레첼 볶음양념맛,1200,"감칠맛과 짭짤함이 느껴지는 자꾸만 손이 가는 프레첼 모양의 과자
(이디야 멤버스 적립 불가)",,https://naverbooking-phinf.pstatic.net/20210415_224/1618466074548v3DCh_PNG/%B9%CC%B4%CF%C7%C1%B7%B9%C3%BF_%BA%BA%C0%BD%BE%E7%B3%E4%B8%C0.png?type=f220_220_60_sharpen
이디야커피 시흥한라비발디점,스낵,미니프레첼 초코맛,1500,바삭한 프레첼의 식감에 달콤한 초콜릿 코팅과 짭짤한 소금의 조화로 단짠단짠의 매력을 느낄 수 있는 스낵 (이디야 멤버스 적립 불가),,https://ldb-phinf.pstatic.net/20220412_225/1649721922780SazvO_PNG/%C3%CA%C4%DA%C7%C1%B7%B9%C3%BF%28%B9%E8%B4%DE%C0%C7%B9%CE%C1%B7%29.png?type=f220_220_60_sharpen
이디야커피 시흥한라비발디점,스낵,미니코코크런치,2300,초코 과자의 바삭함과 달콤한 크림이 어우러져 한입에 즐거움을 느낄 수 있는 제품,,https://naverbooking-phinf.pstatic.net/20260210_77/1770711679339thU59_PNG/%B9%CC%B4%CF_%C4%DA%C4%DA_%C5%A9%B7%B1%C4%A1.png?type=f220_220_60_sharpen
이디야커피 시흥한라비발디점,스낵,미니말차크런치,2500,현미 과자의 바삭함과 달콤한 말차 크림이 어우러져 한입에 즐거움을 느낄 수 있는 제품,,https://naverbooking-phinf.pstatic.net/20260210_108/1770711742012Ocl1c_PNG/%B9%CC%B4%CF_%B8%BB%C2%F7_%C5%A9%B7%B1%C4%A1.png?type=f220_220_60_sharpen
이디야커피 시흥한라비발디점,스낵,멕시칸타코 베이글칩,2300,바삭한 베이글칩에 멕시칸타코 시즈닝을 더해 짭짤한 맛이 특징인 제품,,https://naverbooking-phinf.pstatic.net/20260414_276/1776152412894bIgUN_PNG/image.png?type=f220_220_60_sharpen
이디야커피 시흥한라비발디점,스낵,불닭 베이글칩,2300,바삭한 베이글칩에 불닭 시즈닝을 더해 매콤한 맛이 특징인 제품,,https://naverbooking-phinf.pstatic.net/20260414_282/1776153291306aAwgy_PNG/image.png?type=f220_220_60_sharpen
이디야커피 시흥한라비발디점,스틱커피,스틱커피오리지널아메리카노(20T),4900,"커피 생산 최적지인 콜롬비아산 SD 인스턴트 BASE를 사용하였습니다. 감칠맛과 뛰어난 향기가 특징입니다. 이디야의 기술력이 녹아 있는 대표 비니스트! 오리지널에는 다 이유가 있습니다. 언제 어디서나 간편하게 물에 사르르 녹는 오리지널의 향을 즐겨보세요.
(이디야 멤버스 적립 불가)",,https://naverbooking-phinf.pstatic.net/20240308_23/1709856221696wNhle_PNG/%BD%BA%C6%BD%C4%BF%C7%C7%BF%C0%B8%AE%C1%F6%B3%CE%BE%C6%B8%DE%B8%AE%C4%AB%B3%EB%2820T%29_%B4%A9%B3%A2%C0%CC%B9%CC%C1%F6.png?type=f220_220_60_sharpen
이디야커피 시흥한라비발디점,스틱커피,스틱커피마일드아메리카노(20T),4900,"에콰도르산 FD 인스턴트 BASE를 사용하였습니다. 은은한 스모크 향과 진하면서도 부드러운 바디감이 특징입니다. 나도 모르게 빠져들어가는 은은한 스모크향! 부드러운 커피맛을 즐기시는 분들에게 추천합니다.
(이디야 멤버스 적립 불가)",,https://naverbooking-phinf.pstatic.net/20240308_255/1709856243165qSVqJ_PNG/%BD%BA%C6%BD%C4%BF%C7%C7%B8%B6%C0%CF%B5%E5%BE%C6%B8%DE%B8%AE%C4%AB%B3%EB%2820T%29_%B4%A9%B3%A2%C0%CC%B9%CC%C1%F6.png?type=f220_220_60_sharpen
이디야커피 시흥한라비발디점,스틱커피,스틱커피스페셜에디션(20T),4900,"고급 분무건조 원두 2종을 블렌딩하여 콜롬비아 원두의 고유 향미를 구현하였습니다. 아로마가 풍부하며 따뜻한 산미와 균형 잡힌 바디감이 특징입니다. 인스턴트커피에서 스페셜티의 냄새가 난다? 한 잔의 고급스러움을 만끽하길 원하신다면 스페셜 에디션입니다.
(이디야 멤버스 적립 불가)",,https://naverbooking-phinf.pstatic.net/20240308_10/1709856265678w8ofH_PNG/%BD%BA%C6%BD%C4%BF%C7%C7%BD%BA%C6%E4%BC%C8%BF%A1%B5%F0%BC%C7%2820T%29_%B4%A9%B3%A2%C0%CC%B9%CC%C1%F6.png?type=f220_220_60_sharpen
이디야커피 시흥한라비발디점,스틱커피,스틱커피오리지널아메리카노(80+20T),18900,"커피 생산 최적지인 콜롬비아산 SD 인스턴트 BASE를 사용하였습니다. 감칠맛과 뛰어난 향기가 특징입니다. 이디야의 기술력이 녹아 있는 대표 비니스트! 오리지널에는 다 이유가 있습니다. 언제 어디서나 간편하게 물에 사르르 녹는 오리지널의 향을 즐겨보세요.
(이디야 멤버스 적립 불가)",,https://naverbooking-phinf.pstatic.net/20240308_271/170985628563299jGL_PNG/%BD%BA%C6%BD%C4%BF%C7%C7%BF%C0%B8%AE%C1%F6%B3%CE%BE%C6%B8%DE%B8%AE%C4%AB%B3%EB%2880%2B20T%29_%B4%A9%B3%A2%C0%CC%B9%CC%C1%F6.png?type=f220_220_60_sharpen
이디야커피 시흥한라비발디점,스틱커피,스틱커피마일드아메리카노(80+20T),18900,"에콰도르산 FD 인스턴트 BASE를 사용하였습니다. 은은한 스모크 향과 진하면서도 부드러운 바디감이 특징입니다. 나도 모르게 빠져들어가는 은은한 스모크향! 부드러운 커피맛을 즐기시는 분들에게 추천합니다.
(이디야 멤버스 적립 불가)",,https://naverbooking-phinf.pstatic.net/20240308_70/1709856307974q6Hm7_PNG/%BD%BA%C6%BD%C4%BF%C7%C7%B8%B6%C0%CF%B5%E5%BE%C6%B8%DE%B8%AE%C4%AB%B3%EB%2880%2B20T%29_%B4%A9%B3%A2%C0%CC%B9%CC%C1%F6.png?type=f220_220_60_sharpen
이디야커피 시흥한라비발디점,스틱커피,스틱커피스페셜에디션(80+20T),18900,"고급 분무건조 원두 2종을 블렌딩하여 콜롬비아 원두의 고유 향미를 구현하였습니다. 아로마가 풍부하며 따뜻한 산미와 균형 잡힌 바디감이 특징입니다. 인스턴트커피에서 스페셜티의 냄새가 난다? 한 잔의 고급스러움을 만끽하길 원하신다면 스페셜 에디션입니다.
(이디야 멤버스 적립 불가)",,https://naverbooking-phinf.pstatic.net/20240308_254/1709856320447BlSfn_PNG/%BD%BA%C6%BD%C4%BF%C7%C7%BD%BA%C6%E4%BC%C8%BF%A1%B5%F0%BC%C7%2880%2B20T%29_%B4%A9%B3%A2%C0%CC%B9%CC%C1%F6.png?type=f220_220_60_sharpen
이디야커피 시흥한라비발디점,스틱커피,스틱커피카페라떼(20T),7900,"콜롬비아산 최상급 원료로 구현한 블렌드의 고소함과 부드러운 라떼가 조화를 이룹니다. 커피우유와 라떼는 다릅니다. 우유와 평생 짝이 되고 싶은 최적의 블렌드가 드디어 하나가 되었습니다.
(이디야 멤버스 적립 불가)",,https://naverbooking-phinf.pstatic.net/20240415_170/1713145025797Ne1Xc_PNG/%BD%BA%C6%BD%C4%BF%C7%C7%C4%AB%C6%E4%B6%F3%B6%BC%2820T%29_1280x960.png?type=f220_220_60_sharpen
이디야커피 시흥한라비발디점,스틱커피,스틱커피바닐라라떼(20T),8900,"콜롬비아산 최상급 원료와 마다가스카르산 바닐라빈 특유의 고급스러운 달콤함이 특징입니다. 차별화된 달달함을 원하신다면? 비니스트 바닐라라떼는 머금을수록 그 달콤함이 깊어집니다.
(이디야 멤버스 적립 불가)",,https://naverbooking-phinf.pstatic.net/20240415_116/1713145039459uSxiO_PNG/%BD%BA%C6%BD%C4%BF%C7%C7%B9%D9%B4%D2%B6%F3%B6%F3%B6%BC%2820T%29_1280x960.png?type=f220_220_60_sharpen
이디야커피 시흥한라비발디점,스틱커피,스틱커피토피넛라떼(20T),9600,"토피 카라멜과 코코아의 달콤한 풍미와 아몬드의 고소함까지 한가득! 이디야 대표인기메뉴 토피넛라떼의 스틱커피 구현. 더 이상의 자세한 설명은 생략합니다.
(이디야 멤버스 적립 불가)",,https://naverbooking-phinf.pstatic.net/20240415_278/1713145053579R2zLo_PNG/%BD%BA%C6%BD%C4%BF%C7%C7%C5%E4%C7%C7%B3%D3%B6%F3%B6%BC%2820T%29_1280x960.png?type=f220_220_60_sharpen
이디야커피 시흥한라비발디점,스틱커피,스페셜 모카블렌드(30T),5400,"이디야만의 차별화된 추출공법과 커피, 크림, 설탕의 최저화된 비율로 깊고 진한 커피향미와 부드럽고 달콤함을 느낄 수 있는 커피믹스(30T)
(이디야 멤버스 적립 불가)",,https://ldb-phinf.pstatic.net/20210302_45/1614658865797Xn3dP_PNG/%BD%BA%C6%E4%BC%C8%B8%F0%C4%AB%BA%ED%B7%BB%B5%E5_%C4%BF%C7%C7%B9%CD%BD%BA_30T.png?type=f220_220_60_sharpen
이디야커피 시흥한라비발디점,스틱커피,스페셜 모카블렌드(100T),16900,"이디야만의 차별화된 추출공법과 커피, 크림, 설탕의 최적화된 비율로 깊고 진한 커피향미와 부드럽고 달콤함을 느낄 수 있는 커피믹스(100T)
(이디야 멤버스 적립 불가)",,https://ldb-phinf.pstatic.net/20210302_274/1614659052064Kzvz1_PNG/%BD%BA%C6%E4%BC%C8%B8%F0%C4%AB%BA%ED%B7%BB%B5%E5_%C4%BF%C7%C7%B9%CD%BD%BA_100T.png?type=f220_220_60_sharpen
이디야커피 시흥한라비발디점,스틱커피,스페셜 골드블렌드(30T),5400,무지방 우유가 함유된 크리머를 사용하여 깔끔한 끝맛과 라떼와 같은 부드러움을 느낄 수 있는 커피믹스(30T) (이디야 멤버스 적립 불가),,https://ldb-phinf.pstatic.net/20210302_93/1614659158590Ygwj4_PNG/%BD%BA%C6%E4%BC%C8%B0%F1%B5%E5%BA%ED%B7%BB%B5%E5_%C4%BF%C7%C7%B9%CD%BD%BA_30T.png?type=f220_220_60_sharpen
이디야커피 시흥한라비발디점,스틱커피,스페셜 골드블렌드(100T),16900,무지방 우유가 함유된 크리머를 사용하여 깔끔한 끝맛과 라떼와 같은 부드러움을 느낄 수 있는 커피믹스(100T) (이디야 멤버스 적립 불가),,https://ldb-phinf.pstatic.net/20210302_209/1614659224684r5WH6_PNG/%BD%BA%C6%E4%BC%C8%B0%F1%B5%E5%BA%ED%B7%BB%B5%E5_%C4%BF%C7%C7%B9%CD%BD%BA_100T.png?type=f220_220_60_sharpen
이디야커피 시흥한라비발디점,스틱커피,스틱커피디카페인아메리카노(20T),4900,"워터프로세스 공법으로 카페인은 제거, 커피맛은 그대로. 물을 사용하여 안전하게 카페인을 제거한 원두를 사용하여 오리지널 아메리카노와 같은 깊고 진한 커피풍미를 느낄 수 있습니다. (이디야 멤버스 적립 불가)",,https://naverbooking-phinf.pstatic.net/20240308_28/1709856179435URmqn_PNG/%BD%BA%C6%BD%C4%BF%C7%C7%B5%F0%C4%AB%C6%E4%C0%CE%BE%C6%B8%DE%B8%AE%C4%AB%B3%EB%2820T%29_%B4%A9%B3%A2%C0%CC%B9%CC%C1%F6.png?type=f220_220_60_sharpen
이디야커피 시흥한라비발디점,스틱커피,스틱커피디카페인아메리카노(80+20T),18900,"워터프로세스 공법으로 카페인은 제거, 커피맛은 그대로. 물을 사용하여 안전하게 카페인을 제거한 원두를 사용하여 오리지널 아메리카노와 같은 깊고 진한 커피풍미를 느낄 수 있습니다. (이디야 멤버스 적립 불가)",,https://naverbooking-phinf.pstatic.net/20240308_85/1709856199450t65Mz_PNG/%BD%BA%C6%BD%C4%BF%C7%C7%B5%F0%C4%AB%C6%E4%C0%CE%BE%C6%B8%DE%B8%AE%C4%AB%B3%EB%2880%2B20T%29_%B4%A9%B3%A2%C0%CC%B9%CC%C1%F6.png?type=f220_220_60_sharpen
이디야커피 시흥한라비발디점,스틱커피,더 진한 제주 말차 라떼(10T),4800,말차 함량을 강화해 제주산 말차의 쌉쌉하고 고소한 여운을 그대로 즐길 수 있는 제품(10T),,https://naverbooking-phinf.pstatic.net/20260129_196/1769646006907gMBR7_PNG/%B4%F5_%C1%F8%C7%D1_%C1%A6%C1%D6_%B8%BB%C2%F7_%B6%F3%B6%BC%2810T%29.png?type=f220_220_60_sharpen
이디야커피 시흥한라비발디점,스틱커피,더 진한 솔티드 카라멜 라떼(10T),4800,카라멜 함량을 강화해 카라멜의 달콤함과 히말라야 솔트의 밸런스를 즐길 수 있는 제품(10T),,https://naverbooking-phinf.pstatic.net/20260129_179/17696460504302rAYK_PNG/%B4%F5_%C1%F8%C7%D1_%BC%D6%C6%BC%B5%E5_%C4%AB%B6%F3%B8%E1_%B6%F3%B6%BC%2810T%29.png?type=f220_220_60_sharpen
이디야커피 시흥한라비발디점,MD,(MD)이디야 자몽 네이블오렌지티,9800,(이디야 멤버스 적립 불가),,https://naverbooking-phinf.pstatic.net/20220118_9/1642464011034f1h5E_PNG/%28MD%29%C0%CC%B5%F0%BE%DF_%C0%DA%B8%F9%B3%D7%C0%CC%BA%ED%BF%C0%B7%BB%C1%F6%C6%BC.png?type=f220_220_60_sharpen
이디야커피 시흥한라비발디점,MD,(MD)이디야 제주청귤블라썸티,9800,(이디야 멤버스 적립 불가),,https://naverbooking-phinf.pstatic.net/20220118_12/16424640399769yd4o_PNG/%28MD%29%C0%CC%B5%F0%BE%DF_%C1%A6%C1%D6%C3%BB%B1%D6%BA%ED%B6%F3%BD%E6%C6%BC.png?type=f220_220_60_sharpen
이디야커피 시흥한라비발디점,MD,(MD)그린루이보스,13000,그린 루이보스의 깔끔한 맛에 복숭아 한 조각을 베어 문 듯한 잔향의 허브티(10개입) (이디야 멤버스 적립 불가),,https://ldb-phinf.pstatic.net/20211202_170/1638405314744C7NQ8_PNG/%B1%D7%B8%B0%B7%E7%C0%CC%BA%B8%BD%BA%28MD%29.png?type=f220_220_60_sharpen
이디야커피 시흥한라비발디점,MD,(MD)샤인히비스커스,13000,"사과, 오렌지, 패션후르츠 등의 과일향이 가득 블렌등된 새콤달콤한 허브티(10개입) (이디야 멤버스 적립 불가)",,https://ldb-phinf.pstatic.net/20211202_203/1638405638840P88sm_PNG/%BB%FE%C0%CE%C8%F7%BA%F1%BD%BA%C4%BF%BD%BA%28MD%29.png?type=f220_220_60_sharpen
이디야커피 시흥한라비발디점,MD,(MD)스프링캐모마일,13000,캐모마일과 루이보스의 은은한 달콤함에 상큼한 레몬그라스향이 더해진 허브티(10개입) (이디야 멤버스 적립 불가),,https://ldb-phinf.pstatic.net/20211202_111/1638405671914eekyR_PNG/%BD%BA%C7%C1%B8%B5%C4%B3%B8%F0%B8%B6%C0%CF%28MD%29.png?type=f220_220_60_sharpen
이디야커피 시흥한라비발디점,MD,(MD)퓨어페퍼민트,13000,막 피어난 싱싱하고 여린 페퍼민트의 청량함이 입 안 가득 느껴지는 허브티(10개입) (이디야 멤버스 적립 불가),,https://ldb-phinf.pstatic.net/20211202_109/16384057121909JKj5_PNG/%C7%BB%BE%EE%C6%E4%C6%DB%B9%CE%C6%AE%28MD%29.png?type=f220_220_60_sharpen
이디야커피 시흥한라비발디점,MD,(MD)프레시그린티,13000,어린잎 녹차의 부드러운 맛에 싱그러운 시트러스 향이 블렌딩된 그린티(10개입) (이디야 멤버스 적립 불가),,https://ldb-phinf.pstatic.net/20211202_233/1638405745637nRWgo_PNG/%C7%C1%B7%B9%BD%C3%B1%D7%B8%B0%C6%BC%28MD%29.png?type=f220_220_60_sharpen
이디야커피 시흥한라비발디점,MD,(MD)피치얼그레이,13000,깊고 그윽한 홍차와 달콤한 복숭아 향이 조화롭게 어우러진 블랙티(10개입) (이디야 멤버스 적립 불가),,https://ldb-phinf.pstatic.net/20211202_270/1638405782857CptJN_PNG/%C7%C7%C4%A1_%BE%F3%B1%D7%B7%B9%C0%CC%28MD%29.png?type=f220_220_60_sharpen
이디야커피 시흥한라비발디점,MD,(드립)콜롬비아 슈프리모,3700,부드러운 바닐라와 아몬드가 가진 고소함과 은은한 향미의 안정적인 밸런스가 특징인 제품(5개입) (이디야 멤버스 적립 불가),,https://ldb-phinf.pstatic.net/20211202_246/1638405821422w6jqm_PNG/%28%B5%E5%B8%B3%29%C4%DD%B7%D2%BA%F1%BE%C6_%BD%B4%C7%C1%B8%AE%B8%F0.png?type=f220_220_60_sharpen
이디야커피 시흥한라비발디점,MD,(드립)에티오피아 리무,3700,은은하고 선명한 플로럴한 향미와 케인슈가의 달콤한 후미가 특징인 제품(5개입) (이디야 멤버스 적립 불가),,https://ldb-phinf.pstatic.net/20211202_43/1638405854956eTaQB_PNG/%28%B5%E5%B8%B3%29%BF%A1%C6%BC%BF%C0%C7%C7%BE%C6_%B8%AE%B9%AB.png?type=f220_220_60_sharpen
이디야커피 시흥한라비발디점,MD,(드립)페르소나 블렌드,3700,"이디야커피만의 R&D 노하우가 집약된 블렌딩커피로 블렌디드 커피가 주는 이색적인 커피 풍미와 함께 다크 초콜렛, 카라멜, 견과류의 고소함, 부드러운 바디감이 특징인 제품(5개입) (이디야 멤버스 적립 불가)",,https://ldb-phinf.pstatic.net/20211202_176/1638405883857oUawg_PNG/%28%B5%E5%B8%B3%29%C6%E4%B8%A3%BC%D2%B3%AA_%BA%ED%B7%BB%B5%E5.png?type=f220_220_60_sharpen
이디야커피 시흥한라비발디점,MD,(MD)이디야 석류애플라임티,9800,"산뜻한 석류에 다양한 과일과 꽃, 그리고 샴페인의 향이 더해져 깊고 중후한 맛이 느껴지는 블렌딩티 (이디야 멤버스 적립 불가)",,https://ldb-phinf.pstatic.net/20220428_90/1651105034914P0Qvy_PNG/%B4%A9%B3%A2%C4%C6_MD%BC%AE%B7%F9_%BE%D6%C7%C3%B6%F3%C0%D3%C6%BC.png?type=f220_220_60_sharpen
이디야커피 시흥한라비발디점,MD,(드립)브라질 세하도,3700,적은 산미와 부드러운 단맛의 밸런스가 특징인 제품(5개입) (이디야 멤버스 적립 불가),,https://naverbooking-phinf.pstatic.net/20221115_88/1668471904764xCDzi_PNG/MD_%B5%E5%B8%B3%B9%E9%28%BA%EA%B6%F3%C1%FA%BC%BC%C7%CF%B5%B5%29_.png?type=f220_220_60_sharpen
이디야커피 시흥한라비발디점,MD,(홀빈)이디야 블루 블렌드,14000,"콜롬비아, 에티오피아, 과테말라 원두를 블렌딩하여 바닐라와 피칸의 단맛과 고소함, 진한 초콜렛의 후미와 묵직한 바디감을 누구나 즐길 수 있는 원두 (이디야 멤버스 적립 불가)",,https://naverbooking-phinf.pstatic.net/20230530_36/1685405118691EFt2D_PNG/%BF%F8%B5%CE_%BA%ED%B7%E7%BA%ED%B7%BB%B5%E5_.png?type=f220_220_60_sharpen
이디야커피 시흥한라비발디점,MD,(홀빈)이디야 에티오피아 레켐티,14000,"에티오피아 서쪽 고지대에서 자란 원두로, 은은한 과일의 향미와 브라운 슈가의 단맛을 조화롭게 즐길 수 있는 원두 (이디야 멤버스 적립 불가)",,https://naverbooking-phinf.pstatic.net/20230530_106/1685405160321EjSoc_PNG/%BF%F8%B5%CE_%BF%A1%C6%BC%BF%C0%C7%C7%BE%C6_%B7%B9%C4%CD%C6%BC.png?type=f220_220_60_sharpen
이디야커피 시흥한라비발디점,MD,(홀빈)이디야 디카페인,16000,워터프로세스 공법으로 안전하게 카페인을 제거하여 깊고 풍부한 향미와 진한 단맛을 중심으로 긴 여운의 밸련스를 느낄 수 있는 원두 (이디야 멤버스 적립 불가),,https://naverbooking-phinf.pstatic.net/20230530_290/1685405201391cHiN4_PNG/%BF%F8%B5%CE_%B5%F0%C4%AB%C6%E4%C0%CE_.png?type=f220_220_60_sharpen
이디야커피 시흥한라비발디점,MD,과육이 살아있는 제주 레몬차(10T),5000,"100% 제주산 레몬을 갈아 넣어, 과육이 살아있는 상큼한 레몬차",,https://naverbooking-phinf.pstatic.net/20251125_12/1764033602474xqXpq_PNG/%B0%FA%C0%B0%C0%CC_%BB%EC%BE%C6%C0%D6%B4%C2_%C1%A6%C1%D6_%B7%B9%B8%F3%C2%F7%2810T%29.png?type=f220_220_60_sharpen
이디야커피 시흥한라비발디점,MD,통생강을 갈아넣은 제주 생강차(10T),5000,"100%산 제주산 생강을 갈아 넣어, 깊고 진한 풍미가 살아있는 생강차",,https://naverbooking-phinf.pstatic.net/20251125_109/1764033643159IGae4_PNG/%C5%EB%BB%FD%B0%AD%C0%BB_%B0%A5%BE%C6%B3%D6%C0%BA_%C1%A6%C1%D6_%BB%FD%B0%AD%C2%F7%2810T%29.png?type=f220_220_60_sharpen
이디야커피 시흥한라비발디점,캡슐,(캡슐)멜로우 마일드,3900,달콤한 향미를 감사는 부드러운 바디감이 특징인 제품(6개입),,https://naverbooking-phinf.pstatic.net/20250327_112/1743049207778HS2T0_PNG/%B8%E1%B7%CE%BF%EC_%B8%B6%C0%CF%B5%E5_%C4%B8%BD%B6%C4%BF%C7%C7_1280x960.png?type=f220_220_60_sharpen
이디야커피 시흥한라비발디점,캡슐,(캡슐)인텐소 다크,3900,진한 다크 초콜릿 향미와 풍부한 바디감이 특징인 제품(6개입),,https://naverbooking-phinf.pstatic.net/20250327_271/17430492415894INgD_PNG/%C0%CE%C5%D9%BC%D2_%B4%D9%C5%A9_%C4%B8%BD%B6%C4%BF%C7%C7_1280x960.png?type=f220_220_60_sharpen
컴포즈커피 배곧테크노밸리점,대표메뉴,리얼초코자바칩프라페,4500,모카 소스와 자바칩 초콜릿이 블렌딩되어 달콤함을 느낄 수 있는 음료 (휘핑크림 없이 주문 가능),O,http://imagefarm.baemin.com/smartmenuimage/upload/image/2024/4/19/jk0XFD3EZeLUApDUnDEU2zG4EQszfeE7h1aSgLAg1-TUuEHgjQBZRlOx3EdThiabw4H_rhGn-BqPPp0MfIYuTGp3A73ko7gfCc_7Wy2KNG8=.jpg
컴포즈커피 배곧테크노밸리점,추천메뉴,저당 복숭아 스무디,4400,"달콤한 복숭아의 맛은 그대로, 당 걱정은 쏙 덜어내 가볍게 즐기는 복숭아 스무디",,http://imagefarm.baemin.com/smartmenuimage/upload/image/2026/7/7/saqin4xQaKcr0tSKWFg_AmMyOhBIl-_LliQWUp0VjHStYXfcjaWle_ZSnO7z58cGfum1FbhrSfJrsay2v2UmwfleTpTEwIw6PfF2kmBX9yQ=.jpg
컴포즈커피 배곧테크노밸리점,추천메뉴,복숭아 캐모마일 티브리즈,3400,"한 여름 시원하게 불어오는 바람처럼,
달콤한 복숭아와 새콤한 청귤이 캐모마일 티와 어우러져 향긋한 힐링 음료",,http://imagefarm.baemin.com/smartmenuimage/upload/image/2026/7/7/C4q4OLgzLqkTeYOhhve_JvT9ZQmQMjFalV6lWN8do1jPnw65zPLzA256CLwx1Qkk1TD6uciugTp9Zf-n_y1Sls-OmdafBojqOrIXDmvuzyI=.jpg
컴포즈커피 배곧테크노밸리점,추천메뉴,제주 한라봉 스무디,4400,달콤상큼한 한라봉 스무디에 쫀득 달콤 나타드코코&베리펄로 재밌는 식감까지 오감으로 즐기는 제주 감성 음료,,http://imagefarm.baemin.com/smartmenuimage/upload/image/2026/7/7/dPL_WFBe591rfFkRGzj8hXK0m5uJHPgI2Ug3BaXKO4hL-WwOqeS7bisF3l7nzJ8hA9f2JYBwBfusu9QMZvxQXSUgcT7ojftj_Nw-CmWYWGw=.jpg
컴포즈커피 배곧테크노밸리점,추천메뉴,제주 한라봉 자몽에이드,3700,제주 한라봉과 자몽이 만나 달콤쌉쌀한 맛이 매력적인 여름 감성 에이드,,http://imagefarm.baemin.com/smartmenuimage/upload/image/2026/7/7/ZLAiF4gUGWw-FocMrUIxFwfEFSmyC2VHTbNEq_zqXEk85o-AVW8c5EZMwOTOnUzFHqk5za_SmUppNSLSTYMe5PXdgLyIN6JwL45ySI6Yx3g=.jpg
컴포즈커피 배곧테크노밸리점,추천메뉴,스모크 바비큐 치아바타,4400,"쫄깃한 올리브 치아바타에 스모키한 바비큐 소스, 불고기, 치즈가 어우러진 메뉴",,http://imagefarm.baemin.com/smartmenuimage/upload/image/2026/7/7/Uho5zYr0C3qBJZnbZ709pZH5s-J-UD9SsUB-gI4Qo5QfQnUnYYy5Ih8Sq7gBOUcsJPB8EogX6MGKrVgNbthkFFeKR2hbMAINZeUztODu9oI=.jpg
컴포즈커피 배곧테크노밸리점,추천메뉴,꿀 토마토 주스,4300,국내산 토마토를 꿀과 함께 갈아 만든 달콤한 토마토 주스. 해장템으로 추천,,http://imagefarm.baemin.com/smartmenuimage/upload/image/2026/6/18/-d_w1FUGJsTA38vPqr-HpoAITvkVZ0Mr2szxutlt93Dj9GgraHob4DkK74rP5td09ZiAoooJfO2qLcEN2GTp7Hdrm5ZB4Jcyqyp-DOcMN5A=.jpg
컴포즈커피 배곧테크노밸리점,추천메뉴,그레인 바나나 주스,4300,바나나에 영양 가득 곡물을 더해 고소하고 든든하게 한 끼 해결,,http://imagefarm.baemin.com/smartmenuimage/upload/image/2026/6/18/Skpiov6kr2PmvKSbPYPjBtrV_4F1-DfLZxrrdHPp78sTWd9ka9KPWpSp6rHj3BFaL2ygQscMhZ6jTS8w61Rl6Mh8tGIX4EfmJjMLjTnZfaY=.jpg
컴포즈커피 배곧테크노밸리점,추천메뉴,논산에서 온 수박 주스,4400,"올해도 논산에서 왔어요
국내산 논산 수박으로 만든 여름 베스트 수박 주스",,http://imagefarm.baemin.com/smartmenuimage/upload/image/2026/5/12/CwB8WMlQQzFYR6l_UDtfnlfH--y9xxnJIB4j5q7ONelCB-sDi-Kv7gpfKyYaOBkgwmxtkkRez8WA60mIzNT22-J3tVRV70FXEpcBFxQ_QsM=.jpg
컴포즈커피 배곧테크노밸리점,추천메뉴,솔티드 쿨 리치,3000,"무더운 여름, 수분 충전 MAX
솔티 리치의 단짠 매력으로
가장 맛있는 수분 보충",,http://imagefarm.baemin.com/smartmenuimage/upload/image/2026/5/12/2YMXxJH1znr9BoyOdL7ZponfMyj8fhQ-ZPLACzhOI9whg-Zm4IGa6x_VE0qgMUVH8mQp6ebUPfP6CHbbTr-qGTu_I-1vVrII9Z1ocBtACU4=.jpg
컴포즈커피 배곧테크노밸리점,추천메뉴,빅포즈 솔티드 쿨 리치,4600,"무더운 여름, 수분 충전 MAX
솔티 리치의 단짠 매력으로
가장 맛있는 수분 보충",,http://imagefarm.baemin.com/smartmenuimage/upload/image/2026/5/12/rwJdRVo6r9srYVL8rQKpGKeZGu1ZexAv1hQvXzDqFjqO90yRfenedmXm4ZxPUXf_D3sEygz83c234bBdf8UVcyB85J0aOJK3OaxmHQ5KM3Y=.jpg
컴포즈커피 배곧테크노밸리점,추천메뉴,망고 자몽 요거빙,4400,"상큼 달콤한 망고, 자몽, 요거트에
쫀득한 베리펄로 풍성한 식감을 더한
망고 자몽 요거빙",,http://imagefarm.baemin.com/smartmenuimage/upload/image/2026/5/12/nyJvsS2Mhw0NcfJNhsB_Nu0BE4P_SHmeAYLTrC4VxL9LXwmKTlIw90ADnPls_J1e-RD_Gi6O6IkfrFjRL2qV1PI5odsJxsd_MX5mlP9q-AI=.jpg
컴포즈커피 배곧테크노밸리점,추천메뉴,연유 수박 팥빙,4400,"한 여름의 수박 빙수를 한 컵에
아삭한 큐브 수박을 갈아 팥과 연유,
수박 과육을 올린 시원 달콤 팥빙",,http://imagefarm.baemin.com/smartmenuimage/upload/image/2026/5/12/1hAFgZCeY0IilXuQl6IED4hLmq1yAu63ZcAtf65q2YjssXzneqEtdvv71aFNeN2KIO_J0avrALKBefTIeQZIhFn6TGMnmnmJtzUAStbwCvY=.jpg
컴포즈커피 배곧테크노밸리점,추천메뉴,너티 크림 라떼,3400,피넛크림의 달콤한 고소함이 더해져 너티한 비터홀릭의 특징을 오후에 편안하게 즐기는 크림 라떼,,http://imagefarm.baemin.com/smartmenuimage/upload/image/2026/4/14/uBAKyO7QoH-Ox04ZPly2fS9KpPL6NTN4zpjovhfg3zid-yW8DIrR6k63KFQQfinqlMOoVGSiWxi0pmkAV56K0JMpCqqEYx9pfbuV7mgbU88=.jpg
컴포즈커피 배곧테크노밸리점,추천메뉴,바닐라 크림 라떼,3400,진한 바닐라 크림의 달콤함이 더해져 비터홀릭의 다크초콜릿 풍미를 완성한 인상 깊은 오후를 만드는 크림 라떼,,http://imagefarm.baemin.com/smartmenuimage/upload/image/2026/4/14/v-qE6HE24hJCldnu99C-Hy121-O1gh8MclmG75y3OZPZF7tLnkehggEqKxeHLvcTYoRQpd1zE2RHYU8N5InjQJBxZcehozDuBFqxMZCWqmg=.jpg
컴포즈커피 배곧테크노밸리점,추천메뉴,파인애플 커피,3800,비터홀릭의 은은한 과일 산미에 상큼한 파인애플을 더해 리프레시 순간이 필요한 오전에 가볍게 즐기는 커피,,http://imagefarm.baemin.com/smartmenuimage/upload/image/2026/4/14/n6slyOKRmkOpmqTWp4FqR1Zu-eHAh7s7DMETK6x2bMmVMluDoT2zYDDp5lHVVjPEWnabTl6n25dmV5ZSiysWCJcXd9bE65Y0F_dQVJC3DOo=.jpg
컴포즈커피 배곧테크노밸리점,추천메뉴,빅포즈 파인애플 커피,5400,비터홀릭의 은은한 과일 산미에 상큼한 파인애플을 더해 리프레시 순간이 필요한 오전에 가볍게 즐기는 커피,,http://imagefarm.baemin.com/smartmenuimage/upload/image/2026/4/14/GVBi9BOBEBqYo0xmbzHgCaWservVseyDb9J7Kst_69PqXalk4DRvBJUcNO4qQm8U1inj_wpGYwFW4HHCisEFU7cmQaBLNsCJIv48Mi5rwoQ=.jpg
컴포즈커피 배곧테크노밸리점,추천메뉴,베러 댄 아인슈페너,4700,부드러운 크림 레이어로 기분 좋은 하루의 밸런스를 선사하는 기본에 충실한 아인슈페너,,http://imagefarm.baemin.com/smartmenuimage/upload/image/2026/4/14/gmK1qqbCm-iuyd3jtvqjk1yrwAGBw4GeZBAlrnNPJ3uMAZKByP3HhHdJQV9eCZqFBp68ya84n46RY-CT9ZlE-uKVHu8PYCzWWMG5wn5iaAk=.jpg
컴포즈커피 배곧테크노밸리점,추천메뉴,올데이 오트,4400,"디카페인 커피에 저당시럽, 오트를 더해 만들어 이른 아침, 늦은 오후에도 부담 없이 선택할 수 있는 건강한 커피",,http://imagefarm.baemin.com/smartmenuimage/upload/image/2026/4/14/z7r2zkPZCuxZpg7bMXnYteaEOQtDmm9y3R8NMAS0JoAQMTo8l3laVJ7Nh56kh2IvEzCxdMw-OrUc801rqxm9ApNvoYsnF64SBWGmdhJk1IA=.jpg
컴포즈커피 배곧테크노밸리점,추천메뉴,올데이 세트(대파크림/조리),4800,"아메리카노+대파크림 햄샌드위치 세트 
(메뉴 이미지의 음료는 아메리카노(HOT)입니다.)",,http://imagefarm.baemin.com/smartmenuimage/upload/image/2026/4/14/-DlEX7tNnSD78CGfylC08GOWY7jBgpj35mq6Jz40rMHVOtodxJLjUSohrnQrflRUyj9hJQU5-YWcdjaGbstyS4qJKIfaqXuLCAkE2gKAO4U=.jpg
컴포즈커피 배곧테크노밸리점,추천메뉴,올데이 세트(대파크림/비조리),4800,"아메리카노+대파크림 햄샌드위치 세트
비조리 선택 시, 냉동상태로 제공됩니다. 섭취 전 한글표시 사항이 적힌 감열지를 제거하신 후, 전자레인지로 30초 조리 후 드시길 바랍니다. (메뉴 이미지의 음료는 아메리카노(HOT)입니다.)",,http://imagefarm.baemin.com/smartmenuimage/upload/image/2026/4/14/bVMYvV8yBbHTAZfPtCvvIga8-PiECsoeEf5bCGxCHq-peTLyP_Y7c8ur6Sn13EdvHuUCKNfsLv2_gEBlr6Nm5mUVOTjh6nYXXLBgSheJyIY=.jpg
컴포즈커피 배곧테크노밸리점,추천메뉴,올데이 세트(치폴레/조리),4800,"아메리카노+치폴레 햄샌드위치 세트 
(메뉴 이미지의 음료는 아메리카노(HOT)입니다.)",,http://imagefarm.baemin.com/smartmenuimage/upload/image/2026/4/14/i_8eOdNgemgeOnhXDDMeRZnEuhCZW4Ybo1baDEvtNxxn1y2fFUPWOPZAbEr9mLbnQ8JcU95ViRDCG3iUR5HGtezo7oTfTDU7grvudOlFwpc=.jpg
컴포즈커피 배곧테크노밸리점,추천메뉴,올데이 세트(치폴레/비조리),4800,"아메리카노+치폴레 햄샌드위치 세트
비조리 선택 시, 냉동상태로 제공됩니다. 섭취 전 한글표시 사항이 적힌 감열지를 제거하신 후, 전자레인지로 30초 조리 후 드시길 바랍니다. (메뉴 이미지의 음료는 아메리카노(HOT)입니다.)",,http://imagefarm.baemin.com/smartmenuimage/upload/image/2026/4/14/26E8auVBrNpOGqGtiAsCBpzXn8BKFo7P9RMj1vfAn-y9AeAS1rCK11OVh9Mrwa-TCkyqJxQS0fKkb5aNvjoS7Cdo4p6BkQur5m6pXatgg0o=.jpg
컴포즈커피 배곧테크노밸리점,추천메뉴,인절미 컵빙,5000,상하목장 원유와 17가지 곡물이 어우러져 묵직하면서도 고소하고 달콤한 맛을 느낄 수 있는 컵빙수,,http://imagefarm.baemin.com/smartmenuimage/upload/image/2025/7/9/0XtwJJUrQxYTc2FGZ8-f1zoNG5sAS55YuMhZhEznT4tP6NL8EW008f_9skWkvRpKpq8xCYavyZxAMP53JeG8phXLmc6dHy8YRxap3eW2xEM=.jpg
컴포즈커피 배곧테크노밸리점,추천메뉴,팥절미밀크쉐이크,5000,팥과 인절미 떡을 더해 팥빙수를 마시는 듯한 밀크쉐이크,,http://imagefarm.baemin.com/smartmenuimage/upload/image/2025/7/9/99uDtL5nBZ_1ez3z7UtIwCorwct62nSRUN3OrDOGyAm_rq0hvqu0i9-vZlYSHiaQk29mbgHx6juMEEUDencl3hG79yGuO4WS8Pw5jb01DJ0=.jpg
컴포즈커피 배곧테크노밸리점,세트메뉴,아메리카노 6잔 세트,10000,,,http://imagefarm.baemin.com/smartmenuimage/upload/image/2024/4/19/bqyiSvAaaWYZ0JDGOJiOTQTOJsdxx6imU9RKGqgLtCCclW1FphGGKI8ZdsRZ3veLDTBFnmgHnO63mvctpvxlw_loI2SnGFOEcdUpwifLQ5A=.jpg
컴포즈커피 배곧테크노밸리점,커피,빅포즈 아메리카노,3500,진한 에스프레소에 물과 얼음을 더하여 컴포즈커피의 고소함과 커피 특유의 쓴맛을 초콜릿티하게 표현한 음료,,http://imagefarm.baemin.com/smartmenuimage/upload/image/2024/4/19/APCnr1e6rKBRe_SUvBoVgyi8LeGFcZvsNvsfPqdkiPBHvrS3PlTUMbyJyVGBTz24_0cf6vOCyowTzXwA_K7HaxBji0i1GjmyFD3I4uDNQNs=.jpg
컴포즈커피 배곧테크노밸리점,커피,에스프레소,2000,비터홀릭 원두의 풍성한 크레마가 입안 가득히 느껴지며 고소 쌉쌀함이 담긴 음료 (HOT컵으로 기본 제공 됩니다.),,http://imagefarm.baemin.com/smartmenuimage/upload/image/2024/4/19/u6Z2HcY7190nsSldOG9F9SaS1QZe-YA9s3kYcuVfxYvBpkkZLxCuXQD3AnpfIbY8Q1KFkc2_KiVwPVLCJYb7EY5L-i5VhthBPIXAzhm42Xs=.jpg
컴포즈커피 배곧테크노밸리점,커피,아메리카노,2000,진한 에스프레소에 물과 얼음을 더하여 컴포즈커피의 고소함과 커피 특유의 쓴맛을 초콜릿티하게 표현한 음료,,http://imagefarm.baemin.com/smartmenuimage/upload/image/2024/4/19/DVxOku5OR8Dgu5ikv01qIyd9eap5fsDi3_WXvRozvDt-YP8icVeXg9NS9SvgqWRmQuxcXxuUR0gOcm2QhtreGNL-7SH1HYLhdr0eu58PqzA=.jpg
컴포즈커피 배곧테크노밸리점,커피,꿀 아메리카노,2800,,,http://imagefarm.baemin.com/smartmenuimage/upload/image/2026/2/6/9vnFX7YQWiQV6vpWAaVvEP4nV2KFH05Dqkq4Os3dwNur5nM4erp3y9_ca4pTyIm-kGTASqffkASanhUupx0iAUcMamIwd9W5qOZyc6f1C6o=.jpg
컴포즈커피 배곧테크노밸리점,커피,컴포즈 믹스커피,2800,,,http://imagefarm.baemin.com/smartmenuimage/upload/image/2026/2/6/O1WS0GHCdufwB3L0zdj2Vkz8WQ2l-2qC4bCRfZA_nJSeQUKh6nYS3gD9bg4-HfU_jm-yx4OKaVkyYnLA1FrIgznL1PzP-o3Yv70FC_XtIqk=.jpg
컴포즈커피 배곧테크노밸리점,커피,카페라떼,3400,진한 에스프레소에 우유를 더하여 부드럽게 마실 수 있는 음료,,http://imagefarm.baemin.com/smartmenuimage/upload/image/2024/4/19/5TRrEYU4njKAOuajq98vfzaBDlto7h2K4e7SDPUX3l5qFf7RgWNVKRlLEYE4PK51d_unRyAH-ogqoVZ0uXxOZRBgm6NSBR4vK0Nfe44antw=.jpg
컴포즈커피 배곧테크노밸리점,커피,빅포즈 카페라떼,5000,진한 에스프레소에 우유를 더하여 부드럽게 마실 수 있는 음료,,http://imagefarm.baemin.com/smartmenuimage/upload/image/2025/11/27/4T3eKSc2BkWNh5tvuCqyEWOk8HOjktmJUEtApUmSXzSWz2RzxJcaJc188gIkuJB1TK_hY5OPnjZEq2-QfA87QGedFm9dz2FqVY5VfwpFVT0=.jpg
컴포즈커피 배곧테크노밸리점,커피,카푸치노,3400,풍부한 거품의 스팀밀크와 향긋한 시나몬 향을 느낄 수 있는 음료 (시나몬 없이 주문 가능),,http://imagefarm.baemin.com/smartmenuimage/upload/image/2024/4/19/zG79Ul7l-SITa4Tv_YEPtFeEk1vASzbJxL6xNWutQC5B-aHCj0Ek42-n8RRXSTMSYbuJLwjL-2SiJUVw0os47Ey_vIn7bz-Z-4kuToOd43s=.jpg
컴포즈커피 배곧테크노밸리점,커피,바닐라라떼,3800,바닐라향과 부드러운 카페라떼의 조화,,http://imagefarm.baemin.com/smartmenuimage/upload/image/2024/4/19/uC3TjgPXYcPh4emyz6N4MIaGNgGszzAylOqXORwxqS_I_Dbq1QW0N1vddou6IQUNUdLDK2EWYQWDWLnpa4qlJaoyZ1LYyBAiLJCactiu8L8=.jpg
컴포즈커피 배곧테크노밸리점,커피,빅포즈 바닐라라떼,5400,바닐라향과 부드러운 카페라떼의 조화,,http://imagefarm.baemin.com/smartmenuimage/upload/image/2025/11/27/zPmbF9l4vhdfGiHYKuc9aM2IlQ7omkbhmF02aneBHYu0F-FwCIL5aIgZa3zUhyERj-h3YZDWndpkaEV87EdcQlybcJSixWus6z1C9--D4DI=.jpg
컴포즈커피 배곧테크노밸리점,커피,헤이즐넛라떼,3800,헤이즐넛 향과 부드러운 카페라떼의 조화,,http://imagefarm.baemin.com/smartmenuimage/upload/image/2024/4/19/eXzvouDI0oQJNEVmpPrl4c8xRbAL9KDAKDX-03ccoaiAfRoyBWbnjm7WhYuDHE7xisirW2XKG-TJGLf_-DuIA-WEg64g8fNz8Ir4d86Nqc4=.jpg
컴포즈커피 배곧테크노밸리점,커피,빅포즈 헤이즐넛라떼,5400,헤이즐넛 향과 부드러운 카페라떼의 조화,,http://imagefarm.baemin.com/smartmenuimage/upload/image/2025/11/27/zM52T6mxoslVIbP1X-xc-ZPw_lGyg_8bLoqJ4VRBVs3D8VUG-mE09PE_lLncpmlRxCffehuP6-YW-tTuTpGGAT9cCKmw7tZmQEj6OoBbCI0=.jpg
컴포즈커피 배곧테크노밸리점,커피,카라멜마끼아또,3800,달콤한 카라멜과 부드러운 카페라떼의 조화,,http://imagefarm.baemin.com/smartmenuimage/upload/image/2024/4/19/YKxA5Zl_jw4bVt75V3Uj2V6G2DQNTMONu-GwoXfrK0aKvjsPFNNgsMy9R2G8OxkqnznJKOd4mKhx0HbSzhPePNePgUEXEGVfmODZ2OdIdhc=.jpg
컴포즈커피 배곧테크노밸리점,커피,카페모카,4000,달콤한 초콜릿과 부드러운 카페라떼의 조화 (휘핑크림 없이 주문 가능),,http://imagefarm.baemin.com/smartmenuimage/upload/image/2024/4/19/V6RgdpHLJqHfIdiPs_lAI2FM8524fXTiuZvYkNl8BTtXm6cHTD-vwEt3Fd214f3N5Xe67Q1RKcm1Mf1rOsBg3r3iqdaboF1JtpTh_RqOHN8=.jpg
컴포즈커피 배곧테크노밸리점,커피,아샷추,4000,,,http://imagefarm.baemin.com/smartmenuimage/upload/image/2024/10/25/9bqkn5-fpJepJ_trPH3br-3RPzvMwEaxeO5cHuvYQnHKHo-CW-xIsNlj9EN1WeaQUZuY8p3ecXzvE-G1VEC5vEzqz_tzF-4cWrSKJ4AaR9g=.jpg
컴포즈커피 배곧테크노밸리점,커피,빅포즈 아샷추,4900,,,http://imagefarm.baemin.com/smartmenuimage/upload/image/2024/10/25/wXLaMc-V3fT8T7sciTLY8g6B6hVZ-RkUKjJhZ1qqrfhxbX4AwSIv2YsU0khKmgpbP7NIB7fbxFIF64OjR-T214LcdPG9z0NlfJ8rxqxAdaE=.jpg
컴포즈커피 배곧테크노밸리점,커피,돌체라떼,4300,달콤한 연유와 부드러운 카페라떼의 조화,,http://imagefarm.baemin.com/smartmenuimage/upload/image/2024/4/19/3sfqjLeB92A48uU7P2vTlkUMhT0f9MlPOrG8uJ_esHov4EtPwkwpOAfapeqrLcagI28LeqDkxW7qrc2SUKrVZLE7qlpCaqu-mwZCwDLf3Hc=.jpg
컴포즈커피 배곧테크노밸리점,커피,빅포즈 돌체라떼,5900,달콤한 연유와 부드러운 카페라떼의 조화,,http://imagefarm.baemin.com/smartmenuimage/upload/image/2025/11/27/RCOyKsqxljB_SpTxlkv6cjF9z1DoEGUuxFcpo4vVextW4-tbsioGZPWbce26wMMd3rhl2ejjEe9onSqEVq6fId38kHRc3-YYx_k-YnzteCk=.jpg
컴포즈커피 배곧테크노밸리점,커피,흑당 카페라떼,4300,달콤 쌉쌀한 흑당과 부드러운 카페라떼의 조화 (펄이 기본 제공되지 않습니다.),,http://imagefarm.baemin.com/smartmenuimage/upload/image/2024/4/19/653HNGut-rSX3LgapHEWaktRq5p0dkdyec94__SHHXiX1x7CL1rFLaimyUptVmmOPrOifyXVJjzJ9OTgHCJaVVF0MMKr-R7nTDosjNkktdU=.jpg
컴포즈커피 배곧테크노밸리점,커피,흑당 버블 카페라떼,5000,"모리셔스 흑당의 깊은 단맛과 에스프레소, 쫄깃한 타피오카 펄의 조화",,http://imagefarm.baemin.com/smartmenuimage/upload/image/2026/7/7/6evR1aXhmPgW79PMt3cxXQAhCkxghXF5J_uXNjFedzZyJqW6Z-a5WIEwFmLM6Idu_uThld6NTEIEb5MqqHYsvDwfL0_frgNQL1fBm6dm0Nc=.jpg
컴포즈커피 배곧테크노밸리점,커피,아인슈페너라떼,4700,카페라떼와 컴포즈커피 시그니처 크림이 어우러지는 음료,,http://imagefarm.baemin.com/smartmenuimage/upload/image/2024/4/19/V_vxSI4w8NFlvb1ui3RbPRXyuKYlmYTBbIA7O-UV3TmlmUpo0hh8N7_Yqh5CSPb1p0c-11jzGMt_s8i3Y9UqU4KyqDOeT_gaMIxDUL0kJOQ=.jpg
컴포즈커피 배곧테크노밸리점,커피,달고나라떼,4500,달콤한 카페라떼 위의 달고나,,http://imagefarm.baemin.com/smartmenuimage/upload/image/2024/4/19/7msK8J7tvcrOHUYxOuBiW557wYuSP8UALv_iq6JdmnF1ivMILKxdrketYbIkBvSJH0ZcYHTC-tY1H-1U1giq6C4a8W-grMzweMfn5_0PEPU=.jpg
컴포즈커피 배곧테크노밸리점,커피,콜드브루,3800,찬물로 추출하여 풍부한 향을 가진 더치 아메리카노,,http://imagefarm.baemin.com/smartmenuimage/upload/image/2024/4/19/OwBxoYjQHXXobw4lNRP6IJB_OdxYsLKOo4Gbhm9jnKyjDHlOcvE3xZZOx9P1z1iQmo-NHYufLTYdZ2fMSp6TvRAuIW97q0ZcZWs_q4_7r8U=.jpg
컴포즈커피 배곧테크노밸리점,커피,콜드브루라떼,4300,찬물로 추출하여 풍부한 향을 가진 더치와 부드러운 우유의 조화,,http://imagefarm.baemin.com/smartmenuimage/upload/image/2024/4/19/wvoIDOGXIdOGg8LoICwxLejFjvW0gvuLlDoyiC8_OjGgcIytdCQaNmh6GIGZOQccdmy8vCWEHZkAjeabmRLSd6OYBMbqDOeLhMfYGzvw70A=.jpg
컴포즈커피 배곧테크노밸리점,커피,매샷추,3900,"매실차에 샷 추가
SNS 화제의 컴포즈커피 샷 추가하면 
맛있는 음료 시리즈 1탄",,http://imagefarm.baemin.com/smartmenuimage/upload/image/2026/3/20/5mHLkPNCJzKFYxiVJXXPyXEh6DuxjV5dbXG4cSAVlZDa9XFZYg-PaiLFkSdrBqAiLjqhAqwVLg_jtY6hPMoSVaQDJ1zaXd2C_Uyz_urgfBk=.jpg
컴포즈커피 배곧테크노밸리점,커피,에어리 아메리카노,2800,"공기 주입을 통해 아메리카노에 부드러운
목넘김과 풍부한 커피 풍미를 더한 에어리 아메리카노",,http://imagefarm.baemin.com/smartmenuimage/upload/image/2026/3/20/Oczi3noH7tHvhhic4jeOyry5Fw1tJl1TWFyb0H0u5fsWs_PMsumP1kZYu9VUWxziYxxLIzqVLfm042v-WwT37v-cfmP7JD5GIcP5EfpzlPs=.jpg
컴포즈커피 배곧테크노밸리점,커피,쫀득카노,6800,아이스아메리카노 + 쫀득쿠키,,http://imagefarm.baemin.com/smartmenuimage/upload/image/2025/2/13/QEORdY2emeGuUPudNb_EDMBChuP9hJzHnwI1xSAX5x7NThtH5YV7ZICje-PoK6C3kkJa1UkBJ9Sq1DcoHnj63sMiUVi7yhcmS8Qo8Q6t6dA=.jpg
컴포즈커피 배곧테크노밸리점,커피,커피엔 역시 커피빵,4800,아이스아메리카노 + 커피콩빵,,http://imagefarm.baemin.com/smartmenuimage/upload/image/2025/2/13/fYerIzNYIHXtWZylVVUBcsm_NbHDTeqdTQSinKpAR-pixaJsLn_q1wTLn6_H44tsqjdN14XPxYeLX7xE0cVupjF_IQ4UZudVg6-_rO1J9OY=.jpg
컴포즈커피 배곧테크노밸리점,디카페인,빅포즈 디카페인 아메리카노,4500,콜롬비아 디카페인 원두를 이용한 에스프레소에 물과 얼음을 더한 음료를 크게 즐기기,,http://imagefarm.baemin.com/smartmenuimage/upload/image/2024/4/19/TvEGwtoddRxo-wrgAXizSrRZ30BssFpSxgoENbR0x11j9vr6qaNZeJXcaxaiHmdWuvh3Atm8hg4sSLckPdu3xk-95VQK9C17BZT-Vcr4rvc=.jpg
컴포즈커피 배곧테크노밸리점,디카페인,디카페인 아메리카노,3000,콜롬비아 디카페인 원두를 이용한 에스프레소에 물과 얼음을 더한 음료,,http://imagefarm.baemin.com/smartmenuimage/upload/image/2024/4/19/Qenme5g7VbgHpwjvxv0IsDsLZlqoCMI-XOjOwgqPeHwaHSLp7hT-gvRDMHiMtZgTUzlNX7XtsTkG0bZmqvlKu_9mZ7TH0nALkZxW9A0wMmY=.jpg
컴포즈커피 배곧테크노밸리점,디카페인,디카페인 카페라떼,4400,콜롬비아 디카페인 원두의 부드러운 향미에 우유를 더하여 부드럽게 마실 수 있는 음료,,http://imagefarm.baemin.com/smartmenuimage/upload/image/2024/10/25/H27dU8eTDoqGnreFjkEZqCssQQD40ercxrU_jPRS_B-L_zo33K8rYhmx4QgBvO0-iZ8djlGcOtetIB4TKtAv6KzMepiNzb-LQxhJUk5Rwcs=.jpg
컴포즈커피 배곧테크노밸리점,디카페인,디카페인 바닐라라떼,4800,콜롬비아 디카페인 원두의 부드러운 향미에 달콤한 바닐라 시럽이 더해진 라떼,,http://imagefarm.baemin.com/smartmenuimage/upload/image/2025/3/4/PwWADtKh4mlOUGYGFhYrnxxkTyeSQrOziYaSZCrPoYmI8QMWGN5JgE6OM3sfUbYlh2dv8OHbc3l_RpFBFT5ftYbwPlLGjwMYw5wRdpIQnxM=.jpg
컴포즈커피 배곧테크노밸리점,디카페인,디카페인 헤이즐넛라떼,4800,콜롬비아 디카페인 원두의 부드러운 향미에 은은한 헤이즐넛 시럽이 더해진 라떼,,http://imagefarm.baemin.com/smartmenuimage/upload/image/2025/3/4/Ctioqprq9FQd0ASEN6NQffLz_duyk6VoJOFAWJw_globRQww4MB9LlWfJwKxA0WKGL0olnPTX-xC-agPppGzF9h876SCaz25k2a2vzLp9Nk=.jpg
컴포즈커피 배곧테크노밸리점,디카페인,디카페인 돌체라떼,5300,콜롬비아 디카페인 원두의 부드러운 향미와 달콤한 연유가 조화로운 라떼,,http://imagefarm.baemin.com/smartmenuimage/upload/image/2025/3/4/6GcDJJgWDNejNCLp_h0ZOg-RadDvPypDu2KDvnpOjbYROW_LO-WFHUGmcTpcLmUiudAgt1gOgOLVZsYilW1uZ4j9PrT0b8_mKmvTMLKaark=.jpg
컴포즈커피 배곧테크노밸리점,디카페인,디카페인 콜드브루,4000,부드럽고 밸런스가 좋은 디카페인 더치커피,,http://imagefarm.baemin.com/smartmenuimage/upload/image/2024/4/19/C9XyzzbXHDSy-4Pn_uQ95bcb8nfaecw9VdTpvhtd7f2VYynHB_u4FfcMjEy5netky2cUoZ8mDaywCBNo6Em4GNoxc7RelGISxAfMBTCKuNg=.jpg
컴포즈커피 배곧테크노밸리점,디카페인,디카페인 콜드브루라떼,4500,부드러운 디카페인 더치커피에 고소한 우유를 넣은 라떼,,http://imagefarm.baemin.com/smartmenuimage/upload/image/2024/4/19/BVfnPnvV6LSJ_fP4m8qkXMJT75_0saSucRznuZ60FPX1qQEQhQdS5yj9UQRAg_D6lXTr5eKoA0PJDCrvBWGlFXLldsgi6SkIGl2Cd3LvBe0=.jpg
컴포즈커피 배곧테크노밸리점,베버리지,부여밤라떼,4000,"부여 알밤과 사과의 달콤함이 
우유와 어우러진 부드러운 라떼",,http://imagefarm.baemin.com/smartmenuimage/upload/image/2025/10/28/O_H7k_96nzNgOmyxlcZZ7NiQ4JBS6wlvOgaXyNgbeb_pmFqDxTrxDDkMMLnVszEOfb5JP-hIv23xlWKLkKx64uPUo_qZvTMvnWhHLTGmK4E=.jpg
컴포즈커피 배곧테크노밸리점,베버리지,곡물라떼,3800,17가지의 곡물과 우유가 어우러져 묵직하고 고소한 맛을 느낄 수 있는 17곡 곡물라떼,,http://imagefarm.baemin.com/smartmenuimage/upload/image/2025/4/30/56Yv59PP4WxHJRkhCUmo1uMDMNM7lGSymF8NaCerMxNFycwtuR-QCdbM3z9I7xCOuo_NF2Vb4OMRCAwSfBYFzo3oWYSfwk4s8dIROcZl2iw=.jpg
컴포즈커피 배곧테크노밸리점,베버리지,고구마라떼,4000,자색 고구마와 우유가 어우러져 달콤한 고구마라떼,,http://imagefarm.baemin.com/smartmenuimage/upload/image/2024/4/19/AvVUGZyavgOH_iJp9H5zyVfw5goo2SGR51-d2zg4H4Ae9OPVeTnyA0IV8_A4WeAD9AgdYKstrHloT2UnNGu1mg6qPzrb7TAsK_NGkkXz8oY=.jpg
컴포즈커피 배곧테크노밸리점,베버리지,그린티라떼,4000,진한 녹차와 우유가 어우러져 부드럽게 마실 수 있는 녹차라떼,,http://imagefarm.baemin.com/smartmenuimage/upload/image/2024/4/19/Pu-1KQSdqzV9uaM1bTkesQoXfxZW8DWGG-kBG6n47riFkXjYGuxxB8Eg7keybvAOhdfbc_Vkag0M0x6SF0z2KoIs7_V7QnREteRgozlqCG4=.jpg
컴포즈커피 배곧테크노밸리점,베버리지,더블초코라떼,4000,진한 초콜릿과 우유가 어우러져 달콤한 초코라떼 (휘핑크림 없이 주문 가능),,http://imagefarm.baemin.com/smartmenuimage/upload/image/2024/4/19/-xo3PipVBfrwYJsepv5Iz30Io6q6XySfJyS9BF6BOtmnxi_wuP55nv0QKM6yi56XfvAHlNADc7EqBeR8cON60xk-zz281AK68ieghgroelI=.jpg
컴포즈커피 배곧테크노밸리점,베버리지,쿠키초코라떼,4000,초코 음료에 초코쿠키 토핑이 더해져 풍부한 쿠키앤크림라떼 (휘핑크림 없이 주문 가능),,http://imagefarm.baemin.com/smartmenuimage/upload/image/2024/4/19/bdiJqvAlsHRT__yLS1JBhULVyYOTCcjtTzoxQ7NCMKos-ZBHC68om1o7J4jz7mg0Twrt_6dSi0yIQzZfHgdjqfJad5FEWaTvXvrgKVOTfvE=.jpg
컴포즈커피 배곧테크노밸리점,베버리지,흑당 라떼(논커피),4000,달콤 쌉쌀한 흑당과 부드러운 우유의 조화 (펄이 기본 제공되지 않습니다.),,http://imagefarm.baemin.com/smartmenuimage/upload/image/2024/4/19/JdeKZDAN-_yDGlwsza-BtDzwMCZTEL8S8KyXRye07Lm-_zhrxp2EeiFMpGC9QAzLr5FJ26BiQNq3LPvmB7vsSvgH8hOH_Od7Rc0KW7HiZRc=.jpg
컴포즈커피 배곧테크노밸리점,베버리지,흑당 버블 라떼(논커피),4700,"모리셔스 흑당의 깊은 단맛과 고소한 우유, 쫄깃한 타피오카 펄의 조화",,http://imagefarm.baemin.com/smartmenuimage/upload/image/2026/7/7/qmCC5HCeYAQQOVpnAm0royoxC7jTiechaDwCvOPH3ToKp4eoHKFKEMYEbTBbxmi6dBx3gvIXdJAxUlQcl8xnluoXshs9Kz7LhDZcK0-QaUs=.jpg
컴포즈커피 배곧테크노밸리점,베버리지,밀크티,4300,진한 홍차 향과 부드러운 우유의 조화,,http://imagefarm.baemin.com/smartmenuimage/upload/image/2024/4/19/jelHsON2xOmEnSo0-VrjB9FTl04FRiv41RFbxNnSzCmTyhxIrTQ5BPbFekf8i9gXviaGHCTMb0hWQNB9IsCAuIRBhF1DqjMl2o9E2NzPO-o=.jpg
컴포즈커피 배곧테크노밸리점,베버리지,딸기라떼,4300,딸기의 과육과 달콤함 그리고 고소한 우유의 조화,,http://imagefarm.baemin.com/smartmenuimage/upload/image/2024/4/19/z7O2Qqiv_GQE_3pKaMfbGA4z0mrSyeA3rGq_cGzc3avmQz6LT8x7GwxiYspMqMj6MInAdg1zCM_z4Ewh-z--7eHOesx5S5sFTmEg1jO51-Q=.jpg
컴포즈커피 배곧테크노밸리점,베버리지,망고라떼,4300,망고의 과육과 달콤함 그리고 고소한 우유의 조화,,http://imagefarm.baemin.com/smartmenuimage/upload/image/2024/4/19/WZRkGjS48nCoH8mZvilXrQBG9b5wiHrm6Sqmcr5u9KS3V4_3tk1-KqVCTODQg4Yo63Njg_mclQ5McL8WL2FpWPh43Scg07knP39SZpvWXQE=.jpg
컴포즈커피 배곧테크노밸리점,베버리지,블루베리라떼,4300,블루베리의 과육과 달콤함 그리고 고소한 우유의 조화,,http://imagefarm.baemin.com/smartmenuimage/upload/image/2024/4/19/CiWxLvDZlFqo7luTe1Glfg9rc5JA3ddJ2iol0TcRbb1zA7_qQUcD6xUhT-xdpspZbhudOtMW4BeJaU04-Z1toUWAlUT8yFMlYAPJaqojFq0=.jpg
컴포즈커피 배곧테크노밸리점,베버리지,생초콜릿라떼,5000,생초콜릿과 초코라떼가 어우러져 진한 초콜릿 풍미를 느낄 수 있는 음료,,http://imagefarm.baemin.com/smartmenuimage/upload/image/2025/6/24/GECAm8isP5nQcxfNcjZ8Swcf7XkopOg5m2deNX6LqK87vTqZ5hm2-XdD1_O0R0nnR1gbvrOyN6-boeprBIx0hSyChufsh95trsjsOMhYIFA=.jpg
컴포즈커피 배곧테크노밸리점,베버리지,딸기생초콜릿라떼,5000,쫀득한 딸기 가나슈가 들어간 딸기라떼,,http://imagefarm.baemin.com/smartmenuimage/upload/image/2025/6/24/yBOZJiSEfHSojib5GGFy7x3TncyibaodoCeU2HUoctEm0NUUClAeSE-qKP6kFtuggXu_Fp4tyW-JRFNIRkL_ed5kreJdhi9QXf29igXktt8=.jpg
컴포즈커피 배곧테크노밸리점,밀크쉐이크,플레인밀크쉐이크,4700,우유와 상하목장이 더해져 부드러움이 가득한 밀크쉐이크,,http://imagefarm.baemin.com/smartmenuimage/upload/image/2024/4/19/HW44kTCOhnHhxLQ1_sEd5SbvN7_zs2dQMX-uU47066tp64Ma2pGmoakiwQGH8qtP9vW5FDdUF-vUmP4RsPSquKvGZ726AGVE0ZUeHn7751k=.jpg
컴포즈커피 배곧테크노밸리점,밀크쉐이크,캔디소다밀크쉐이크,4700,캔디소다의 시원하고 부드러운 향이 더해진 밀크쉐이크,,http://imagefarm.baemin.com/smartmenuimage/upload/image/2024/4/19/bEJ4atfhfNYfUOdYcKWS2MFRhS52wF44i0keuC3E-JBEwvFOEsViSjkoEwIomq8v3fvd93_tQntC_3M5ES1YJA63lVyw0PFEnHNszU__ZFk=.jpg
컴포즈커피 배곧테크노밸리점,밀크쉐이크,쿠키밀크쉐이크,5000,달콤한 캐러멜과 커피 쿠키가 더해진 밀크쉐이크,,http://imagefarm.baemin.com/smartmenuimage/upload/image/2024/4/19/oIWN4nT630CitJrTQde1GWnZ5dRw-rDdXF1r6qkZtdiQdeefuOeB_OYwH3a1xqK8A7x1IVeFed69-Nm7hjZvfYe0CXR-jrE0e0luiBFoth4=.jpg
컴포즈커피 배곧테크노밸리점,밀크쉐이크,커피밀크쉐이크,5000,밀크쉐이크에 진한 에스프레소를 부어 달콤쌉쌀함이 어우러지는 음료,O,http://imagefarm.baemin.com/smartmenuimage/upload/image/2024/4/19/yXhedxCIMdb_TdpboS3vZ1U6qeIKUjgfKVFQfGZi3Nd76WKpe4QmiEGDKr57Y6TE8J3jOUEFPrZe2v4v2CLVb_E-aMYJvLTbkawnszG0mtA=.jpg
컴포즈커피 배곧테크노밸리점,스무디/프라페,딸기 치즈케이크 스무디,5400,,,http://imagefarm.baemin.com/smartmenuimage/upload/image/2025/12/18/NVOL10j1ojqioN0PdURfJWpw6UVgJzLLWKmGnhFAwWlvp2_Jnr4lUVMon664r2wztKLIAw1r-5kfBm0Mh17RBKr6-YST89Q9j5TtiE1Xcrk=.jpg
컴포즈커피 배곧테크노밸리점,스무디/프라페,딸기스무디,4300,딸기의 과육향이 풍부하게 느껴지는 블렌딩 음료,O,http://imagefarm.baemin.com/smartmenuimage/upload/image/2024/4/19/2IjCbGhLG_KCmK0sXrQd81LoIvedc704d14kcxzvQAwiMFt0WWuM1mPerr-VkPAn7gl_gOzFXUzIIQuIyEdJjlKHf7IP8y5le0UOfQp2Eok=.jpg
컴포즈커피 배곧테크노밸리점,스무디/프라페,망고스무디,4300,망고의 과육향이 풍부하게 느껴지는 블렌딩 음료,,http://imagefarm.baemin.com/smartmenuimage/upload/image/2024/4/19/JzUlDBcY9wSGhtgwjhbcg8cc7IPh8nDLjza2ittaVQo4HYgFKHtVa9BcgLlrO4h9K1Pfc8dLup0xPvvxZl4MtvouofAP9jOvzN3RIUMGZDI=.jpg
컴포즈커피 배곧테크노밸리점,스무디/프라페,블루베리스무디,4300,블루베리의 과육향이 풍부하게 느껴지는 블렌딩 음료,,http://imagefarm.baemin.com/smartmenuimage/upload/image/2024/4/19/7JbJoX1dye6mf6l-tqDAOG4Qjcc10s_oB-jZkWrkxExRdMiVtndEQ9hur2LV9bNbx3dhhGZpMQBHE8Bz5kZyuIIRw_CysI_G9XYGUnhLzkQ=.jpg
컴포즈커피 배곧테크노밸리점,스무디/프라페,딸기요거트스무디,4500,딸기와 새콤달콤한 요거트가 잘 어우러진 블렌딩 음료,,http://imagefarm.baemin.com/smartmenuimage/upload/image/2024/4/19/7eeQamn3C7tqPpHYevbyHIV2aupbCGMxKRY4119QrFtTvRkOOJJ1UQdiSUBetn5qcCKfpS0YeKbsOz7ql5SUewxu67apDC96MepdF57JRK0=.jpg
컴포즈커피 배곧테크노밸리점,에이드/주스,자몽에이드,4000,자몽 과육과 탄산이 만나 청량감이 가득한 음료,,http://imagefarm.baemin.com/smartmenuimage/upload/image/2024/4/19/6F5Q20v2DALwHA84FWu_qdW1TVy4K6ALVgs5T54Y0rZjbo4y7mkY_tEEo-BmUkbA4nzkKcopNTO3kitp0yCRNCN1jzzxJOw_Xlg4Dq2JOOY=.jpg
컴포즈커피 배곧테크노밸리점,에이드/주스,레몬에이드,4000,레몬 과육과 탄산이 만나 청량감이 가득한 음료,,http://imagefarm.baemin.com/smartmenuimage/upload/image/2024/4/19/iz7qpRghevzwdmlJOKfj_snwQGlcu-IWxZIPK4ixoC8r9uYU-m9XFw9coKuPsq9bCQ15w2xXe7FSB9zljH7Gj9b8jSqJ-HNImWG1fW8gSD0=.jpg
컴포즈커피 배곧테크노밸리점,에이드/주스,망고에이드,4000,망고 과육과 탄산이 만나 청량감이 가득한 음료,,http://imagefarm.baemin.com/smartmenuimage/upload/image/2024/4/19/kImwr0slDE8rGGSTXt91I6LVgxcTLIXdz1dGfqf65xua-wH4cL5VZT2dJ2d5XnASIiOHlBwY-Vl8sU6hicuCzbt1qX6uNE5xj_GUB7DSYrk=.jpg
컴포즈커피 배곧테크노밸리점,에이드/주스,유자에이드,4000,유자청과 탄산이 만나 청량감이 가득한 음료,,http://imagefarm.baemin.com/smartmenuimage/upload/image/2024/4/19/xICuHbMxGPwYwKjQL0FgXuwv9xeX_WUlPrziLcJyu9zaXb4z30aOxqbUNDr_sMNNqTwRQ4hX_peYaubMv8eWdUQqRyGQMeTgmNFANkUGCKo=.jpg
컴포즈커피 배곧테크노밸리점,에이드/주스,블루레몬에이드,4000,레몬에이드에 블루색으로 시원함을 더한 음료,,http://imagefarm.baemin.com/smartmenuimage/upload/image/2024/4/19/lHYT7g0EMNzT3_lh35rvGMr9p-JdGJVqs5ibi9TPhi24M-dmtl6vQ6v7SzCzdIzp-lIXUVQYq60e9TkRXWd6FKBHmvpSEH5BY_GIO3OehaI=.jpg
컴포즈커피 배곧테크노밸리점,티,페퍼민트,3000,시원한 페퍼민트 향을 담은 허브티,,http://imagefarm.baemin.com/smartmenuimage/upload/image/2024/4/19/swOron4mZIu8rnG4gKhs7ca7p_OnbTCXrubiQZcHFmRLFS1kiDPebYZUrPg_-dM4QM_uy76bR6omFijSVWMozwIikfOjdstTpK7u-a3AM9Y=.jpg
컴포즈커피 배곧테크노밸리점,티,캐모마일,3000,향기로운 국화향을 담은 허브티,,http://imagefarm.baemin.com/smartmenuimage/upload/image/2024/4/19/iJhOETX81Ow3Tn-A0z9KtkTvanpggPJd1NvKvKD5ZmjOVLZvGQHPCAroeCrHLOo7jR1Y_AfOP9WT0QxLBV0fxnfIrNOsOLS0B-G1SqyWSYI=.jpg
컴포즈커피 배곧테크노밸리점,티,히비스커스,3000,,,http://imagefarm.baemin.com/smartmenuimage/upload/image/2025/2/13/ANbQMPpOakj_SlQ7uleCV1uNiDfCXB0vpmMptfk2D2TEd7WPyxN3NuzyLCPaILKJuB-M3HV26I8j7tnPJ0D6kAmFGLmaCyv2AMySFeOKoJQ=.jpg
컴포즈커피 배곧테크노밸리점,티,블랙퍼스트,3000,진한 향과 카페인으로 아침에 마시는 홍차,,http://imagefarm.baemin.com/smartmenuimage/upload/image/2024/4/19/V21K70OdpY95AotHFyjQp9dLYbJnTnZWx2skwT06fIUfjryc4LHU178QD7eEHxYrHKVG_K8Nzy9IbwwMP_vkYy_qHyn1MtCb4p97EkcPsko=.jpg
컴포즈커피 배곧테크노밸리점,티,얼그레이,3000,베르가못(감귤류의 한 종류) 향을 담은 홍차,,http://imagefarm.baemin.com/smartmenuimage/upload/image/2024/4/19/cva3Zp0hrXYPfl0b2FKyb6vdLp1e6ddl8qZvSHeX-bzbCtbQnbuNitIqriQb7GhFd0HuK9Y2BJxTRHYPSwbqeMdkUD4_Ufs0upZS7SCMyTs=.jpg
컴포즈커피 배곧테크노밸리점,티:베버리지,대추차,3400,추운 날씨를 녹일 수 있는 깊은 대추 풍미의 따뜻한 전통차,,http://imagefarm.baemin.com/smartmenuimage/upload/image/2025/11/25/7RDL_R8jSXKxUbA1CRo7Whok51hCCyCu4XKuPPRJyd-VsKmnQBPFMhXPUr59QyNZxCd-UsyhrKFetfVqNXFW1QFpEtKJWb1u7DUf9v3Au10=.jpg
컴포즈커피 배곧테크노밸리점,티:베버리지,쌍화차,3400,진하게 우러난 쌍화차로 마음까지 데울 수 있는 따뜻한 전통차,,http://imagefarm.baemin.com/smartmenuimage/upload/image/2025/11/25/hruqVK3QYSLYQGnNX6S5PdLDfA4gupezdfW3VCN0LMXpzBf7u3fhRDo8tUmMFyj7YafGHaSdCNwL3ScpddbeO8iadFnXh9wb5yxMvpf6Tf8=.jpg
컴포즈커피 배곧테크노밸리점,티:베버리지,매실차,3400,은은하게 퍼지는 매실의 상큼하고 청량한 맛이 특징인 티 음료,,http://imagefarm.baemin.com/smartmenuimage/upload/image/2025/12/16/9hHD8yehPaft3rbnoIiViAsKb7azBYYJFMpMzNkH_7AxgO9LWBQ6M4Em6uQE7x2NTMelzs1lPIaxwMQtMQOUHGHnl_q_ZsrJyr52eeQz14o=.jpg
컴포즈커피 배곧테크노밸리점,티:베버리지,청귤생강차,4000,청귤의 상큼함과 생강의 쌉싸름한 풍미가 어우러진 따뜻한 티 음료,,http://imagefarm.baemin.com/smartmenuimage/upload/image/2025/11/25/FWmnfTtmR476F4S07H0Pbct7yO_ZeJcMKQQ4Bc6Olj3FEtoZpNC-nwaTvK-w-8Mv8b8nZHFqLY94PbzsiRndgIGWD8mYumZXfRxRNzokie4=.jpg
컴포즈커피 배곧테크노밸리점,티:베버리지,아이스티,3500,홍차에 복숭아의 달콤함을 더한 아이스티,,http://imagefarm.baemin.com/smartmenuimage/upload/image/2024/4/19/_eGl_INejshf-xijU9pFQ534XTVCJ9FNJgaR25x4jDy9heRvFNY4vmdOV0yWW8_yCtrhbl-bjNrPv4lCDhPoZ7r11qoEPVPf5b-IUHuKh3c=.jpg
컴포즈커피 배곧테크노밸리점,와플&케이크,뉴욕치즈케익,4000,진한 치즈향과 부드럽게 구워진 치즈케이크,,http://imagefarm.baemin.com/smartmenuimage/upload/image/2024/4/19/b7eE_6bRRGcz6L0Tn9_HPzskd6Urhg9bj1_YBHY6JAUovPAt5l5VZhyTIKh0cM4m2sSH_67c5ybF2lLT2cBoUCZLcwR0ebpsLZVfczmr2AA=.jpg
컴포즈커피 배곧테크노밸리점,와플&케이크,티라미수,3500,진한 커피향과 초코 향이 더해진 부드러운 케이크,,http://imagefarm.baemin.com/smartmenuimage/upload/image/2024/4/19/58JSpyXpIEdMZ3Y0BVGQT9YS7A4znNT9j1yx7BvJXVPzZ-FI0EFypXKiYRIqfr1ZT5bgrQOYiATYq8fB7ti981e40t9Joh9s1LVz-jmabhM=.jpg
컴포즈커피 배곧테크노밸리점,스낵&MD,쫄깃 분모자 떡볶이,6000,,,http://imagefarm.baemin.com/smartmenuimage/upload/image/2026/2/6/oEMN9KZDBoPFaVs5nDyJzYH-o_QXqLM987tcISTwQUGXNEh-dLVYoUEgjjtm8sKowxbAYQxgTF881U3d6OJugVg3M_g9x4H-xJ4v8VEFNTQ=.jpg
컴포즈커피 배곧테크노밸리점,스낵&MD,초코칩 블랙&화이트 쿠키,2300,,,http://imagefarm.baemin.com/smartmenuimage/upload/image/2025/12/18/-17eAe3zCoZ7M-F1TIPimoJVMwBrPJhzCEJxQEUfpQD7Fqz3CQQlXFMNLvSEGnMinMa9YG0zb46541RV9Z8qMWZJzkAtUfDGajVJO-WwnJI=.jpg
컴포즈커피 배곧테크노밸리점,스낵&MD,너츠&브라우니 큐브 쿠키,2300,,,http://imagefarm.baemin.com/smartmenuimage/upload/image/2025/12/18/txcbZd_i1-jWHSqWgsnLQ9phlwSB5WzK6O7RxkDKh6KoNGpOy9fXJivUCDCm2E8tGG6uLOm4iT5y_idcL8XGlKhZxY1qOirnDND1XDb9ubQ=.jpg
컴포즈커피 배곧테크노밸리점,스낵&MD,화이트 초코칩&마카다미아 쿠키,2300,,,http://imagefarm.baemin.com/smartmenuimage/upload/image/2025/12/18/_J3qn3FkkBHq22vh20yXZrpJoDEdGsPW72i81EIuLXfMr2GqNwn0fZQ6QppXL4cNignnWuo06gH_2evdG7vy8zsaso2tmfKULZ1YXeQPLE4=.jpg
컴포즈커피 배곧테크노밸리점,스낵&MD,더블샷 캬라멜 팝콘,1800,,,http://imagefarm.baemin.com/smartmenuimage/upload/image/2025/6/10/bSD_5r3wwoV8czJxkPvjkOV2kTK6fmOTvAr5y-KwMhOTE2twBvAF12DIHIuZ8VnaRmKh-1W8fe0dMFReZVDDsqmDYoI2g1BZlbzpkHbSbIY=.jpg
컴포즈커피 배곧테크노밸리점,베이커리,대파크림 햄샌드위치(조리)(조리),2800,,,http://imagefarm.baemin.com/smartmenuimage/upload/image/2026/2/6/UMdrmiqG8JKWklFp4fXa7UzJk22Xnb3KMMA3z-SB9ll6oKPUfKOCnUfoE9Ca02qBC2x4MguMhRPqn5mAM05fiN56JNEq3R4qd0Bmg7yIgIE=.jpg
컴포즈커피 배곧테크노밸리점,베이커리,대파크림 햄샌드위치(비조리)(비조리),2800,"비조리를 선택하실 경우, 냉동상태로 제공됩니다. 섭취 전 한글표시 사항이 적힌 감열지를 
제거하신 후, 전자레인지로 30초 조리 후 드시길 바랍니다.",,http://imagefarm.baemin.com/smartmenuimage/upload/image/2026/2/10/5artqxXcDyYlP4sey3ZqLb1kiNeptPKp7Z_H4L8MMmKKFwTSu55q0tbz7EaBHeUB1bGzh_FvAAHhLsiPKkOeFe4WI88SKBpC9Ep1AUeWyow=.jpg
컴포즈커피 배곧테크노밸리점,베이커리,치폴레 햄샌드위치(조리)(조리),2800,,,http://imagefarm.baemin.com/smartmenuimage/upload/image/2026/2/6/J5dSKb7Yn97TrhXSQkjgIp8GAnLqe0ObieulOTO86Mjp67qJLhko44VivzW44fXRM3zdZp7MLglDS1eeGuAa-wqiLFF5TTqi0-5ASg-AID0=.jpg
컴포즈커피 배곧테크노밸리점,베이커리,치폴레 햄샌드위치(비조리)(비조리),2800,"비조리를 선택하실 경우, 냉동상태로 제공됩니다. 섭취 전 한글표시 사항이 적힌 감열지를 제거하신 후, 전자레인지로 30초 조리 후 드시길 바랍니다.",,http://imagefarm.baemin.com/smartmenuimage/upload/image/2026/2/10/02_Wd1q_XgHRgoWH_wA2tIz8f5zAkb0HWHHbcG-UBQ4AKN909Gch-KJNUPWlxycL510p67Xx-7qZNhppKqtfjy3rfLWpjrnFp-53BtXVSms=.jpg
컴포즈커피 배곧테크노밸리점,베이커리,이즈니버터소금빵,3300,,,http://imagefarm.baemin.com/smartmenuimage/upload/image/2025/1/22/7wByVmDSgNH3beb9iOrIJDBWLZC6CWRopvqzWpg3jGJNgSK1nhcPgp_haFf883qFKuKNA_t7nhFsH3_OPxyRX2w4t2taiB029Bu4KD83Apc=.jpg
컴포즈커피 배곧테크노밸리점,추가 사항,에스프레소 샷 추가,500,단품 주문 불가 / 추가사항 주문 시 매장 요청란에 추가사항이 필요한 음료명을 적어주시길 부탁드립니다.,,
컴포즈커피 배곧테크노밸리점,추가 사항,디카페인 원두 변경,1000,단품 주문 불가 / 추가사항 주문 시 매장 요청란에 추가사항이 필요한 음료명을 적어주시길 부탁드립니다.,,
컴포즈커피 배곧테크노밸리점,추가 사항,디카페인 샷 추가,500,단품 주문 불가 / 추가사항 주문 시 매장 요청란에 추가사항이 필요한 음료명을 적어주시길 부탁드립니다.,,
컴포즈커피 배곧테크노밸리점,추가 사항,휘핑크림 추가,500,단품 주문 불가 / 추가사항 주문 시 매장 요청란에 추가사항이 필요한 음료명을 적어주시길 부탁드립니다.,,
컴포즈커피 배곧테크노밸리점,추가 사항,바닐라시럽 추가,500,단품 주문 불가 / 추가사항 주문 시 매장 요청란에 추가사항이 필요한 음료명을 적어주시길 부탁드립니다.,,
